id,date_raw,upc,transfer_type,number,timestamp,operation_type,from_storage,to_storage,storage
408,7/6/2022 14:22:00,000000000536,RECOUNT - Shelf,0,2022-07-06 14:22:00,COUNT,,Shelf,Shelf
390,7/2/2022 23:32:10,000000000949,RECOUNT - Cage,5,2022-07-02 23:32:10,COUNT,,Cage,Cage
389,7/2/2022 23:32:01,000000000932,RECOUNT - Cage,10,2022-07-02 23:32:01,COUNT,,Cage,Cage
388,7/2/2022 23:31:48,000000000925,RECOUNT - Cage,3,2022-07-02 23:31:48,COUNT,,Cage,Cage
387,7/2/2022 23:31:31,000000000444,RECOUNT - Cage,10,2022-07-02 23:31:31,COUNT,,Cage,Cage
386,7/2/2022 23:31:22,000000000734,RECOUNT - Cage,1,2022-07-02 23:31:22,COUNT,,Cage,Cage
385,7/2/2022 23:31:11,000000000710,RECOUNT - Cage,2,2022-07-02 23:31:11,COUNT,,Cage,Cage
384,7/2/2022 23:30:59,000000000703,RECOUNT - Cage,12,2022-07-02 23:30:59,COUNT,,Cage,Cage
383,7/2/2022 23:30:37,000000000697,RECOUNT - Cage,15,2022-07-02 23:30:37,COUNT,,Cage,Cage
382,7/2/2022 23:30:23,000000000680,RECOUNT - Cage,33,2022-07-02 23:30:23,COUNT,,Cage,Cage
381,7/2/2022 23:30:06,000000000673,RECOUNT - Cage,98,2022-07-02 23:30:06,COUNT,,Cage,Cage
380,7/2/2022 23:29:49,000000000666,RECOUNT - Cage,13,2022-07-02 23:29:49,COUNT,,Cage,Cage
379,7/2/2022 23:29:34,000000000642,RECOUNT - Cage,130,2022-07-02 23:29:34,COUNT,,Cage,Cage
378,7/2/2022 23:29:10,000000000635,RECOUNT - Cage,281,2022-07-02 23:29:10,COUNT,,Cage,Cage
377,7/2/2022 23:28:25,000000000628,RECOUNT - Cage,135,2022-07-02 23:28:25,COUNT,,Cage,Cage
376,7/2/2022 23:28:00,000000000611,RECOUNT - Cage,24,2022-07-02 23:28:00,COUNT,,Cage,Cage
375,7/2/2022 23:27:30,000000000598,RECOUNT - Cage,120,2022-07-02 23:27:30,COUNT,,Cage,Cage
374,7/2/2022 23:27:00,000000000611,RECOUNT - Shelf,0,2022-07-02 23:27:00,COUNT,,Shelf,Shelf
373,7/2/2022 23:26:46,000000000598,RECOUNT - Shelf,0,2022-07-02 23:26:46,COUNT,,Shelf,Shelf
372,7/2/2022 23:26:11,000000000611,RECOUNT - Shelf,24,2022-07-02 23:26:11,COUNT,,Shelf,Shelf
371,7/2/2022 23:25:36,000000000598,RECOUNT - Shelf,120,2022-07-02 23:25:36,COUNT,,Shelf,Shelf
370,7/2/2022 23:25:09,000000000581,RECOUNT - Shelf,80,2022-07-02 23:25:09,COUNT,,Shelf,Shelf
369,7/2/2022 23:24:42,000000000581,RECOUNT - Cage,1400,2022-07-02 23:24:42,COUNT,,Cage,Cage
368,7/2/2022 23:24:32,000000000604,RECOUNT - Cage,10,2022-07-02 23:24:32,COUNT,,Cage,Cage
367,7/2/2022 23:24:14,000000000604,RECOUNT - Shelf,1,2022-07-02 23:24:14,COUNT,,Shelf,Shelf
366,7/2/2022 23:23:41,000000000581,RECOUNT - Shelf,1,2022-07-02 23:23:41,COUNT,,Shelf,Shelf
365,7/2/2022 23:23:15,000000000604,RECOUNT - Shelf,10,2022-07-02 23:23:15,COUNT,,Shelf,Shelf
364,7/2/2022 23:23:00,000000001113,RECOUNT - Shelf,200,2022-07-02 23:23:00,COUNT,,Shelf,Shelf
363,7/2/2022 23:22:09,000000001113,RECOUNT - Cage,100,2022-07-02 23:22:09,COUNT,,Cage,Cage
362,7/2/2022 23:21:39,000000001106,RECOUNT - Cage,5,2022-07-02 23:21:39,COUNT,,Cage,Cage
361,7/2/2022 23:21:27,000000000079,RECOUNT - Cage,5,2022-07-02 23:21:27,COUNT,,Cage,Cage
360,7/2/2022 23:21:14,000000001083,RECOUNT - Cage,4,2022-07-02 23:21:14,COUNT,,Cage,Cage
359,7/2/2022 23:21:06,000000001069,RECOUNT - Cage,200,2022-07-02 23:21:06,COUNT,,Cage,Cage
358,7/2/2022 23:20:30,000000000833,RECOUNT - Cage,10,2022-07-02 23:20:30,COUNT,,Cage,Cage
357,7/2/2022 23:20:20,000000000826,RECOUNT - Cage,8,2022-07-02 23:20:20,COUNT,,Cage,Cage
356,7/2/2022 23:20:06,000000000819,RECOUNT - Cage,3,2022-07-02 23:20:06,COUNT,,Cage,Cage
355,7/2/2022 23:19:57,000000000802,RECOUNT - Cage,6,2022-07-02 23:19:57,COUNT,,Cage,Cage
354,7/2/2022 23:19:42,000000000796,RECOUNT - Cage,6,2022-07-02 23:19:42,COUNT,,Cage,Cage
353,7/2/2022 23:19:12,000000000789,RECOUNT - Cage,8,2022-07-02 23:19:12,COUNT,,Cage,Cage
352,7/2/2022 23:18:58,000000001151,RECOUNT - Cage,2,2022-07-02 23:18:58,COUNT,,Cage,Cage
349,7/2/2022 23:16:19,000000000772,RECOUNT - Cage,13,2022-07-02 23:16:19,COUNT,,Cage,Cage
348,7/2/2022 23:16:05,000000000765,RECOUNT - Cage,14,2022-07-02 23:16:05,COUNT,,Cage,Cage
347,7/2/2022 23:15:11,000000000758,RECOUNT - Cage,17,2022-07-02 23:15:11,COUNT,,Cage,Cage
346,7/2/2022 23:14:32,000000000086,RECOUNT - Cage,4,2022-07-02 23:14:32,COUNT,,Cage,Cage
345,7/2/2022 23:14:14,000000000062,RECOUNT - Cage,108,2022-07-02 23:14:14,COUNT,,Cage,Cage
344,7/2/2022 23:13:55,000000000055,RECOUNT - Cage,36,2022-07-02 23:13:55,COUNT,,Cage,Cage
343,7/2/2022 23:13:39,000000001175,RECOUNT - Cage,2,2022-07-02 23:13:39,COUNT,,Cage,Cage
342,7/2/2022 23:13:28,000000000130,RECOUNT - Cage,48,2022-07-02 23:13:28,COUNT,,Cage,Cage
341,7/2/2022 23:13:12,000000000123,RECOUNT - Cage,30,2022-07-02 23:13:12,COUNT,,Cage,Cage
340,7/2/2022 23:13:00,000000000116,RECOUNT - Cage,32,2022-07-02 23:13:00,COUNT,,Cage,Cage
339,7/2/2022 23:12:34,000000000109,RECOUNT - Cage,48,2022-07-02 23:12:34,COUNT,,Cage,Cage
338,7/2/2022 23:12:18,000000000093,RECOUNT - Cage,48,2022-07-02 23:12:18,COUNT,,Cage,Cage
335,7/2/2022 23:10:39,000000000024,RECOUNT - Cage,200,2022-07-02 23:10:39,COUNT,,Cage,Cage
334,7/2/2022 23:09:46,000000000017,RECOUNT - Cage,120,2022-07-02 23:09:46,COUNT,,Cage,Cage
333,7/2/2022 23:09:19,000000000048,RECOUNT - Cage,7,2022-07-02 23:09:19,COUNT,,Cage,Cage
332,7/2/2022 23:09:05,000000000031,RECOUNT - Cage,7,2022-07-02 23:09:05,COUNT,,Cage,Cage
331,7/2/2022 23:08:50,000000001144,RECOUNT - Cage,150,2022-07-02 23:08:50,COUNT,,Cage,Cage
330,7/2/2022 23:07:55,000000001168,RECOUNT - Cage,3,2022-07-02 23:07:55,COUNT,,Cage,Cage
329,7/2/2022 23:07:34,000000001052,RECOUNT - Cage,25,2022-07-02 23:07:34,COUNT,,Cage,Cage
328,7/2/2022 23:07:22,000000001014,RECOUNT - Cage,14,2022-07-02 23:07:22,COUNT,,Cage,Cage
327,7/2/2022 23:07:13,000000001021,RECOUNT - Cage,8,2022-07-02 23:07:13,COUNT,,Cage,Cage
326,7/2/2022 23:07:04,000000001014,RECOUNT - Cage,17,2022-07-02 23:07:04,COUNT,,Cage,Cage
325,7/2/2022 23:06:47,000000000901,RECOUNT - Cage,9,2022-07-02 23:06:47,COUNT,,Cage,Cage
324,7/2/2022 23:05:20,000000000918,RECOUNT - Cage,4,2022-07-02 23:05:20,COUNT,,Cage,Cage
323,7/2/2022 23:05:10,000000000895,RECOUNT - Cage,1,2022-07-02 23:05:10,COUNT,,Cage,Cage
322,7/2/2022 23:05:02,000000000888,RECOUNT - Cage,8,2022-07-02 23:05:02,COUNT,,Cage,Cage
321,7/2/2022 23:04:43,000000000871,RECOUNT - Cage,2,2022-07-02 23:04:43,COUNT,,Cage,Cage
320,7/2/2022 23:04:25,000000000864,RECOUNT - Cage,9,2022-07-02 23:04:25,COUNT,,Cage,Cage
319,7/2/2022 23:04:14,000000000857,RECOUNT - Cage,2,2022-07-02 23:04:14,COUNT,,Cage,Cage
318,7/2/2022 23:03:39,000000001007,RECOUNT - Cage,2,2022-07-02 23:03:39,COUNT,,Cage,Cage
317,7/2/2022 23:03:29,000000000994,RECOUNT - Cage,1,2022-07-02 23:03:29,COUNT,,Cage,Cage
316,7/2/2022 23:02:21,000000000987,RECOUNT - Cage,2,2022-07-02 23:02:21,COUNT,,Cage,Cage
315,7/2/2022 23:02:11,000000000970,RECOUNT - Cage,5,2022-07-02 23:02:11,COUNT,,Cage,Cage
314,7/2/2022 23:01:21,000000000536,RECOUNT - Cage,4,2022-07-02 23:01:21,COUNT,,Cage,Cage
313,7/2/2022 23:00:57,000000000468,RECOUNT - Cage,2,2022-07-02 23:00:57,COUNT,,Cage,Cage
312,7/2/2022 23:00:50,000000000475,RECOUNT - Cage,8,2022-07-02 23:00:50,COUNT,,Cage,Cage
311,7/2/2022 23:00:42,000000000482,RECOUNT - Cage,8,2022-07-02 23:00:42,COUNT,,Cage,Cage
310,7/2/2022 23:00:32,000000000499,RECOUNT - Cage,4,2022-07-02 23:00:32,COUNT,,Cage,Cage
309,7/2/2022 23:00:18,000000000505,RECOUNT - Cage,6,2022-07-02 23:00:18,COUNT,,Cage,Cage
308,7/2/2022 23:00:11,000000000512,RECOUNT - Cage,11,2022-07-02 23:00:11,COUNT,,Cage,Cage
307,7/2/2022 22:59:49,000000000321,RECOUNT - Cage,26,2022-07-02 22:59:49,COUNT,,Cage,Cage
306,7/2/2022 22:59:40,000000000314,RECOUNT - Cage,9,2022-07-02 22:59:40,COUNT,,Cage,Cage
305,7/2/2022 22:59:17,000000000307,RECOUNT - Cage,6,2022-07-02 22:59:17,COUNT,,Cage,Cage
304,7/2/2022 22:59:04,000000000291,RECOUNT - Cage,2,2022-07-02 22:59:04,COUNT,,Cage,Cage
303,7/2/2022 22:58:55,000000000284,RECOUNT - Cage,10,2022-07-02 22:58:55,COUNT,,Cage,Cage
302,7/2/2022 22:58:43,000000000277,RECOUNT - Cage,3,2022-07-02 22:58:43,COUNT,,Cage,Cage
301,7/2/2022 22:58:35,000000000260,RECOUNT - Cage,3,2022-07-02 22:58:35,COUNT,,Cage,Cage
300,7/2/2022 22:58:23,000000000253,RECOUNT - Cage,7,2022-07-02 22:58:23,COUNT,,Cage,Cage
299,7/2/2022 22:58:10,000000000246,RECOUNT - Cage,5,2022-07-02 22:58:10,COUNT,,Cage,Cage
298,7/2/2022 22:58:07,000000000246,RECOUNT - Cage,5,2022-07-02 22:58:07,COUNT,,Cage,Cage
297,7/2/2022 22:57:56,000000000239,RECOUNT - Cage,8,2022-07-02 22:57:56,COUNT,,Cage,Cage
296,7/2/2022 22:55:22,000000000222,RECOUNT - Cage,8,2022-07-02 22:55:22,COUNT,,Cage,Cage
295,7/2/2022 22:55:08,000000000215,RECOUNT - Cage,15,2022-07-02 22:55:08,COUNT,,Cage,Cage
294,7/2/2022 22:54:58,000000000208,RECOUNT - Cage,12,2022-07-02 22:54:58,COUNT,,Cage,Cage
293,7/2/2022 22:54:45,000000000192,RECOUNT - Cage,1,2022-07-02 22:54:45,COUNT,,Cage,Cage
292,7/2/2022 22:54:37,000000000185,RECOUNT - Cage,12,2022-07-02 22:54:37,COUNT,,Cage,Cage
291,7/2/2022 22:54:29,000000000178,RECOUNT - Cage,5,2022-07-02 22:54:29,COUNT,,Cage,Cage
290,7/2/2022 22:54:21,000000000161,RECOUNT - Cage,15,2022-07-02 22:54:21,COUNT,,Cage,Cage
289,7/2/2022 22:54:09,000000000154,RECOUNT - Cage,5,2022-07-02 22:54:09,COUNT,,Cage,Cage
288,7/2/2022 22:54:01,000000000147,RECOUNT - Cage,10,2022-07-02 22:54:01,COUNT,,Cage,Cage
287,7/2/2022 22:53:42,000000000420,RECOUNT - Cage,10,2022-07-02 22:53:42,COUNT,,Cage,Cage
286,7/2/2022 22:53:32,000000000413,RECOUNT - Cage,10,2022-07-02 22:53:32,COUNT,,Cage,Cage
285,7/2/2022 22:53:07,000000000406,RECOUNT - Cage,2,2022-07-02 22:53:07,COUNT,,Cage,Cage
284,7/2/2022 22:52:59,000000000390,RECOUNT - Cage,6,2022-07-02 22:52:59,COUNT,,Cage,Cage
283,7/2/2022 22:52:51,000000000383,RECOUNT - Cage,7,2022-07-02 22:52:51,COUNT,,Cage,Cage
282,7/2/2022 22:52:39,000000000376,RECOUNT - Cage,24,2022-07-02 22:52:39,COUNT,,Cage,Cage
281,7/2/2022 22:52:24,000000000369,RECOUNT - Cage,21,2022-07-02 22:52:24,COUNT,,Cage,Cage
280,7/2/2022 22:51:32,000000000352,RECOUNT - Cage,20,2022-07-02 22:51:32,COUNT,,Cage,Cage
279,7/2/2022 22:51:06,000000000345,RECOUNT - Cage,7,2022-07-02 22:51:06,COUNT,,Cage,Cage
278,7/2/2022 22:50:45,000000000338,RECOUNT - Cage,34,2022-07-02 22:50:45,COUNT,,Cage,Cage
277,7/2/2022 22:30:15,000000000543,RECOUNT - Shelf,24,2022-07-02 22:30:15,COUNT,,Shelf,Shelf
276,7/2/2022 22:29:59,000000000550,RECOUNT - Shelf,12,2022-07-02 22:29:59,COUNT,,Shelf,Shelf
275,7/2/2022 22:29:27,000000000567,RECOUNT - Shelf,15,2022-07-02 22:29:27,COUNT,,Shelf,Shelf
274,7/2/2022 22:29:10,000000000574,RECOUNT - Shelf,13,2022-07-02 22:29:10,COUNT,,Shelf,Shelf
273,7/2/2022 22:27:57,000000001144,RECOUNT - Shelf,198,2022-07-02 22:27:57,COUNT,,Shelf,Shelf
272,7/2/2022 22:26:07,000000001090,RECOUNT - Shelf,1,2022-07-02 22:26:07,COUNT,,Shelf,Shelf
271,7/2/2022 22:25:46,000000000697,RECOUNT - Shelf,1,2022-07-02 22:25:46,COUNT,,Shelf,Shelf
270,7/2/2022 22:25:37,000000001168,RECOUNT - Shelf,1,2022-07-02 22:25:37,COUNT,,Shelf,Shelf
269,7/2/2022 22:25:31,000000001151,RECOUNT - Shelf,2,2022-07-02 22:25:31,COUNT,,Shelf,Shelf
268,7/2/2022 22:25:29,000000001151,RECOUNT - Shelf,2,2022-07-02 22:25:29,COUNT,,Shelf,Shelf
267,7/2/2022 22:24:57,000000000758,RECOUNT - Shelf,4,2022-07-02 22:24:57,COUNT,,Shelf,Shelf
266,7/2/2022 22:24:42,000000000741,RECOUNT - Shelf,9,2022-07-02 22:24:42,COUNT,,Shelf,Shelf
265,7/2/2022 22:24:14,000000000772,RECOUNT - Shelf,3,2022-07-02 22:24:14,COUNT,,Shelf,Shelf
264,7/2/2022 22:24:05,000000000765,RECOUNT - Shelf,3,2022-07-02 22:24:05,COUNT,,Shelf,Shelf
263,7/2/2022 22:23:49,000000000581,RECOUNT - Shelf,80,2022-07-02 22:23:49,COUNT,,Shelf,Shelf
262,7/2/2022 22:23:22,000000000628,RECOUNT - Shelf,15,2022-07-02 22:23:22,COUNT,,Shelf,Shelf
261,7/2/2022 22:23:13,000000000635,RECOUNT - Shelf,8,2022-07-02 22:23:13,COUNT,,Shelf,Shelf
260,7/2/2022 22:22:59,000000000604,RECOUNT - Shelf,1,2022-07-02 22:22:59,COUNT,,Shelf,Shelf
259,7/2/2022 22:22:45,000000000642,RECOUNT - Shelf,60,2022-07-02 22:22:45,COUNT,,Shelf,Shelf
258,7/2/2022 22:21:45,000000000482,RECOUNT - Shelf,3,2022-07-02 22:21:45,COUNT,,Shelf,Shelf
257,7/2/2022 22:21:36,000000000505,RECOUNT - Shelf,4,2022-07-02 22:21:36,COUNT,,Shelf,Shelf
256,7/2/2022 22:21:24,000000000505,RECOUNT - Shelf,3,2022-07-02 22:21:24,COUNT,,Shelf,Shelf
255,7/2/2022 22:21:12,000000000505,RECOUNT - Shelf,1,2022-07-02 22:21:12,COUNT,,Shelf,Shelf
254,7/2/2022 22:20:59,000000000475,RECOUNT - Shelf,1,2022-07-02 22:20:59,COUNT,,Shelf,Shelf
253,7/2/2022 22:20:53,000000000468,RECOUNT - Shelf,9,2022-07-02 22:20:53,COUNT,,Shelf,Shelf
252,7/2/2022 22:20:27,000000000499,RECOUNT - Shelf,1,2022-07-02 22:20:27,COUNT,,Shelf,Shelf
251,7/2/2022 22:20:15,000000000512,RECOUNT - Shelf,4,2022-07-02 22:20:15,COUNT,,Shelf,Shelf
250,7/2/2022 22:19:31,000000000529,RECOUNT - Shelf,25,2022-07-02 22:19:31,COUNT,,Shelf,Shelf
249,7/2/2022 22:16:45,000000000536,RECOUNT - Shelf,1,2022-07-02 22:16:45,COUNT,,Shelf,Shelf
248,7/2/2022 22:16:30,000000000451,RECOUNT - Shelf,1,2022-07-02 22:16:30,COUNT,,Shelf,Shelf
247,7/2/2022 22:15:57,000000001120,RECOUNT - Shelf,19,2022-07-02 22:15:57,COUNT,,Shelf,Shelf
246,7/2/2022 22:15:32,000000001137,RECOUNT - Shelf,10,2022-07-02 22:15:32,COUNT,,Shelf,Shelf
245,7/2/2022 22:14:13,000000000062,RECOUNT - Shelf,23,2022-07-02 22:14:13,COUNT,,Shelf,Shelf
244,7/2/2022 22:13:13,000000000055,RECOUNT - Shelf,6,2022-07-02 22:13:13,COUNT,,Shelf,Shelf
243,7/2/2022 22:13:00,000000000024,RECOUNT - Shelf,35,2022-07-02 22:13:00,COUNT,,Shelf,Shelf
242,7/2/2022 22:12:22,000000000017,RECOUNT - Shelf,20,2022-07-02 22:12:22,COUNT,,Shelf,Shelf
241,7/2/2022 22:11:49,000000000970,RECOUNT - Shelf,2,2022-07-02 22:11:49,COUNT,,Shelf,Shelf
240,7/2/2022 22:11:33,000000001113,RECOUNT - Shelf,2,2022-07-02 22:11:33,COUNT,,Shelf,Shelf
239,7/2/2022 22:11:24,000000000000,RECOUNT - Shelf,3,2022-07-02 22:11:24,COUNT,,Shelf,Shelf
238,7/2/2022 22:11:15,000000000086,RECOUNT - Shelf,1,2022-07-02 22:11:15,COUNT,,Shelf,Shelf
237,7/2/2022 22:11:02,000000000413,RECOUNT - Shelf,7,2022-07-02 22:11:02,COUNT,,Shelf,Shelf
236,7/2/2022 22:10:26,000000000406,RECOUNT - Shelf,4,2022-07-02 22:10:26,COUNT,,Shelf,Shelf
235,7/2/2022 22:09:20,000000000420,RECOUNT - Shelf,5,2022-07-02 22:09:20,COUNT,,Shelf,Shelf
234,7/2/2022 22:09:04,000000000383,RECOUNT - Shelf,2,2022-07-02 22:09:04,COUNT,,Shelf,Shelf
233,7/2/2022 22:08:32,000000000215,RECOUNT - Shelf,4,2022-07-02 22:08:32,COUNT,,Shelf,Shelf
232,7/2/2022 22:08:20,000000000208,RECOUNT - Shelf,4,2022-07-02 22:08:20,COUNT,,Shelf,Shelf
231,7/2/2022 22:08:03,000000000192,RECOUNT - Shelf,3,2022-07-02 22:08:03,COUNT,,Shelf,Shelf
230,7/2/2022 22:07:51,000000000185,RECOUNT - Shelf,5,2022-07-02 22:07:51,COUNT,,Shelf,Shelf
229,7/2/2022 22:07:35,000000000178,RECOUNT - Shelf,4,2022-07-02 22:07:35,COUNT,,Shelf,Shelf
228,7/2/2022 22:07:24,000000000161,RECOUNT - Shelf,4,2022-07-02 22:07:24,COUNT,,Shelf,Shelf
227,7/2/2022 22:07:08,000000000154,RECOUNT - Shelf,5,2022-07-02 22:07:08,COUNT,,Shelf,Shelf
226,7/2/2022 22:06:54,000000000147,RECOUNT - Shelf,4,2022-07-02 22:06:54,COUNT,,Shelf,Shelf
225,7/2/2022 22:06:25,000000000314,RECOUNT - Shelf,6,2022-07-02 22:06:25,COUNT,,Shelf,Shelf
224,7/2/2022 22:06:01,000000000307,RECOUNT - Shelf,3,2022-07-02 22:06:01,COUNT,,Shelf,Shelf
223,7/2/2022 22:05:41,000000000291,RECOUNT - Shelf,6,2022-07-02 22:05:41,COUNT,,Shelf,Shelf
222,7/2/2022 22:05:11,000000000284,RECOUNT - Shelf,5,2022-07-02 22:05:11,COUNT,,Shelf,Shelf
221,7/2/2022 22:05:02,000000000277,RECOUNT - Shelf,1,2022-07-02 22:05:02,COUNT,,Shelf,Shelf
220,7/2/2022 22:04:32,000000000260,RECOUNT - Shelf,5,2022-07-02 22:04:32,COUNT,,Shelf,Shelf
219,7/2/2022 22:04:10,000000000253,RECOUNT - Shelf,5,2022-07-02 22:04:10,COUNT,,Shelf,Shelf
218,7/2/2022 22:03:51,000000000246,RECOUNT - Shelf,3,2022-07-02 22:03:51,COUNT,,Shelf,Shelf
217,7/2/2022 22:03:30,000000000239,RECOUNT - Shelf,3,2022-07-02 22:03:30,COUNT,,Shelf,Shelf
216,7/2/2022 22:03:12,000000000321,RECOUNT - Shelf,10,2022-07-02 22:03:12,COUNT,,Shelf,Shelf
215,7/2/2022 22:02:49,000000000123,RECOUNT - Shelf,2,2022-07-02 22:02:49,COUNT,,Shelf,Shelf
214,7/2/2022 22:02:26,000000000840,RECOUNT - Shelf,6,2022-07-02 22:02:26,COUNT,,Shelf,Shelf
213,7/2/2022 22:02:13,000000000789,RECOUNT - Shelf,2,2022-07-02 22:02:13,COUNT,,Shelf,Shelf
212,7/2/2022 22:01:45,000000001069,RECOUNT - Shelf,24,2022-07-02 22:01:45,COUNT,,Shelf,Shelf
211,7/2/2022 22:01:12,000000000963,RECOUNT - Shelf,1,2022-07-02 22:01:12,COUNT,,Shelf,Shelf
210,7/2/2022 22:01:02,000000001083,RECOUNT - Shelf,2,2022-07-02 22:01:02,COUNT,,Shelf,Shelf
209,7/2/2022 22:00:42,000000001014,RECOUNT - Shelf,5,2022-07-02 22:00:42,COUNT,,Shelf,Shelf
208,7/2/2022 22:00:18,000000000345,RECOUNT - Shelf,5,2022-07-02 22:00:18,COUNT,,Shelf,Shelf
207,7/2/2022 21:59:56,000000000376,RECOUNT - Shelf,18,2022-07-02 21:59:56,COUNT,,Shelf,Shelf
206,7/2/2022 21:59:09,000000000345,RECOUNT - Shelf,4,2022-07-02 21:59:09,COUNT,,Shelf,Shelf
205,7/2/2022 21:55:31,000000000369,RECOUNT - Shelf,6,2022-07-02 21:55:31,COUNT,,Shelf,Shelf
204,7/2/2022 21:55:13,000000000338,RECOUNT - Shelf,3,2022-07-02 21:55:13,COUNT,,Shelf,Shelf
409,12/23/2022 1:36:29,000000000000,RECOUNT - Cage,31,2022-12-23 01:36:29,COUNT,,Cage,Cage
410,12/23/2022 1:36:29,000000000017,RECOUNT - Cage,39,2022-12-23 01:36:29,COUNT,,Cage,Cage
411,12/23/2022 1:36:29,000000000024,RECOUNT - Cage,244,2022-12-23 01:36:29,COUNT,,Cage,Cage
412,12/23/2022 1:36:29,000000000031,RECOUNT - Cage,13,2022-12-23 01:36:29,COUNT,,Cage,Cage
413,12/23/2022 1:36:29,000000000048,RECOUNT - Cage,2,2022-12-23 01:36:29,COUNT,,Cage,Cage
414,12/23/2022 1:36:29,000000000055,RECOUNT - Cage,60,2022-12-23 01:36:29,COUNT,,Cage,Cage
415,12/23/2022 1:36:29,000000000062,RECOUNT - Cage,72,2022-12-23 01:36:29,COUNT,,Cage,Cage
416,12/23/2022 1:36:29,000000000079,RECOUNT - Cage,5,2022-12-23 01:36:29,COUNT,,Cage,Cage
417,12/23/2022 1:36:29,000000000086,RECOUNT - Cage,3,2022-12-23 01:36:29,COUNT,,Cage,Cage
418,12/23/2022 1:36:29,000000000093,RECOUNT - Cage,42,2022-12-23 01:36:29,COUNT,,Cage,Cage
419,12/23/2022 1:36:29,000000000109,RECOUNT - Cage,46,2022-12-23 01:36:29,COUNT,,Cage,Cage
420,12/23/2022 1:36:29,000000000116,RECOUNT - Cage,28,2022-12-23 01:36:29,COUNT,,Cage,Cage
421,12/23/2022 1:36:29,000000000123,RECOUNT - Cage,30,2022-12-23 01:36:29,COUNT,,Cage,Cage
422,12/23/2022 1:36:29,000000000130,RECOUNT - Cage,48,2022-12-23 01:36:29,COUNT,,Cage,Cage
423,12/23/2022 1:36:29,000000000147,RECOUNT - Cage,10,2022-12-23 01:36:29,COUNT,,Cage,Cage
424,12/23/2022 1:36:29,000000000154,RECOUNT - Cage,5,2022-12-23 01:36:29,COUNT,,Cage,Cage
425,12/23/2022 1:36:29,000000000161,RECOUNT - Cage,15,2022-12-23 01:36:29,COUNT,,Cage,Cage
426,12/23/2022 1:36:29,000000000178,RECOUNT - Cage,5,2022-12-23 01:36:29,COUNT,,Cage,Cage
427,12/23/2022 1:36:29,000000000185,RECOUNT - Cage,14,2022-12-23 01:36:29,COUNT,,Cage,Cage
428,12/23/2022 1:36:29,000000000192,RECOUNT - Cage,8,2022-12-23 01:36:29,COUNT,,Cage,Cage
429,12/23/2022 1:36:29,000000000208,RECOUNT - Cage,10,2022-12-23 01:36:29,COUNT,,Cage,Cage
430,12/23/2022 1:36:29,000000000215,RECOUNT - Cage,14,2022-12-23 01:36:29,COUNT,,Cage,Cage
431,12/23/2022 1:36:29,000000000222,RECOUNT - Cage,8,2022-12-23 01:36:29,COUNT,,Cage,Cage
432,12/23/2022 1:36:29,000000000239,RECOUNT - Cage,10,2022-12-23 01:36:29,COUNT,,Cage,Cage
433,12/23/2022 1:36:29,000000000246,RECOUNT - Cage,7,2022-12-23 01:36:29,COUNT,,Cage,Cage
434,12/23/2022 1:36:29,000000000253,RECOUNT - Cage,10,2022-12-23 01:36:29,COUNT,,Cage,Cage
435,12/23/2022 1:36:29,000000000260,RECOUNT - Cage,11,2022-12-23 01:36:29,COUNT,,Cage,Cage
436,12/23/2022 1:36:29,000000000277,RECOUNT - Cage,8,2022-12-23 01:36:29,COUNT,,Cage,Cage
437,12/23/2022 1:36:29,000000000284,RECOUNT - Cage,10,2022-12-23 01:36:29,COUNT,,Cage,Cage
438,12/23/2022 1:36:29,000000000291,RECOUNT - Cage,12,2022-12-23 01:36:29,COUNT,,Cage,Cage
439,12/23/2022 1:36:29,000000000307,RECOUNT - Cage,8,2022-12-23 01:36:29,COUNT,,Cage,Cage
440,12/23/2022 1:36:29,000000000314,RECOUNT - Cage,14,2022-12-23 01:36:29,COUNT,,Cage,Cage
441,12/23/2022 1:36:29,000000000321,RECOUNT - Cage,94,2022-12-23 01:36:29,COUNT,,Cage,Cage
442,12/23/2022 1:36:29,000000000338,RECOUNT - Cage,83,2022-12-23 01:36:29,COUNT,,Cage,Cage
443,12/23/2022 1:36:29,000000000345,RECOUNT - Cage,78,2022-12-23 01:36:29,COUNT,,Cage,Cage
444,12/23/2022 1:36:29,000000000352,RECOUNT - Cage,20,2022-12-23 01:36:29,COUNT,,Cage,Cage
445,12/23/2022 1:36:29,000000000369,RECOUNT - Cage,90,2022-12-23 01:36:29,COUNT,,Cage,Cage
446,12/23/2022 1:36:29,000000000376,RECOUNT - Cage,41,2022-12-23 01:36:29,COUNT,,Cage,Cage
447,12/23/2022 1:36:29,000000000383,RECOUNT - Cage,15,2022-12-23 01:36:29,COUNT,,Cage,Cage
448,12/23/2022 1:36:29,000000000390,RECOUNT - Cage,14,2022-12-23 01:36:29,COUNT,,Cage,Cage
449,12/23/2022 1:36:29,000000000406,RECOUNT - Cage,2,2022-12-23 01:36:29,COUNT,,Cage,Cage
450,12/23/2022 1:36:29,000000000413,RECOUNT - Cage,10,2022-12-23 01:36:29,COUNT,,Cage,Cage
451,12/23/2022 1:36:29,000000000420,RECOUNT - Cage,10,2022-12-23 01:36:29,COUNT,,Cage,Cage
452,12/23/2022 1:36:29,000000000437,RECOUNT - Cage,3,2022-12-23 01:36:29,COUNT,,Cage,Cage
453,12/23/2022 1:36:29,000000000444,RECOUNT - Cage,10,2022-12-23 01:36:29,COUNT,,Cage,Cage
454,12/23/2022 1:36:29,000000000451,RECOUNT - Cage,25,2022-12-23 01:36:29,COUNT,,Cage,Cage
455,12/23/2022 1:36:29,000000000468,RECOUNT - Cage,2,2022-12-23 01:36:29,COUNT,,Cage,Cage
456,12/23/2022 1:36:29,000000000475,RECOUNT - Cage,14,2022-12-23 01:36:29,COUNT,,Cage,Cage
457,12/23/2022 1:36:29,000000000482,RECOUNT - Cage,8,2022-12-23 01:36:29,COUNT,,Cage,Cage
458,12/23/2022 1:36:29,000000000499,RECOUNT - Cage,14,2022-12-23 01:36:29,COUNT,,Cage,Cage
459,12/23/2022 1:36:29,000000000505,RECOUNT - Cage,6,2022-12-23 01:36:29,COUNT,,Cage,Cage
460,12/23/2022 1:36:29,000000000512,RECOUNT - Cage,11,2022-12-23 01:36:29,COUNT,,Cage,Cage
461,12/23/2022 1:36:29,000000000529,RECOUNT - Cage,0,2022-12-23 01:36:29,COUNT,,Cage,Cage
462,12/23/2022 1:36:29,000000000536,RECOUNT - Cage,20,2022-12-23 01:36:29,COUNT,,Cage,Cage
463,12/23/2022 1:36:29,000000000543,RECOUNT - Cage,12,2022-12-23 01:36:29,COUNT,,Cage,Cage
464,12/23/2022 1:36:29,000000000550,RECOUNT - Cage,24,2022-12-23 01:36:29,COUNT,,Cage,Cage
465,12/23/2022 1:36:29,000000000567,RECOUNT - Cage,17,2022-12-23 01:36:29,COUNT,,Cage,Cage
466,12/23/2022 1:36:29,000000000574,RECOUNT - Cage,20,2022-12-23 01:36:29,COUNT,,Cage,Cage
467,12/23/2022 1:36:29,000000000581,RECOUNT - Cage,1210,2022-12-23 01:36:29,COUNT,,Cage,Cage
468,12/23/2022 1:36:29,000000000598,RECOUNT - Cage,185,2022-12-23 01:36:29,COUNT,,Cage,Cage
469,12/23/2022 1:36:29,000000000604,RECOUNT - Cage,10,2022-12-23 01:36:29,COUNT,,Cage,Cage
470,12/23/2022 1:36:29,000000000611,RECOUNT - Cage,24,2022-12-23 01:36:29,COUNT,,Cage,Cage
471,12/23/2022 1:36:29,000000000628,RECOUNT - Cage,135,2022-12-23 01:36:29,COUNT,,Cage,Cage
472,12/23/2022 1:36:29,000000000635,RECOUNT - Cage,281,2022-12-23 01:36:29,COUNT,,Cage,Cage
473,12/23/2022 1:36:29,000000000642,RECOUNT - Cage,130,2022-12-23 01:36:29,COUNT,,Cage,Cage
474,12/23/2022 1:36:29,000000000666,RECOUNT - Cage,13,2022-12-23 01:36:29,COUNT,,Cage,Cage
475,12/23/2022 1:36:29,000000000673,RECOUNT - Cage,98,2022-12-23 01:36:29,COUNT,,Cage,Cage
476,12/23/2022 1:36:29,000000000680,RECOUNT - Cage,33,2022-12-23 01:36:29,COUNT,,Cage,Cage
477,12/23/2022 1:36:29,000000000697,RECOUNT - Cage,15,2022-12-23 01:36:29,COUNT,,Cage,Cage
478,12/23/2022 1:36:29,000000000703,RECOUNT - Cage,12,2022-12-23 01:36:29,COUNT,,Cage,Cage
479,12/23/2022 1:36:29,000000000710,RECOUNT - Cage,5,2022-12-23 01:36:29,COUNT,,Cage,Cage
480,12/23/2022 1:36:29,000000000727,RECOUNT - Cage,0,2022-12-23 01:36:29,COUNT,,Cage,Cage
481,12/23/2022 1:36:29,000000000734,RECOUNT - Cage,8,2022-12-23 01:36:29,COUNT,,Cage,Cage
482,12/23/2022 1:36:29,000000000741,RECOUNT - Cage,23,2022-12-23 01:36:29,COUNT,,Cage,Cage
483,12/23/2022 1:36:29,000000000758,RECOUNT - Cage,17,2022-12-23 01:36:29,COUNT,,Cage,Cage
484,12/23/2022 1:36:29,000000000765,RECOUNT - Cage,14,2022-12-23 01:36:29,COUNT,,Cage,Cage
485,12/23/2022 1:36:29,000000000772,RECOUNT - Cage,13,2022-12-23 01:36:29,COUNT,,Cage,Cage
486,12/23/2022 1:36:29,000000000789,RECOUNT - Cage,10,2022-12-23 01:36:29,COUNT,,Cage,Cage
487,12/23/2022 1:36:29,000000000796,RECOUNT - Cage,6,2022-12-23 01:36:29,COUNT,,Cage,Cage
488,12/23/2022 1:36:29,000000000802,RECOUNT - Cage,6,2022-12-23 01:36:29,COUNT,,Cage,Cage
489,12/23/2022 1:36:29,000000000819,RECOUNT - Cage,8,2022-12-23 01:36:29,COUNT,,Cage,Cage
490,12/23/2022 1:36:29,000000000826,RECOUNT - Cage,8,2022-12-23 01:36:29,COUNT,,Cage,Cage
491,12/23/2022 1:36:29,000000000833,RECOUNT - Cage,10,2022-12-23 01:36:29,COUNT,,Cage,Cage
492,12/23/2022 1:36:29,000000000840,RECOUNT - Cage,24,2022-12-23 01:36:29,COUNT,,Cage,Cage
493,12/23/2022 1:36:29,000000000857,RECOUNT - Cage,4,2022-12-23 01:36:29,COUNT,,Cage,Cage
494,12/23/2022 1:36:29,000000000864,RECOUNT - Cage,9,2022-12-23 01:36:29,COUNT,,Cage,Cage
495,12/23/2022 1:36:29,000000000871,RECOUNT - Cage,2,2022-12-23 01:36:29,COUNT,,Cage,Cage
496,12/23/2022 1:36:29,000000000888,RECOUNT - Cage,8,2022-12-23 01:36:29,COUNT,,Cage,Cage
497,12/23/2022 1:36:29,000000000895,RECOUNT - Cage,1,2022-12-23 01:36:29,COUNT,,Cage,Cage
498,12/23/2022 1:36:29,000000000901,RECOUNT - Cage,7,2022-12-23 01:36:29,COUNT,,Cage,Cage
499,12/23/2022 1:36:29,000000000918,RECOUNT - Cage,5,2022-12-23 01:36:29,COUNT,,Cage,Cage
500,12/23/2022 1:36:29,000000000925,RECOUNT - Cage,2,2022-12-23 01:36:29,COUNT,,Cage,Cage
501,12/23/2022 1:36:29,000000000932,RECOUNT - Cage,2,2022-12-23 01:36:29,COUNT,,Cage,Cage
502,12/23/2022 1:36:29,000000000949,RECOUNT - Cage,2,2022-12-23 01:36:29,COUNT,,Cage,Cage
503,12/23/2022 1:36:29,000000000956,RECOUNT - Cage,21,2022-12-23 01:36:29,COUNT,,Cage,Cage
504,12/23/2022 1:36:29,000000000963,RECOUNT - Cage,4,2022-12-23 01:36:29,COUNT,,Cage,Cage
505,12/23/2022 1:36:29,000000000970,RECOUNT - Cage,8,2022-12-23 01:36:29,COUNT,,Cage,Cage
506,12/23/2022 1:36:29,000000000987,RECOUNT - Cage,2,2022-12-23 01:36:29,COUNT,,Cage,Cage
507,12/23/2022 1:36:29,000000000994,RECOUNT - Cage,1,2022-12-23 01:36:29,COUNT,,Cage,Cage
508,12/23/2022 1:36:29,000000001007,RECOUNT - Cage,3,2022-12-23 01:36:29,COUNT,,Cage,Cage
509,12/23/2022 1:36:29,000000001014,RECOUNT - Cage,13,2022-12-23 01:36:29,COUNT,,Cage,Cage
510,12/23/2022 1:36:29,000000001021,RECOUNT - Cage,6,2022-12-23 01:36:29,COUNT,,Cage,Cage
511,12/23/2022 1:36:29,000000001038,RECOUNT - Cage,0,2022-12-23 01:36:29,COUNT,,Cage,Cage
512,12/23/2022 1:36:29,000000001045,RECOUNT - Cage,9,2022-12-23 01:36:29,COUNT,,Cage,Cage
513,12/23/2022 1:36:29,000000001052,RECOUNT - Cage,25,2022-12-23 01:36:29,COUNT,,Cage,Cage
514,12/23/2022 1:36:29,000000001069,RECOUNT - Cage,200,2022-12-23 01:36:29,COUNT,,Cage,Cage
515,12/23/2022 1:36:29,000000001083,RECOUNT - Cage,24,2022-12-23 01:36:29,COUNT,,Cage,Cage
516,12/23/2022 1:36:29,000000001090,RECOUNT - Cage,28,2022-12-23 01:36:29,COUNT,,Cage,Cage
517,12/23/2022 1:36:29,000000001106,RECOUNT - Cage,5,2022-12-23 01:36:29,COUNT,,Cage,Cage
518,12/23/2022 1:36:29,000000001113,RECOUNT - Cage,150,2022-12-23 01:36:29,COUNT,,Cage,Cage
519,12/23/2022 1:36:29,000000001120,RECOUNT - Cage,48,2022-12-23 01:36:29,COUNT,,Cage,Cage
520,12/23/2022 1:36:29,000000001137,RECOUNT - Cage,41,2022-12-23 01:36:29,COUNT,,Cage,Cage
521,12/23/2022 1:36:29,000000001144,RECOUNT - Cage,150,2022-12-23 01:36:29,COUNT,,Cage,Cage
522,12/23/2022 1:36:29,000000001151,RECOUNT - Cage,5,2022-12-23 01:36:29,COUNT,,Cage,Cage
523,12/23/2022 1:36:29,000000001168,RECOUNT - Cage,3,2022-12-23 01:36:29,COUNT,,Cage,Cage
524,12/23/2022 1:36:29,000000001175,RECOUNT - Cage,6,2022-12-23 01:36:29,COUNT,,Cage,Cage
525,12/23/2022 1:36:29,000000000000,RECOUNT - Shelf,3,2022-12-23 01:36:29,COUNT,,Shelf,Shelf
526,12/23/2022 1:36:29,000000000017,RECOUNT - Shelf,34,2022-12-23 01:36:29,COUNT,,Shelf,Shelf
527,12/23/2022 1:36:29,000000000024,RECOUNT - Shelf,185,2022-12-23 01:36:29,COUNT,,Shelf,Shelf
528,12/23/2022 1:36:29,000000000031,RECOUNT - Shelf,3,2022-12-23 01:36:29,COUNT,,Shelf,Shelf
529,12/23/2022 1:36:29,000000000048,RECOUNT - Shelf,0,2022-12-23 01:36:29,COUNT,,Shelf,Shelf
530,12/23/2022 1:36:29,000000000055,RECOUNT - Shelf,32,2022-12-23 01:36:29,COUNT,,Shelf,Shelf
531,12/23/2022 1:36:29,000000000062,RECOUNT - Shelf,22,2022-12-23 01:36:29,COUNT,,Shelf,Shelf
532,12/23/2022 1:36:29,000000000079,RECOUNT - Shelf,0,2022-12-23 01:36:29,COUNT,,Shelf,Shelf
533,12/23/2022 1:36:29,000000000086,RECOUNT - Shelf,2,2022-12-23 01:36:29,COUNT,,Shelf,Shelf
534,12/23/2022 1:36:29,000000000093,RECOUNT - Shelf,3,2022-12-23 01:36:29,COUNT,,Shelf,Shelf
535,12/23/2022 1:36:29,000000000109,RECOUNT - Shelf,2,2022-12-23 01:36:29,COUNT,,Shelf,Shelf
536,12/23/2022 1:36:29,000000000116,RECOUNT - Shelf,5,2022-12-23 01:36:29,COUNT,,Shelf,Shelf
537,12/23/2022 1:36:29,000000000123,RECOUNT - Shelf,1,2022-12-23 01:36:29,COUNT,,Shelf,Shelf
538,12/23/2022 1:36:29,000000000130,RECOUNT - Shelf,-1,2022-12-23 01:36:29,COUNT,,Shelf,Shelf
539,12/23/2022 1:36:29,000000000147,RECOUNT - Shelf,3,2022-12-23 01:36:29,COUNT,,Shelf,Shelf
540,12/23/2022 1:36:29,000000000154,RECOUNT - Shelf,4,2022-12-23 01:36:29,COUNT,,Shelf,Shelf
541,12/23/2022 1:36:29,000000000161,RECOUNT - Shelf,2,2022-12-23 01:36:29,COUNT,,Shelf,Shelf
542,12/23/2022 1:36:29,000000000178,RECOUNT - Shelf,3,2022-12-23 01:36:29,COUNT,,Shelf,Shelf
543,12/23/2022 1:36:29,000000000185,RECOUNT - Shelf,4,2022-12-23 01:36:29,COUNT,,Shelf,Shelf
544,12/23/2022 1:36:29,000000000192,RECOUNT - Shelf,5,2022-12-23 01:36:29,COUNT,,Shelf,Shelf
545,12/23/2022 1:36:29,000000000208,RECOUNT - Shelf,2,2022-12-23 01:36:29,COUNT,,Shelf,Shelf
546,12/23/2022 1:36:29,000000000215,RECOUNT - Shelf,2,2022-12-23 01:36:29,COUNT,,Shelf,Shelf
547,12/23/2022 1:36:29,000000000222,RECOUNT - Shelf,0,2022-12-23 01:36:29,COUNT,,Shelf,Shelf
548,12/23/2022 1:36:29,000000000239,RECOUNT - Shelf,3,2022-12-23 01:36:29,COUNT,,Shelf,Shelf
549,12/23/2022 1:36:29,000000000246,RECOUNT - Shelf,5,2022-12-23 01:36:29,COUNT,,Shelf,Shelf
550,12/23/2022 1:36:29,000000000253,RECOUNT - Shelf,3,2022-12-23 01:36:29,COUNT,,Shelf,Shelf
551,12/23/2022 1:36:29,000000000260,RECOUNT - Shelf,5,2022-12-23 01:36:29,COUNT,,Shelf,Shelf
552,12/23/2022 1:36:29,000000000277,RECOUNT - Shelf,1,2022-12-23 01:36:29,COUNT,,Shelf,Shelf
553,12/23/2022 1:36:29,000000000284,RECOUNT - Shelf,4,2022-12-23 01:36:29,COUNT,,Shelf,Shelf
554,12/23/2022 1:36:29,000000000291,RECOUNT - Shelf,4,2022-12-23 01:36:29,COUNT,,Shelf,Shelf
555,12/23/2022 1:36:29,000000000307,RECOUNT - Shelf,2,2022-12-23 01:36:29,COUNT,,Shelf,Shelf
556,12/23/2022 1:36:29,000000000314,RECOUNT - Shelf,4,2022-12-23 01:36:29,COUNT,,Shelf,Shelf
557,12/23/2022 1:36:29,000000000321,RECOUNT - Shelf,10,2022-12-23 01:36:29,COUNT,,Shelf,Shelf
558,12/23/2022 1:36:29,000000000338,RECOUNT - Shelf,7,2022-12-23 01:36:29,COUNT,,Shelf,Shelf
559,12/23/2022 1:36:29,000000000345,RECOUNT - Shelf,8,2022-12-23 01:36:29,COUNT,,Shelf,Shelf
560,12/23/2022 1:36:29,000000000352,RECOUNT - Shelf,0,2022-12-23 01:36:29,COUNT,,Shelf,Shelf
561,12/23/2022 1:36:29,000000000369,RECOUNT - Shelf,14,2022-12-23 01:36:29,COUNT,,Shelf,Shelf
562,12/23/2022 1:36:29,000000000376,RECOUNT - Shelf,15,2022-12-23 01:36:29,COUNT,,Shelf,Shelf
563,12/23/2022 1:36:29,000000000383,RECOUNT - Shelf,3,2022-12-23 01:36:29,COUNT,,Shelf,Shelf
564,12/23/2022 1:36:29,000000000390,RECOUNT - Shelf,3,2022-12-23 01:36:29,COUNT,,Shelf,Shelf
565,12/23/2022 1:36:29,000000000406,RECOUNT - Shelf,1,2022-12-23 01:36:29,COUNT,,Shelf,Shelf
566,12/23/2022 1:36:29,000000000413,RECOUNT - Shelf,5,2022-12-23 01:36:29,COUNT,,Shelf,Shelf
567,12/23/2022 1:36:29,000000000420,RECOUNT - Shelf,5,2022-12-23 01:36:29,COUNT,,Shelf,Shelf
568,12/23/2022 1:36:29,000000000437,RECOUNT - Shelf,0,2022-12-23 01:36:29,COUNT,,Shelf,Shelf
569,12/23/2022 1:36:29,000000000444,RECOUNT - Shelf,1,2022-12-23 01:36:29,COUNT,,Shelf,Shelf
570,12/23/2022 1:36:29,000000000451,RECOUNT - Shelf,6,2022-12-23 01:36:29,COUNT,,Shelf,Shelf
571,12/23/2022 1:36:29,000000000468,RECOUNT - Shelf,9,2022-12-23 01:36:29,COUNT,,Shelf,Shelf
572,12/23/2022 1:36:29,000000000475,RECOUNT - Shelf,1,2022-12-23 01:36:29,COUNT,,Shelf,Shelf
573,12/23/2022 1:36:29,000000000482,RECOUNT - Shelf,3,2022-12-23 01:36:29,COUNT,,Shelf,Shelf
574,12/23/2022 1:36:29,000000000499,RECOUNT - Shelf,1,2022-12-23 01:36:29,COUNT,,Shelf,Shelf
575,12/23/2022 1:36:29,000000000505,RECOUNT - Shelf,3,2022-12-23 01:36:29,COUNT,,Shelf,Shelf
576,12/23/2022 1:36:29,000000000512,RECOUNT - Shelf,4,2022-12-23 01:36:29,COUNT,,Shelf,Shelf
577,12/23/2022 1:36:29,000000000529,RECOUNT - Shelf,24,2022-12-23 01:36:29,COUNT,,Shelf,Shelf
578,12/23/2022 1:36:29,000000000536,RECOUNT - Shelf,3,2022-12-23 01:36:29,COUNT,,Shelf,Shelf
579,12/23/2022 1:36:29,000000000543,RECOUNT - Shelf,9,2022-12-23 01:36:29,COUNT,,Shelf,Shelf
580,12/23/2022 1:36:29,000000000550,RECOUNT - Shelf,18,2022-12-23 01:36:29,COUNT,,Shelf,Shelf
581,12/23/2022 1:36:29,000000000567,RECOUNT - Shelf,23,2022-12-23 01:36:29,COUNT,,Shelf,Shelf
582,12/23/2022 1:36:29,000000000574,RECOUNT - Shelf,4,2022-12-23 01:36:29,COUNT,,Shelf,Shelf
583,12/23/2022 1:36:29,000000000581,RECOUNT - Shelf,18,2022-12-23 01:36:29,COUNT,,Shelf,Shelf
584,12/23/2022 1:36:29,000000000598,RECOUNT - Shelf,0,2022-12-23 01:36:29,COUNT,,Shelf,Shelf
585,12/23/2022 1:36:29,000000000604,RECOUNT - Shelf,1,2022-12-23 01:36:29,COUNT,,Shelf,Shelf
586,12/23/2022 1:36:29,000000000611,RECOUNT - Shelf,0,2022-12-23 01:36:29,COUNT,,Shelf,Shelf
587,12/23/2022 1:36:29,000000000628,RECOUNT - Shelf,2,2022-12-23 01:36:29,COUNT,,Shelf,Shelf
588,12/23/2022 1:36:29,000000000635,RECOUNT - Shelf,2,2022-12-23 01:36:29,COUNT,,Shelf,Shelf
589,12/23/2022 1:36:29,000000000642,RECOUNT - Shelf,59,2022-12-23 01:36:29,COUNT,,Shelf,Shelf
590,12/23/2022 1:36:29,000000000666,RECOUNT - Shelf,0,2022-12-23 01:36:29,COUNT,,Shelf,Shelf
591,12/23/2022 1:36:29,000000000673,RECOUNT - Shelf,0,2022-12-23 01:36:29,COUNT,,Shelf,Shelf
592,12/23/2022 1:36:29,000000000680,RECOUNT - Shelf,0,2022-12-23 01:36:29,COUNT,,Shelf,Shelf
593,12/23/2022 1:36:29,000000000697,RECOUNT - Shelf,0,2022-12-23 01:36:29,COUNT,,Shelf,Shelf
594,12/23/2022 1:36:29,000000000703,RECOUNT - Shelf,0,2022-12-23 01:36:29,COUNT,,Shelf,Shelf
595,12/23/2022 1:36:29,000000000710,RECOUNT - Shelf,0,2022-12-23 01:36:29,COUNT,,Shelf,Shelf
596,12/23/2022 1:36:29,000000000727,RECOUNT - Shelf,0,2022-12-23 01:36:29,COUNT,,Shelf,Shelf
597,12/23/2022 1:36:29,000000000734,RECOUNT - Shelf,0,2022-12-23 01:36:29,COUNT,,Shelf,Shelf
598,12/23/2022 1:36:29,000000000741,RECOUNT - Shelf,2,2022-12-23 01:36:29,COUNT,,Shelf,Shelf
599,12/23/2022 1:36:29,000000000758,RECOUNT - Shelf,4,2022-12-23 01:36:29,COUNT,,Shelf,Shelf
600,12/23/2022 1:36:29,000000000765,RECOUNT - Shelf,1,2022-12-23 01:36:29,COUNT,,Shelf,Shelf
601,12/23/2022 1:36:29,000000000772,RECOUNT - Shelf,2,2022-12-23 01:36:29,COUNT,,Shelf,Shelf
602,12/23/2022 1:36:29,000000000789,RECOUNT - Shelf,2,2022-12-23 01:36:29,COUNT,,Shelf,Shelf
603,12/23/2022 1:36:29,000000000796,RECOUNT - Shelf,0,2022-12-23 01:36:29,COUNT,,Shelf,Shelf
604,12/23/2022 1:36:29,000000000802,RECOUNT - Shelf,0,2022-12-23 01:36:29,COUNT,,Shelf,Shelf
605,12/23/2022 1:36:29,000000000819,RECOUNT - Shelf,0,2022-12-23 01:36:29,COUNT,,Shelf,Shelf
606,12/23/2022 1:36:29,000000000826,RECOUNT - Shelf,0,2022-12-23 01:36:29,COUNT,,Shelf,Shelf
607,12/23/2022 1:36:29,000000000833,RECOUNT - Shelf,0,2022-12-23 01:36:29,COUNT,,Shelf,Shelf
608,12/23/2022 1:36:29,000000000840,RECOUNT - Shelf,16,2022-12-23 01:36:29,COUNT,,Shelf,Shelf
609,12/23/2022 1:36:29,000000000857,RECOUNT - Shelf,0,2022-12-23 01:36:29,COUNT,,Shelf,Shelf
610,12/23/2022 1:36:29,000000000864,RECOUNT - Shelf,0,2022-12-23 01:36:29,COUNT,,Shelf,Shelf
611,12/23/2022 1:36:29,000000000871,RECOUNT - Shelf,0,2022-12-23 01:36:29,COUNT,,Shelf,Shelf
612,12/23/2022 1:36:29,000000000888,RECOUNT - Shelf,0,2022-12-23 01:36:29,COUNT,,Shelf,Shelf
613,12/23/2022 1:36:29,000000000895,RECOUNT - Shelf,0,2022-12-23 01:36:29,COUNT,,Shelf,Shelf
614,12/23/2022 1:36:29,000000000901,RECOUNT - Shelf,0,2022-12-23 01:36:29,COUNT,,Shelf,Shelf
615,12/23/2022 1:36:29,000000000918,RECOUNT - Shelf,0,2022-12-23 01:36:29,COUNT,,Shelf,Shelf
616,12/23/2022 1:36:29,000000000925,RECOUNT - Shelf,0,2022-12-23 01:36:29,COUNT,,Shelf,Shelf
617,12/23/2022 1:36:29,000000000932,RECOUNT - Shelf,0,2022-12-23 01:36:29,COUNT,,Shelf,Shelf
618,12/23/2022 1:36:29,000000000949,RECOUNT - Shelf,0,2022-12-23 01:36:29,COUNT,,Shelf,Shelf
619,12/23/2022 1:36:29,000000000956,RECOUNT - Shelf,0,2022-12-23 01:36:29,COUNT,,Shelf,Shelf
620,12/23/2022 1:36:29,000000000963,RECOUNT - Shelf,2,2022-12-23 01:36:29,COUNT,,Shelf,Shelf
621,12/23/2022 1:36:29,000000000970,RECOUNT - Shelf,2,2022-12-23 01:36:29,COUNT,,Shelf,Shelf
622,12/23/2022 1:36:29,000000000987,RECOUNT - Shelf,0,2022-12-23 01:36:29,COUNT,,Shelf,Shelf
623,12/23/2022 1:36:29,000000000994,RECOUNT - Shelf,0,2022-12-23 01:36:29,COUNT,,Shelf,Shelf
624,12/23/2022 1:36:29,000000001007,RECOUNT - Shelf,-1,2022-12-23 01:36:29,COUNT,,Shelf,Shelf
625,12/23/2022 1:36:29,000000001014,RECOUNT - Shelf,1,2022-12-23 01:36:29,COUNT,,Shelf,Shelf
626,12/23/2022 1:36:29,000000001021,RECOUNT - Shelf,2,2022-12-23 01:36:29,COUNT,,Shelf,Shelf
627,12/23/2022 1:36:29,000000001038,RECOUNT - Shelf,-1,2022-12-23 01:36:29,COUNT,,Shelf,Shelf
628,12/23/2022 1:36:29,000000001045,RECOUNT - Shelf,6,2022-12-23 01:36:29,COUNT,,Shelf,Shelf
629,12/23/2022 1:36:29,000000001052,RECOUNT - Shelf,0,2022-12-23 01:36:29,COUNT,,Shelf,Shelf
630,12/23/2022 1:36:29,000000001069,RECOUNT - Shelf,14,2022-12-23 01:36:29,COUNT,,Shelf,Shelf
631,12/23/2022 1:36:29,000000001083,RECOUNT - Shelf,4,2022-12-23 01:36:29,COUNT,,Shelf,Shelf
632,12/23/2022 1:36:29,000000001090,RECOUNT - Shelf,4,2022-12-23 01:36:29,COUNT,,Shelf,Shelf
633,12/23/2022 1:36:29,000000001106,RECOUNT - Shelf,0,2022-12-23 01:36:29,COUNT,,Shelf,Shelf
634,12/23/2022 1:36:29,000000001113,RECOUNT - Shelf,85,2022-12-23 01:36:29,COUNT,,Shelf,Shelf
635,12/23/2022 1:36:29,000000001120,RECOUNT - Shelf,3,2022-12-23 01:36:29,COUNT,,Shelf,Shelf
636,12/23/2022 1:36:29,000000001137,RECOUNT - Shelf,5,2022-12-23 01:36:29,COUNT,,Shelf,Shelf
637,12/23/2022 1:36:29,000000001144,RECOUNT - Shelf,179,2022-12-23 01:36:29,COUNT,,Shelf,Shelf
638,12/23/2022 1:36:29,000000001151,RECOUNT - Shelf,0,2022-12-23 01:36:29,COUNT,,Shelf,Shelf
639,12/23/2022 1:36:29,000000001168,RECOUNT - Shelf,1,2022-12-23 01:36:29,COUNT,,Shelf,Shelf
640,12/23/2022 1:36:29,000000001175,RECOUNT - Shelf,0,2022-12-23 01:36:29,COUNT,,Shelf,Shelf
645,12/23/2022 9:37:33,000000000581,Shelf -> Other,15,2022-12-23 09:37:33,TAKEOUT,Shelf,,Shelf
646,12/23/2022 9:38:48,000000000581,Shelf -> Other,10,2022-12-23 09:38:48,TAKEOUT,Shelf,,Shelf
647,12/23/2022 9:40:24,000000000581,Shelf -> Other,15,2022-12-23 09:40:24,TAKEOUT,Shelf,,Shelf
648,12/23/2022 9:41:52,000000000581,Shelf -> Other,10,2022-12-23 09:41:52,TAKEOUT,Shelf,,Shelf
649,12/23/2022 11:1:59,000000001007,Delivery -> Cage,3,2022-12-23 11:01:59,RESTOCK,,Cage,Cage
650,12/23/2022 11:8:29,000000000000,Cage -> Shelf,2,2022-12-23 11:08:29,TRANSFER,Cage,Shelf,Shelf
651,12/23/2022 11:8:37,000000000741,Cage -> Shelf,3,2022-12-23 11:08:37,TRANSFER,Cage,Shelf,Shelf
652,12/23/2022 12:16:22,000000000062,Shelf -> Other,1,2022-12-23 12:16:22,TAKEOUT,Shelf,,Shelf
653,12/23/2022 12:23:38,000000000376,Shelf -> Other,1,2022-12-23 12:23:38,TAKEOUT,Shelf,,Shelf
654,12/23/2022 12:23:42,000000000338,Shelf -> Other,1,2022-12-23 12:23:42,TAKEOUT,Shelf,,Shelf
655,12/23/2022 12:37:51,000000000918,Cage -> Other,1,2022-12-23 12:37:51,TAKEOUT,Cage,,Cage
656,12/23/2022 12:37:59,000000000864,Cage -> Other,1,2022-12-23 12:37:59,TAKEOUT,Cage,,Cage
657,12/23/2022 19:12:15,000000000550,Shelf -> Other,1,2022-12-23 19:12:15,TAKEOUT,Shelf,,Shelf
658,12/23/2022 19:16:19,000000000000,Shelf -> Other,1,2022-12-23 19:16:19,TAKEOUT,Shelf,,Shelf
659,12/23/2022 19:16:31,000000000109,Shelf -> Other,1,2022-12-23 19:16:31,TAKEOUT,Shelf,,Shelf
660,12/23/2022 19:16:42,000000001120,Shelf -> Other,2,2022-12-23 19:16:42,TAKEOUT,Shelf,,Shelf
661,12/23/2022 19:16:53,000000000789,Shelf -> Other,1,2022-12-23 19:16:53,TAKEOUT,Shelf,,Shelf
662,12/23/2022 19:17:0,000000000840,Shelf -> Other,4,2022-12-23 19:17:00,TAKEOUT,Shelf,,Shelf
663,12/23/2022 19:17:13,000000000017,Shelf -> Other,2,2022-12-23 19:17:13,TAKEOUT,Shelf,,Shelf
664,12/24/2022 9:5:25,000000000369,Shelf -> Other,1,2022-12-24 09:05:25,TAKEOUT,Shelf,,Shelf
665,12/24/2022 22:31:11,000000000338,Shelf -> Other,1,2022-12-24 22:31:11,TAKEOUT,Shelf,,Shelf
666,12/25/2022 3:34:56,000000000567,Shelf -> Other,1,2022-12-25 03:34:56,TAKEOUT,Shelf,,Shelf
667,12/25/2022 5:24:41,000000000635,Shelf -> Other,1,2022-12-25 05:24:41,TAKEOUT,Shelf,,Shelf
668,12/25/2022 5:24:51,000000000642,Shelf -> Other,4,2022-12-25 05:24:51,TAKEOUT,Shelf,,Shelf
669,12/25/2022 5:25:1,000000000628,Shelf -> Other,2,2022-12-25 05:25:01,TAKEOUT,Shelf,,Shelf
670,12/25/2022 5:32:30,000000000567,Shelf -> Other,1,2022-12-25 05:32:30,TAKEOUT,Shelf,,Shelf
671,12/25/2022 7:25:13,000000000338,Cage -> Shelf,5,2022-12-25 07:25:13,TRANSFER,Cage,Shelf,Shelf
672,12/25/2022 7:31:33,000000000789,Cage -> Shelf,1,2022-12-25 07:31:33,TRANSFER,Cage,Shelf,Shelf
673,12/25/2022 7:34:6,000000001120,Cage -> Shelf,9,2022-12-25 07:34:06,TRANSFER,Cage,Shelf,Shelf
674,12/25/2022 7:41:29,000000000567,Cage -> Shelf,2,2022-12-25 07:41:29,TRANSFER,Cage,Shelf,Shelf
675,12/25/2022 7:46:44,000000000581,Cage -> Shelf,60,2022-12-25 07:46:44,TRANSFER,Cage,Shelf,Shelf
676,12/26/2022 9:34:31,000000000369,Shelf -> Other,2,2022-12-26 09:34:31,TAKEOUT,Shelf,,Shelf
677,12/26/2022 9:34:36,000000000338,Shelf -> Other,1,2022-12-26 09:34:36,TAKEOUT,Shelf,,Shelf
678,12/26/2022 9:34:48,000000000369,Shelf -> Other,2,2022-12-26 09:34:48,TAKEOUT,Shelf,,Shelf
679,12/26/2022 13:2:41,000000000581,Shelf -> Other,1,2022-12-26 13:02:41,TAKEOUT,Shelf,,Shelf
680,12/26/2022 20:14:2,000000000338,Shelf -> Other,1,2022-12-26 20:14:02,TAKEOUT,Shelf,,Shelf
681,12/26/2022 20:14:8,000000000017,Shelf -> Other,1,2022-12-26 20:14:08,TAKEOUT,Shelf,,Shelf
682,12/27/2022 10:10:26,000000000338,Shelf -> Other,2,2022-12-27 10:10:26,TAKEOUT,Shelf,,Shelf
683,12/28/2022 16:30:22,000000000024,Shelf -> Other,7,2022-12-28 16:30:22,TAKEOUT,Shelf,,Shelf
684,12/28/2022 16:30:26,000000000017,Shelf -> Other,1,2022-12-28 16:30:26,TAKEOUT,Shelf,,Shelf
685,12/28/2022 16:30:31,000000000338,Shelf -> Other,1,2022-12-28 16:30:31,TAKEOUT,Shelf,,Shelf
686,12/28/2022 16:33:37,000000001120,Shelf -> Other,1,2022-12-28 16:33:37,TAKEOUT,Shelf,,Shelf
687,12/28/2022 16:34:10,000000000253,Shelf -> Other,1,2022-12-28 16:34:10,TAKEOUT,Shelf,,Shelf
688,12/28/2022 18:21:18,000000000741,Shelf -> Other,1,2022-12-28 18:21:18,TAKEOUT,Shelf,,Shelf
689,12/29/2022 12:52:1,000000000376,Shelf -> Other,1,2022-12-29 12:52:01,TAKEOUT,Shelf,,Shelf
690,12/29/2022 12:52:42,000000000338,Shelf -> Other,1,2022-12-29 12:52:42,TAKEOUT,Shelf,,Shelf
691,12/30/2022 2:27:45,000000000741,Shelf -> Other,1,2022-12-30 02:27:45,TAKEOUT,Shelf,,Shelf
692,12/30/2022 11:34:56,000000000338,Cage -> Shelf,5,2022-12-30 11:34:56,TRANSFER,Cage,Shelf,Shelf
693,12/30/2022 12:27:34,000000000086,Shelf -> Other,1,2022-12-30 12:27:34,TAKEOUT,Shelf,,Shelf
694,12/30/2022 15:33:39,000000001090,Shelf -> Other,1,2022-12-30 15:33:39,TAKEOUT,Shelf,,Shelf
695,12/30/2022 15:33:59,000000001144,Shelf -> Other,3,2022-12-30 15:33:59,TAKEOUT,Shelf,,Shelf
696,12/31/2022 4:42:9,000000000567,Shelf -> Other,1,2022-12-31 04:42:09,TAKEOUT,Shelf,,Shelf
697,12/31/2022 4:42:16,000000000338,Shelf -> Other,1,2022-12-31 04:42:16,TAKEOUT,Shelf,,Shelf
698,12/31/2022 4:42:25,000000000383,Shelf -> Other,1,2022-12-31 04:42:25,TAKEOUT,Shelf,,Shelf
699,12/31/2022 4:42:30,000000000970,Shelf -> Other,1,2022-12-31 04:42:30,TAKEOUT,Shelf,,Shelf
700,12/31/2022 5:1:23,000000001151,Cage -> Other,1,2022-12-31 05:01:23,TAKEOUT,Cage,,Cage
701,12/31/2022 5:16:46,000000000567,Shelf -> Other,1,2022-12-31 05:16:46,TAKEOUT,Shelf,,Shelf
702,12/31/2022 5:20:25,000000000451,Shelf -> Other,1,2022-12-31 05:20:25,TAKEOUT,Shelf,,Shelf
703,12/31/2022 5:20:59,000000000536,Shelf -> Other,1,2022-12-31 05:20:59,TAKEOUT,Shelf,,Shelf
704,12/31/2022 11:0:25,000000001007,RECOUNT - Cage,3,2022-12-31 11:00:25,COUNT,,Cage,Cage
705,12/31/2022 11:0:55,000000000970,Cage -> Shelf,1,2022-12-31 11:00:55,TRANSFER,Cage,Shelf,Shelf
706,12/31/2022 11:1:7,000000000451,Cage -> Shelf,1,2022-12-31 11:01:07,TRANSFER,Cage,Shelf,Shelf
707,1/1/2023 14:59:11,000000000338,Shelf -> Other,1,2023-01-01 14:59:11,TAKEOUT,Shelf,,Shelf
708,1/1/2023 14:59:31,000000000369,Shelf -> Other,1,2023-01-01 14:59:31,TAKEOUT,Shelf,,Shelf
709,1/1/2023 15:17:54,000000000581,Shelf -> Other,15,2023-01-01 15:17:54,TAKEOUT,Shelf,,Shelf
710,1/2/2023 6:8:36,000000000338,Shelf -> Other,1,2023-01-02 06:08:36,TAKEOUT,Shelf,,Shelf
711,1/2/2023 9:39:59,000000000741,Shelf -> Other,1,2023-01-02 09:39:59,TAKEOUT,Shelf,,Shelf
712,1/2/2023 9:40:8,000000000765,Shelf -> Other,1,2023-01-02 09:40:08,TAKEOUT,Shelf,,Shelf
713,1/2/2023 9:40:13,000000000772,Shelf -> Other,1,2023-01-02 09:40:13,TAKEOUT,Shelf,,Shelf
714,1/2/2023 10:22:20,000000000000,Shelf -> Other,1,2023-01-02 10:22:20,TAKEOUT,Shelf,,Shelf
715,1/2/2023 10:23:16,000000001045,Shelf -> Other,1,2023-01-02 10:23:16,TAKEOUT,Shelf,,Shelf
716,1/2/2023 16:25:22,000000001083,Shelf -> Other,1,2023-01-02 16:25:22,TAKEOUT,Shelf,,Shelf
717,1/2/2023 17:11:8,000000000567,Shelf -> Other,1,2023-01-02 17:11:08,TAKEOUT,Shelf,,Shelf
718,1/2/2023 19:53:31,000000001120,Shelf -> Other,1,2023-01-02 19:53:31,TAKEOUT,Shelf,,Shelf
719,1/2/2023 20:0:17,000000000048,Cage -> Other,2,2023-01-02 20:00:17,TAKEOUT,Cage,,Cage
720,1/3/2023 11:41:12,000000000741,Shelf -> Other,1,2023-01-03 11:41:12,TAKEOUT,Shelf,,Shelf
721,1/3/2023 11:41:21,000000000017,Shelf -> Other,3,2023-01-03 11:41:21,TAKEOUT,Shelf,,Shelf
722,1/3/2023 16:2:15,000000000239,Shelf -> Other,2,2023-01-03 16:02:15,TAKEOUT,Shelf,,Shelf
723,1/3/2023 16:2:20,000000000246,Shelf -> Other,2,2023-01-03 16:02:20,TAKEOUT,Shelf,,Shelf
724,1/3/2023 16:2:27,000000000253,Shelf -> Other,2,2023-01-03 16:02:27,TAKEOUT,Shelf,,Shelf
725,1/4/2023 8:25:40,000000000741,Shelf -> Other,1,2023-01-04 08:25:40,TAKEOUT,Shelf,,Shelf
726,1/4/2023 9:1:55,000000001090,Shelf -> Other,1,2023-01-04 09:01:55,TAKEOUT,Shelf,,Shelf
727,1/4/2023 9:2:25,000000001144,Shelf -> Other,10,2023-01-04 09:02:25,TAKEOUT,Shelf,,Shelf
728,1/4/2023 9:6:59,000000000581,Shelf -> Other,8,2023-01-04 09:06:59,TAKEOUT,Shelf,,Shelf
729,1/4/2023 9:19:52,000000000840,Shelf -> Other,1,2023-01-04 09:19:52,TAKEOUT,Shelf,,Shelf
730,1/4/2023 11:47:24,000000000567,Cage -> Shelf,3,2023-01-04 11:47:24,TRANSFER,Cage,Shelf,Shelf
731,1/4/2023 11:50:4,000000000338,Cage -> Shelf,5,2023-01-04 11:50:04,TRANSFER,Cage,Shelf,Shelf
732,1/4/2023 12:29:14,000000001090,Cage -> Shelf,3,2023-01-04 12:29:14,TRANSFER,Cage,Shelf,Shelf
733,1/4/2023 12:31:21,000000000741,Cage -> Shelf,7,2023-01-04 12:31:21,TRANSFER,Cage,Shelf,Shelf
734,1/4/2023 12:33:33,000000000765,Cage -> Shelf,2,2023-01-04 12:33:33,TRANSFER,Cage,Shelf,Shelf
735,1/4/2023 12:35:19,000000000000,Cage -> Shelf,5,2023-01-04 12:35:19,TRANSFER,Cage,Shelf,Shelf
736,1/4/2023 12:36:37,000000000451,Cage -> Shelf,2,2023-01-04 12:36:37,TRANSFER,Cage,Shelf,Shelf
737,1/4/2023 12:37:10,000000001120,Shelf -> Other,1,2023-01-04 12:37:10,TAKEOUT,Shelf,,Shelf
738,1/4/2023 12:38:22,000000000369,Cage -> Shelf,5,2023-01-04 12:38:22,TRANSFER,Cage,Shelf,Shelf
739,1/4/2023 12:45:30,000000000277,Cage -> Shelf,1,2023-01-04 12:45:30,TRANSFER,Cage,Shelf,Shelf
740,1/4/2023 12:45:40,000000000253,Cage -> Shelf,2,2023-01-04 12:45:40,TRANSFER,Cage,Shelf,Shelf
741,1/4/2023 12:45:48,000000000246,Cage -> Shelf,1,2023-01-04 12:45:48,TRANSFER,Cage,Shelf,Shelf
742,1/4/2023 12:45:58,000000000239,Cage -> Shelf,1,2023-01-04 12:45:58,TRANSFER,Cage,Shelf,Shelf
743,1/4/2023 12:46:14,000000000000,Shelf -> Other,1,2023-01-04 12:46:14,TAKEOUT,Shelf,,Shelf
744,1/4/2023 12:51:16,000000000475,Cage -> Shelf,1,2023-01-04 12:51:16,TRANSFER,Cage,Shelf,Shelf
745,1/4/2023 12:51:23,000000000499,Cage -> Shelf,1,2023-01-04 12:51:23,TRANSFER,Cage,Shelf,Shelf
746,1/4/2023 12:58:3,000000000550,Shelf -> Other,1,2023-01-04 12:58:03,TAKEOUT,Shelf,,Shelf
747,1/4/2023 13:15:37,000000000741,Shelf -> Other,1,2023-01-04 13:15:37,TAKEOUT,Shelf,,Shelf
748,1/4/2023 13:16:38,000000000338,Shelf -> Other,1,2023-01-04 13:16:38,TAKEOUT,Shelf,,Shelf
749,1/4/2023 19:15:53,000000000840,Shelf -> Other,10,2023-01-04 19:15:53,TAKEOUT,Shelf,,Shelf
750,1/5/2023 8:42:0,000000001090,Shelf -> Other,1,2023-01-05 08:42:00,TAKEOUT,Shelf,,Shelf
751,1/5/2023 8:42:59,000000000581,Shelf -> Other,10,2023-01-05 08:42:59,TAKEOUT,Shelf,,Shelf
752,1/5/2023 16:10:40,000000000369,Shelf -> Other,1,2023-01-05 16:10:40,TAKEOUT,Shelf,,Shelf
753,1/5/2023 23:44:31,000000000369,Shelf -> Other,1,2023-01-05 23:44:31,TAKEOUT,Shelf,,Shelf
754,1/5/2023 23:44:58,000000000581,Shelf -> Other,20,2023-01-05 23:44:58,TAKEOUT,Shelf,,Shelf
755,1/6/2023 15:47:14,000000000741,Delivery -> Cage,20,2023-01-06 15:47:14,RESTOCK,,Cage,Cage
756,1/6/2023 15:47:33,000000001113,Delivery -> Cage,200,2023-01-06 15:47:33,RESTOCK,,Cage,Cage
757,1/6/2023 15:48:0,000000000963,Delivery -> Cage,3,2023-01-06 15:48:00,RESTOCK,,Cage,Cage
758,1/6/2023 15:48:21,000000001151,Delivery -> Cage,2,2023-01-06 15:48:21,RESTOCK,,Cage,Cage
759,1/6/2023 15:48:43,000000000017,Delivery -> Cage,40,2023-01-06 15:48:43,RESTOCK,,Cage,Cage
760,1/6/2023 15:49:2,000000000024,Delivery -> Cage,200,2023-01-06 15:49:02,RESTOCK,,Cage,Cage
761,1/6/2023 15:49:26,000000000031,Delivery -> Cage,3,2023-01-06 15:49:26,RESTOCK,,Cage,Cage
762,1/6/2023 15:50:30,000000000840,Delivery -> Cage,24,2023-01-06 15:50:30,RESTOCK,,Cage,Cage
763,1/6/2023 15:52:50,000000000628,Shelf -> Other,3,2023-01-06 15:52:50,TAKEOUT,Shelf,,Shelf
764,1/6/2023 15:55:28,000000000642,Shelf -> Other,6,2023-01-06 15:55:28,TAKEOUT,Shelf,,Shelf
765,1/6/2023 16:2:53,000000000598,Cage -> Shelf,4,2023-01-06 16:02:53,TRANSFER,Cage,Shelf,Shelf
766,1/6/2023 16:3:4,000000000604,Cage -> Shelf,8,2023-01-06 16:03:04,TRANSFER,Cage,Shelf,Shelf
767,1/6/2023 16:3:37,000000000635,Shelf -> Other,1,2023-01-06 16:03:37,TAKEOUT,Shelf,,Shelf
768,1/6/2023 16:3:48,000000000604,Shelf -> Other,3,2023-01-06 16:03:48,TAKEOUT,Shelf,,Shelf
769,1/7/2023 14:16:20,000000000635,Cage -> Shelf,3,2023-01-07 14:16:20,TRANSFER,Cage,Shelf,Shelf
770,1/7/2023 14:17:38,000000000840,Cage -> Shelf,12,2023-01-07 14:17:38,TRANSFER,Cage,Shelf,Shelf
771,1/7/2023 14:53:47,000000000048,Delivery -> Cage,8,2023-01-07 14:53:47,RESTOCK,,Cage,Cage
772,1/7/2023 14:54:17,000000000048,Cage -> Shelf,2,2023-01-07 14:54:17,TRANSFER,Cage,Shelf,Shelf
773,1/7/2023 14:55:17,000000000000,Shelf -> Other,1,2023-01-07 14:55:17,TAKEOUT,Shelf,,Shelf
774,1/7/2023 14:55:28,000000000024,Shelf -> Other,1,2023-01-07 14:55:28,TAKEOUT,Shelf,,Shelf
775,1/7/2023 14:55:44,000000000017,Shelf -> Other,1,2023-01-07 14:55:44,TAKEOUT,Shelf,,Shelf
776,1/7/2023 14:57:47,000000000048,Cage -> Other,3,2023-01-07 14:57:47,TAKEOUT,Cage,,Cage
777,1/7/2023 15:7:45,000000000376,Shelf -> Other,2,2023-01-07 15:07:45,TAKEOUT,Shelf,,Shelf
778,1/7/2023 15:10:2,000000001090,Shelf -> Other,1,2023-01-07 15:10:02,TAKEOUT,Shelf,,Shelf
779,1/7/2023 19:29:10,000000000024,Shelf -> Other,2,2023-01-07 19:29:10,TAKEOUT,Shelf,,Shelf
780,1/7/2023 19:29:31,000000000338,Shelf -> Other,1,2023-01-07 19:29:31,TAKEOUT,Shelf,,Shelf
781,1/7/2023 19:43:8,000000000062,Shelf -> Other,1,2023-01-07 19:43:08,TAKEOUT,Shelf,,Shelf
782,1/7/2023 20:42:47,000000000048,Delivery -> Cage,3,2023-01-07 20:42:47,RESTOCK,,Cage,Cage
783,1/9/2023 21:6:43,000000000338,Shelf -> Other,1,2023-01-09 21:06:43,TAKEOUT,Shelf,,Shelf
784,1/9/2023 22:25:7,000000000383,Shelf -> Other,1,2023-01-09 22:25:07,TAKEOUT,Shelf,,Shelf
785,1/9/2023 22:28:3,000000001007,Cage -> Other,1,2023-01-09 22:28:03,TAKEOUT,Cage,,Cage
786,1/9/2023 22:28:11,000000000970,Cage -> Other,1,2023-01-09 22:28:11,TAKEOUT,Cage,,Cage
787,1/9/2023 22:28:19,000000001151,Cage -> Other,1,2023-01-09 22:28:19,TAKEOUT,Cage,,Cage
788,1/9/2023 22:28:38,000000000451,Shelf -> Other,1,2023-01-09 22:28:38,TAKEOUT,Shelf,,Shelf
789,1/9/2023 22:28:44,000000000536,Shelf -> Other,1,2023-01-09 22:28:44,TAKEOUT,Shelf,,Shelf
790,1/9/2023 22:28:52,000000000291,Shelf -> Other,1,2023-01-09 22:28:52,TAKEOUT,Shelf,,Shelf
791,1/9/2023 22:29:11,000000000338,Shelf -> Other,1,2023-01-09 22:29:11,TAKEOUT,Shelf,,Shelf
792,1/9/2023 23:1:56,000000000918,Cage -> Other,1,2023-01-09 23:01:56,TAKEOUT,Cage,,Cage
793,1/9/2023 23:2:2,000000000901,Cage -> Other,1,2023-01-09 23:02:02,TAKEOUT,Cage,,Cage
794,1/9/2023 23:2:10,000000000864,Cage -> Other,1,2023-01-09 23:02:10,TAKEOUT,Cage,,Cage
795,1/10/2023 0:2:52,000000001120,Shelf -> Other,1,2023-01-10 00:02:52,TAKEOUT,Shelf,,Shelf
796,1/10/2023 0:3:0,000000000840,Shelf -> Other,1,2023-01-10 00:03:00,TAKEOUT,Shelf,,Shelf
797,1/10/2023 12:23:58,000000000741,Shelf -> Other,1,2023-01-10 12:23:58,TAKEOUT,Shelf,,Shelf
798,1/10/2023 18:14:28,000000000383,Cage -> Shelf,2,2023-01-10 18:14:28,TRANSFER,Cage,Shelf,Shelf
799,1/10/2023 18:14:48,000000001090,Cage -> Shelf,2,2023-01-10 18:14:48,TRANSFER,Cage,Shelf,Shelf
800,1/10/2023 18:18:59,000000000338,Cage -> Shelf,5,2023-01-10 18:18:59,TRANSFER,Cage,Shelf,Shelf
801,1/10/2023 18:19:8,000000000369,Cage -> Shelf,2,2023-01-10 18:19:08,TRANSFER,Cage,Shelf,Shelf
802,1/11/2023 12:7:14,000000000567,Shelf -> Other,1,2023-01-11 12:07:14,TAKEOUT,Shelf,,Shelf
803,1/12/2023 10:26:50,000000000574,Shelf -> Other,1,2023-01-12 10:26:50,TAKEOUT,Shelf,,Shelf
804,1/12/2023 10:27:3,000000000574,Shelf -> Other,1,2023-01-12 10:27:03,TAKEOUT,Shelf,,Shelf
805,1/12/2023 11:3:9,000000000369,Shelf -> Other,1,2023-01-12 11:03:09,TAKEOUT,Shelf,,Shelf
806,1/12/2023 11:3:15,000000000338,Shelf -> Other,1,2023-01-12 11:03:15,TAKEOUT,Shelf,,Shelf
807,1/12/2023 13:3:18,000000000550,Shelf -> Other,1,2023-01-12 13:03:18,TAKEOUT,Shelf,,Shelf
808,1/12/2023 18:21:8,000000000741,Shelf -> Other,1,2023-01-12 18:21:08,TAKEOUT,Shelf,,Shelf
809,1/12/2023 19:42:49,000000000840,Shelf -> Other,1,2023-01-12 19:42:49,TAKEOUT,Shelf,,Shelf
810,1/12/2023 19:43:4,000000001120,Shelf -> Other,1,2023-01-12 19:43:04,TAKEOUT,Shelf,,Shelf
811,1/12/2023 20:1:8,000000001120,Shelf -> Other,1,2023-01-12 20:01:08,TAKEOUT,Shelf,,Shelf
812,1/13/2023 15:38:34,000000000338,Shelf -> Other,1,2023-01-13 15:38:34,TAKEOUT,Shelf,,Shelf
813,1/13/2023 15:39:4,000000000369,Shelf -> Other,1,2023-01-13 15:39:04,TAKEOUT,Shelf,,Shelf
814,1/13/2023 17:52:26,000000000598,Cage -> Other,6,2023-01-13 17:52:26,TAKEOUT,Cage,,Cage
815,1/14/2023 12:2:14,000000000581,Cage -> Shelf,40,2023-01-14 12:02:14,TRANSFER,Cage,Shelf,Shelf
816,1/14/2023 19:8:22,000000000291,Shelf -> Other,1,2023-01-14 19:08:22,TAKEOUT,Shelf,,Shelf
817,1/14/2023 19:8:28,000000000307,Shelf -> Other,1,2023-01-14 19:08:28,TAKEOUT,Shelf,,Shelf
818,1/14/2023 20:37:34,000000000741,Shelf -> Other,1,2023-01-14 20:37:34,TAKEOUT,Shelf,,Shelf
819,1/15/2023 15:9:24,000000001090,Shelf -> Other,1,2023-01-15 15:09:24,TAKEOUT,Shelf,,Shelf
820,1/16/2023 9:53:4,000000000338,Shelf -> Other,2,2023-01-16 09:53:04,TAKEOUT,Shelf,,Shelf
821,1/16/2023 9:57:9,000000000581,Shelf -> Other,45,2023-01-16 09:57:09,TAKEOUT,Shelf,,Shelf
822,1/16/2023 10:11:33,000000000963,Shelf -> Other,1,2023-01-16 10:11:33,TAKEOUT,Shelf,,Shelf
823,1/16/2023 11:12:47,000000001151,RECOUNT - Cage,3,2023-01-16 11:12:47,COUNT,,Cage,Cage
824,1/16/2023 11:13:1,000000001151,RECOUNT - Shelf,1,2023-01-16 11:13:01,COUNT,,Shelf,Shelf
825,1/16/2023 11:17:30,000000000338,Cage -> Shelf,14,2023-01-16 11:17:30,TRANSFER,Cage,Shelf,Shelf
826,1/16/2023 11:58:30,000000001090,Shelf -> Other,1,2023-01-16 11:58:30,TAKEOUT,Shelf,,Shelf
827,1/17/2023 13:55:18,000000000840,Shelf -> Other,3,2023-01-17 13:55:18,TAKEOUT,Shelf,,Shelf
828,1/17/2023 13:56:33,000000000567,Shelf -> Other,1,2023-01-17 13:56:33,TAKEOUT,Shelf,,Shelf
829,1/18/2023 9:52:35,000000001090,Shelf -> Other,2,2023-01-18 09:52:35,TAKEOUT,Shelf,,Shelf
830,1/18/2023 9:58:19,000000000581,Shelf -> Other,12,2023-01-18 09:58:19,TAKEOUT,Shelf,,Shelf
831,1/18/2023 16:7:52,000000000000,Shelf -> Other,1,2023-01-18 16:07:52,TAKEOUT,Shelf,,Shelf
832,1/18/2023 16:8:2,000000000024,Shelf -> Other,2,2023-01-18 16:08:02,TAKEOUT,Shelf,,Shelf
833,1/18/2023 16:8:10,000000000055,Shelf -> Other,2,2023-01-18 16:08:10,TAKEOUT,Shelf,,Shelf
834,1/18/2023 16:34:12,000000000000,Shelf -> Other,1,2023-01-18 16:34:12,TAKEOUT,Shelf,,Shelf
835,1/18/2023 16:40:19,000000000581,Shelf -> Other,3,2023-01-18 16:40:19,TAKEOUT,Shelf,,Shelf
836,1/18/2023 19:16:5,000000000963,Shelf -> Other,1,2023-01-18 19:16:05,TAKEOUT,Shelf,,Shelf
837,1/18/2023 19:16:27,000000000000,Shelf -> Other,1,2023-01-18 19:16:27,TAKEOUT,Shelf,,Shelf
838,1/19/2023 13:14:5,000000000574,Shelf -> Other,1,2023-01-19 13:14:05,TAKEOUT,Shelf,,Shelf
839,1/19/2023 13:14:19,000000000550,Shelf -> Other,1,2023-01-19 13:14:19,TAKEOUT,Shelf,,Shelf
840,1/19/2023 15:40:35,000000000338,Shelf -> Other,1,2023-01-19 15:40:35,TAKEOUT,Shelf,,Shelf
841,1/19/2023 15:42:7,000000000017,Shelf -> Other,3,2023-01-19 15:42:07,TAKEOUT,Shelf,,Shelf
842,1/19/2023 15:43:35,000000000024,Shelf -> Other,1,2023-01-19 15:43:35,TAKEOUT,Shelf,,Shelf
843,1/20/2023 14:30:27,000000001090,Cage -> Shelf,2,2023-01-20 14:30:27,TRANSFER,Cage,Shelf,Shelf
844,1/20/2023 14:30:35,000000000574,Cage -> Shelf,4,2023-01-20 14:30:35,TRANSFER,Cage,Shelf,Shelf
845,1/20/2023 14:30:44,000000000550,Cage -> Shelf,2,2023-01-20 14:30:44,TRANSFER,Cage,Shelf,Shelf
846,1/20/2023 16:52:8,000000000581,Shelf -> Other,20,2023-01-20 16:52:08,TAKEOUT,Shelf,,Shelf
847,1/21/2023 20:49:53,000000000338,Shelf -> Other,3,2023-01-21 20:49:53,TAKEOUT,Shelf,,Shelf
848,1/22/2023 15:14:51,000000000338,Shelf -> Other,1,2023-01-22 15:14:51,TAKEOUT,Shelf,,Shelf
849,1/22/2023 16:47:39,000000000062,Shelf -> Other,1,2023-01-22 16:47:39,TAKEOUT,Shelf,,Shelf
850,1/23/2023 8:8:56,000000001090,Shelf -> Other,2,2023-01-23 08:08:56,TAKEOUT,Shelf,,Shelf
851,1/23/2023 9:50:25,000000000338,Shelf -> Other,1,2023-01-23 09:50:25,TAKEOUT,Shelf,,Shelf
852,1/23/2023 20:21:46,000000000024,Shelf -> Other,16,2023-01-23 20:21:46,TAKEOUT,Shelf,,Shelf
853,1/23/2023 20:21:59,000000001137,Shelf -> Other,1,2023-01-23 20:21:59,TAKEOUT,Shelf,,Shelf
854,1/24/2023 20:17:30,000000000000,Shelf -> Other,1,2023-01-24 20:17:30,TAKEOUT,Shelf,,Shelf
855,1/25/2023 2:4:8,000000001113,Shelf -> Other,4,2023-01-25 02:04:08,TAKEOUT,Shelf,,Shelf
856,1/25/2023 13:47:37,000000000338,Shelf -> Other,2,2023-01-25 13:47:37,TAKEOUT,Shelf,,Shelf
857,1/25/2023 14:5:34,000000000758,Shelf -> Other,1,2023-01-25 14:05:34,TAKEOUT,Shelf,,Shelf
858,1/25/2023 14:5:45,000000000741,Shelf -> Other,1,2023-01-25 14:05:45,TAKEOUT,Shelf,,Shelf
859,1/25/2023 14:11:31,000000000376,Shelf -> Other,2,2023-01-25 14:11:31,TAKEOUT,Shelf,,Shelf
860,1/25/2023 14:16:26,000000000000,Shelf -> Other,1,2023-01-25 14:16:26,TAKEOUT,Shelf,,Shelf
861,1/25/2023 14:25:43,000000000741,Shelf -> Other,1,2023-01-25 14:25:43,TAKEOUT,Shelf,,Shelf
862,1/25/2023 18:22:12,000000001090,Cage -> Shelf,4,2023-01-25 18:22:12,TRANSFER,Cage,Shelf,Shelf
863,1/25/2023 18:25:7,000000000581,Cage -> Shelf,80,2023-01-25 18:25:07,TRANSFER,Cage,Shelf,Shelf
864,1/26/2023 0:40:32,000000000741,Shelf -> Other,1,2023-01-26 00:40:32,TAKEOUT,Shelf,,Shelf
865,1/26/2023 15:25:17,000000000741,Cage -> Shelf,5,2023-01-26 15:25:17,TRANSFER,Cage,Shelf,Shelf
866,1/26/2023 15:32:49,000000000536,Cage -> Shelf,2,2023-01-26 15:32:49,TRANSFER,Cage,Shelf,Shelf
867,1/26/2023 16:37:34,000000000369,Shelf -> Other,1,2023-01-26 16:37:34,TAKEOUT,Shelf,,Shelf
868,1/27/2023 18:10:34,000000000055,Shelf -> Other,2,2023-01-27 18:10:34,TAKEOUT,Shelf,,Shelf
869,1/27/2023 18:15:35,000000000628,Shelf -> Other,1,2023-01-27 18:15:35,TAKEOUT,Shelf,,Shelf
870,1/27/2023 18:15:51,000000000628,Shelf -> Other,2,2023-01-27 18:15:51,TAKEOUT,Shelf,,Shelf
871,1/27/2023 18:15:59,000000000604,Shelf -> Other,2,2023-01-27 18:15:59,TAKEOUT,Shelf,,Shelf
872,1/28/2023 20:41:13,000000000772,Shelf -> Other,2,2023-01-28 20:41:13,TAKEOUT,Shelf,,Shelf
873,1/28/2023 20:47:24,000000000376,Shelf -> Other,1,2023-01-28 20:47:24,TAKEOUT,Shelf,,Shelf
874,1/28/2023 20:50:26,000000000963,Shelf -> Other,1,2023-01-28 20:50:26,TAKEOUT,Shelf,,Shelf
875,1/28/2023 20:53:24,000000000758,Shelf -> Other,1,2023-01-28 20:53:24,TAKEOUT,Shelf,,Shelf
876,1/29/2023 12:20:42,000000000031,Shelf -> Other,1,2023-01-29 12:20:42,TAKEOUT,Shelf,,Shelf
877,1/29/2023 12:22:16,000000000000,Shelf -> Other,1,2023-01-29 12:22:16,TAKEOUT,Shelf,,Shelf
878,1/29/2023 12:22:46,000000000840,Shelf -> Other,2,2023-01-29 12:22:46,TAKEOUT,Shelf,,Shelf
879,1/29/2023 12:23:10,000000000017,Shelf -> Other,3,2023-01-29 12:23:10,TAKEOUT,Shelf,,Shelf
880,1/29/2023 21:28:26,000000000338,Shelf -> Other,1,2023-01-29 21:28:26,TAKEOUT,Shelf,,Shelf
881,1/30/2023 8:33:7,000000000338,Shelf -> Other,1,2023-01-30 08:33:07,TAKEOUT,Shelf,,Shelf
882,1/30/2023 10:32:37,000000000406,Shelf -> Other,1,2023-01-30 10:32:37,TAKEOUT,Shelf,,Shelf
883,1/30/2023 10:50:53,000000000000,Shelf -> Other,1,2023-01-30 10:50:53,TAKEOUT,Shelf,,Shelf
884,1/31/2023 18:25:3,000000000840,Shelf -> Other,1,2023-01-31 18:25:03,TAKEOUT,Shelf,,Shelf
885,1/31/2023 18:34:48,000000000338,Shelf -> Other,1,2023-01-31 18:34:48,TAKEOUT,Shelf,,Shelf
886,2/2/2023 8:57:12,000000000369,Shelf -> Other,1,2023-02-02 08:57:12,TAKEOUT,Shelf,,Shelf
887,2/2/2023 8:57:28,000000000338,Shelf -> Other,1,2023-02-02 08:57:28,TAKEOUT,Shelf,,Shelf
888,2/2/2023 12:51:16,000000000338,Shelf -> Other,1,2023-02-02 12:51:16,TAKEOUT,Shelf,,Shelf
889,2/2/2023 16:18:8,000000000338,Cage -> Shelf,5,2023-02-02 16:18:08,TRANSFER,Cage,Shelf,Shelf
890,2/2/2023 16:18:19,000000000000,Cage -> Shelf,4,2023-02-02 16:18:19,TRANSFER,Cage,Shelf,Shelf
891,2/3/2023 12:9:54,000000000567,Shelf -> Other,1,2023-02-03 12:09:54,TAKEOUT,Shelf,,Shelf
892,2/4/2023 16:27:52,000000000581,Shelf -> Other,20,2023-02-04 16:27:52,TAKEOUT,Shelf,,Shelf
893,2/4/2023 20:44:45,000000000550,Shelf -> Other,1,2023-02-04 20:44:45,TAKEOUT,Shelf,,Shelf
894,2/4/2023 20:51:24,000000001137,Shelf -> Other,3,2023-02-04 20:51:24,TAKEOUT,Shelf,,Shelf
895,2/4/2023 21:4:33,000000000420,Shelf -> Other,1,2023-02-04 21:04:33,TAKEOUT,Shelf,,Shelf
896,2/6/2023 18:57:15,000000000055,Shelf -> Other,4,2023-02-06 18:57:15,TAKEOUT,Shelf,,Shelf
897,2/7/2023 10:47:55,000000000369,Shelf -> Other,1,2023-02-07 10:47:55,TAKEOUT,Shelf,,Shelf
898,2/7/2023 12:30:32,000000000338,Shelf -> Other,1,2023-02-07 12:30:32,TAKEOUT,Shelf,,Shelf
899,2/7/2023 12:39:42,000000000376,Shelf -> Other,1,2023-02-07 12:39:42,TAKEOUT,Shelf,,Shelf
900,2/7/2023 12:39:46,000000000369,Shelf -> Other,1,2023-02-07 12:39:46,TAKEOUT,Shelf,,Shelf
901,2/7/2023 18:17:56,000000000567,Shelf -> Other,1,2023-02-07 18:17:56,TAKEOUT,Shelf,,Shelf
902,2/7/2023 18:18:3,000000000550,Shelf -> Other,1,2023-02-07 18:18:03,TAKEOUT,Shelf,,Shelf
903,2/7/2023 18:18:53,000000000215,Shelf -> Other,1,2023-02-07 18:18:53,TAKEOUT,Shelf,,Shelf
904,2/7/2023 18:19:1,000000000208,Shelf -> Other,1,2023-02-07 18:19:01,TAKEOUT,Shelf,,Shelf
905,2/7/2023 18:19:19,000000000192,Shelf -> Other,1,2023-02-07 18:19:19,TAKEOUT,Shelf,,Shelf
906,2/7/2023 18:19:28,000000000185,Shelf -> Other,1,2023-02-07 18:19:28,TAKEOUT,Shelf,,Shelf
907,2/7/2023 18:19:38,000000000178,Shelf -> Other,1,2023-02-07 18:19:38,TAKEOUT,Shelf,,Shelf
908,2/7/2023 18:19:50,000000000161,Shelf -> Other,1,2023-02-07 18:19:50,TAKEOUT,Shelf,,Shelf
909,2/7/2023 18:20:2,000000000154,Shelf -> Other,1,2023-02-07 18:20:02,TAKEOUT,Shelf,,Shelf
910,2/7/2023 18:20:13,000000000147,Shelf -> Other,1,2023-02-07 18:20:13,TAKEOUT,Shelf,,Shelf
911,2/7/2023 18:21:38,000000000314,Shelf -> Other,1,2023-02-07 18:21:38,TAKEOUT,Shelf,,Shelf
912,2/7/2023 18:21:47,000000000307,Shelf -> Other,1,2023-02-07 18:21:47,TAKEOUT,Shelf,,Shelf
913,2/7/2023 18:22:6,000000000291,Shelf -> Other,1,2023-02-07 18:22:06,TAKEOUT,Shelf,,Shelf
914,2/7/2023 18:22:17,000000000284,Shelf -> Other,1,2023-02-07 18:22:17,TAKEOUT,Shelf,,Shelf
915,2/7/2023 18:22:27,000000000277,Shelf -> Other,1,2023-02-07 18:22:27,TAKEOUT,Shelf,,Shelf
916,2/7/2023 18:22:39,000000000239,Shelf -> Other,1,2023-02-07 18:22:39,TAKEOUT,Shelf,,Shelf
917,2/7/2023 18:22:49,000000000246,Shelf -> Other,1,2023-02-07 18:22:49,TAKEOUT,Shelf,,Shelf
918,2/7/2023 18:23:3,000000000253,Shelf -> Other,1,2023-02-07 18:23:03,TAKEOUT,Shelf,,Shelf
919,2/7/2023 18:23:21,000000000260,Shelf -> Other,1,2023-02-07 18:23:21,TAKEOUT,Shelf,,Shelf
920,2/7/2023 18:38:35,000000000383,Shelf -> Other,1,2023-02-07 18:38:35,TAKEOUT,Shelf,,Shelf
921,2/7/2023 18:39:0,000000000420,Shelf -> Other,1,2023-02-07 18:39:00,TAKEOUT,Shelf,,Shelf
922,2/8/2023 0:37:15,000000001120,Shelf -> Other,1,2023-02-08 00:37:15,TAKEOUT,Shelf,,Shelf
923,2/8/2023 14:38:11,000000001090,Shelf -> Other,1,2023-02-08 14:38:11,TAKEOUT,Shelf,,Shelf
924,2/9/2023 8:45:6,000000000338,Shelf -> Other,1,2023-02-09 08:45:06,TAKEOUT,Shelf,,Shelf
925,2/9/2023 8:45:14,000000000345,Shelf -> Other,1,2023-02-09 08:45:14,TAKEOUT,Shelf,,Shelf
926,2/9/2023 8:45:20,000000000369,Shelf -> Other,1,2023-02-09 08:45:20,TAKEOUT,Shelf,,Shelf
927,2/9/2023 8:45:30,000000000741,Shelf -> Other,1,2023-02-09 08:45:30,TAKEOUT,Shelf,,Shelf
928,2/9/2023 8:45:37,000000000765,Shelf -> Other,1,2023-02-09 08:45:37,TAKEOUT,Shelf,,Shelf
929,2/10/2023 11:1:37,000000001120,Shelf -> Other,1,2023-02-10 11:01:37,TAKEOUT,Shelf,,Shelf
930,2/10/2023 11:7:25,000000000581,Shelf -> Other,10,2023-02-10 11:07:25,TAKEOUT,Shelf,,Shelf
931,2/11/2023 16:51:42,000000000536,RECOUNT - Cage,19,2023-02-11 16:51:42,COUNT,,Cage,Cage
932,2/11/2023 16:52:0,000000000536,RECOUNT - Shelf,3,2023-02-11 16:52:00,COUNT,,Shelf,Shelf
933,2/11/2023 16:54:0,000000000710,RECOUNT - Cage,5,2023-02-11 16:54:00,COUNT,,Cage,Cage
934,2/11/2023 16:54:10,000000000734,RECOUNT - Cage,7,2023-02-11 16:54:10,COUNT,,Cage,Cage
935,2/11/2023 16:55:21,000000001090,RECOUNT - Cage,17,2023-02-11 16:55:21,COUNT,,Cage,Cage
936,2/11/2023 16:55:31,000000001090,RECOUNT - Shelf,3,2023-02-11 16:55:31,COUNT,,Shelf,Shelf
937,2/11/2023 16:58:15,000000000567,RECOUNT - Shelf,6,2023-02-11 16:58:15,COUNT,,Shelf,Shelf
938,2/11/2023 16:58:43,000000000567,RECOUNT - Cage,15,2023-02-11 16:58:43,COUNT,,Cage,Cage
939,2/11/2023 16:58:57,000000000567,RECOUNT - Shelf,6,2023-02-11 16:58:57,COUNT,,Shelf,Shelf
940,2/11/2023 17:2:30,000000000550,RECOUNT - Cage,15,2023-02-11 17:02:30,COUNT,,Cage,Cage
941,2/11/2023 17:2:41,000000000574,RECOUNT - Cage,16,2023-02-11 17:02:41,COUNT,,Cage,Cage
942,2/11/2023 17:2:55,000000000574,RECOUNT - Shelf,5,2023-02-11 17:02:55,COUNT,,Shelf,Shelf
943,2/11/2023 17:3:29,000000000550,RECOUNT - Shelf,8,2023-02-11 17:03:29,COUNT,,Shelf,Shelf
944,2/11/2023 17:4:7,000000000543,RECOUNT - Shelf,9,2023-02-11 17:04:07,COUNT,,Shelf,Shelf
945,2/11/2023 17:26:54,000000000345,RECOUNT - Shelf,16,2023-02-11 17:26:54,COUNT,,Shelf,Shelf
946,2/11/2023 17:52:5,000000000383,RECOUNT - Shelf,3,2023-02-11 17:52:05,COUNT,,Shelf,Shelf
947,2/11/2023 17:52:20,000000000383,RECOUNT - Cage,12,2023-02-11 17:52:20,COUNT,,Cage,Cage
948,2/11/2023 17:52:46,000000000345,RECOUNT - Cage,67,2023-02-11 17:52:46,COUNT,,Cage,Cage
949,2/11/2023 17:53:58,000000000758,RECOUNT - Shelf,3,2023-02-11 17:53:58,COUNT,,Shelf,Shelf
950,2/11/2023 17:55:6,000000000741,RECOUNT - Shelf,8,2023-02-11 17:55:06,COUNT,,Shelf,Shelf
951,2/11/2023 17:56:27,000000000741,RECOUNT - Cage,17,2023-02-11 17:56:27,COUNT,,Cage,Cage
952,2/11/2023 17:58:0,000000000338,RECOUNT - Shelf,11,2023-02-11 17:58:00,COUNT,,Shelf,Shelf
953,2/11/2023 18:3:44,000000000369,RECOUNT - Shelf,11,2023-02-11 18:03:44,COUNT,,Shelf,Shelf
954,2/11/2023 18:4:5,000000000369,RECOUNT - Cage,77,2023-02-11 18:04:05,COUNT,,Cage,Cage
955,2/11/2023 18:4:35,000000000376,RECOUNT - Shelf,6,2023-02-11 18:04:35,COUNT,,Shelf,Shelf
956,2/11/2023 18:4:53,000000000338,RECOUNT - Shelf,37,2023-02-11 18:04:53,COUNT,,Shelf,Shelf
957,2/11/2023 18:22:13,000000000000,RECOUNT - Cage,20,2023-02-11 18:22:13,COUNT,,Cage,Cage
958,2/11/2023 18:22:27,000000001137,RECOUNT - Cage,24,2023-02-11 18:22:27,COUNT,,Cage,Cage
959,2/11/2023 18:22:44,000000000000,RECOUNT - Shelf,3,2023-02-11 18:22:44,COUNT,,Shelf,Shelf
960,2/11/2023 18:23:34,000000001137,RECOUNT - Shelf,10,2023-02-11 18:23:34,COUNT,,Shelf,Shelf
961,2/11/2023 18:23:54,000000001137,RECOUNT - Cage,31,2023-02-11 18:23:54,COUNT,,Cage,Cage
962,2/11/2023 18:28:55,000000001120,RECOUNT - Cage,24,2023-02-11 18:28:55,COUNT,,Cage,Cage
963,2/11/2023 18:29:52,000000001120,RECOUNT - Shelf,18,2023-02-11 18:29:52,COUNT,,Shelf,Shelf
964,2/11/2023 18:34:37,000000000178,RECOUNT - Cage,5,2023-02-11 18:34:37,COUNT,,Cage,Cage
965,2/11/2023 18:34:46,000000000161,RECOUNT - Cage,15,2023-02-11 18:34:46,COUNT,,Cage,Cage
966,2/11/2023 18:34:54,000000000154,RECOUNT - Cage,5,2023-02-11 18:34:54,COUNT,,Cage,Cage
967,2/11/2023 18:35:1,000000000147,RECOUNT - Cage,10,2023-02-11 18:35:01,COUNT,,Cage,Cage
968,2/11/2023 18:35:12,000000000215,RECOUNT - Cage,14,2023-02-11 18:35:12,COUNT,,Cage,Cage
969,2/11/2023 18:35:18,000000000208,RECOUNT - Cage,10,2023-02-11 18:35:18,COUNT,,Cage,Cage
970,2/11/2023 18:35:26,000000000192,RECOUNT - Cage,8,2023-02-11 18:35:26,COUNT,,Cage,Cage
971,2/11/2023 18:35:32,000000000185,RECOUNT - Cage,13,2023-02-11 18:35:32,COUNT,,Cage,Cage
972,2/11/2023 18:37:14,000000000437,RECOUNT - Cage,2,2023-02-11 18:37:14,COUNT,,Cage,Cage
973,2/11/2023 18:37:23,000000000437,RECOUNT - Cage,3,2023-02-11 18:37:23,COUNT,,Cage,Cage
974,2/11/2023 18:37:34,000000000376,RECOUNT - Cage,42,2023-02-11 18:37:34,COUNT,,Cage,Cage
975,2/11/2023 18:42:0,000000000956,Shelf -> Other,1,2023-02-11 18:42:00,TAKEOUT,Shelf,,Shelf
976,2/11/2023 18:50:37,000000000390,Shelf -> Other,1,2023-02-11 18:50:37,TAKEOUT,Shelf,,Shelf
977,2/11/2023 18:53:29,000000001120,Shelf -> Other,1,2023-02-11 18:53:29,TAKEOUT,Shelf,,Shelf
978,2/11/2023 18:53:55,000000000390,Cage -> Shelf,2,2023-02-11 18:53:55,TRANSFER,Cage,Shelf,Shelf
979,2/11/2023 18:54:47,000000000437,RECOUNT - Cage,4,2023-02-11 18:54:47,COUNT,,Cage,Cage
980,2/11/2023 18:56:27,000000000284,Shelf -> Other,1,2023-02-11 18:56:27,TAKEOUT,Shelf,,Shelf
981,2/11/2023 18:56:33,000000000284,Shelf -> Other,1,2023-02-11 18:56:33,TAKEOUT,Shelf,,Shelf
982,2/11/2023 18:56:54,000000000277,Shelf -> Other,1,2023-02-11 18:56:54,TAKEOUT,Shelf,,Shelf
983,2/11/2023 18:57:11,000000000000,Cage -> Shelf,4,2023-02-11 18:57:11,TRANSFER,Cage,Shelf,Shelf
984,2/11/2023 18:57:28,000000000260,Shelf -> Other,2,2023-02-11 18:57:28,TAKEOUT,Shelf,,Shelf
985,2/11/2023 18:57:34,000000000253,Shelf -> Other,1,2023-02-11 18:57:34,TAKEOUT,Shelf,,Shelf
986,2/11/2023 18:57:40,000000000246,Shelf -> Other,1,2023-02-11 18:57:40,TAKEOUT,Shelf,,Shelf
987,2/11/2023 18:57:50,000000000239,Shelf -> Other,1,2023-02-11 18:57:50,TAKEOUT,Shelf,,Shelf
988,2/11/2023 18:58:0,000000000000,Shelf -> Other,2,2023-02-11 18:58:00,TAKEOUT,Shelf,,Shelf
989,2/11/2023 19:2:3,000000000031,Shelf -> Other,1,2023-02-11 19:02:03,TAKEOUT,Shelf,,Shelf
990,2/11/2023 22:45:57,000000000345,Shelf -> Other,2,2023-02-11 22:45:57,TAKEOUT,Shelf,,Shelf
991,2/11/2023 22:48:20,000000000758,Shelf -> Other,1,2023-02-11 22:48:20,TAKEOUT,Shelf,,Shelf
992,2/11/2023 22:51:1,000000000475,Shelf -> Other,1,2023-02-11 22:51:01,TAKEOUT,Shelf,,Shelf
993,2/11/2023 22:51:5,000000000468,Shelf -> Other,1,2023-02-11 22:51:05,TAKEOUT,Shelf,,Shelf
994,2/12/2023 0:47:22,000000000932,Cage -> Other,1,2023-02-12 00:47:22,TAKEOUT,Cage,,Cage
995,2/12/2023 0:51:12,000000000338,Cage -> Other,1,2023-02-12 00:51:12,TAKEOUT,Cage,,Cage
996,2/12/2023 7:38:24,000000000338,Shelf -> Other,1,2023-02-12 07:38:24,TAKEOUT,Shelf,,Shelf
997,2/12/2023 12:58:7,000000000741,Shelf -> Other,1,2023-02-12 12:58:07,TAKEOUT,Shelf,,Shelf
998,2/13/2023 15:14:21,000000000024,Shelf -> Other,1,2023-02-13 15:14:21,TAKEOUT,Shelf,,Shelf
999,2/13/2023 15:14:32,000000000055,Shelf -> Other,1,2023-02-13 15:14:32,TAKEOUT,Shelf,,Shelf
1000,2/13/2023 15:14:42,000000000017,Shelf -> Other,2,2023-02-13 15:14:42,TAKEOUT,Shelf,,Shelf
1001,2/13/2023 15:14:52,000000000000,Shelf -> Other,1,2023-02-13 15:14:52,TAKEOUT,Shelf,,Shelf
1002,2/13/2023 15:15:6,000000000062,Shelf -> Other,1,2023-02-13 15:15:06,TAKEOUT,Shelf,,Shelf
1003,2/14/2023 16:10:37,000000000574,Shelf -> Other,1,2023-02-14 16:10:37,TAKEOUT,Shelf,,Shelf
1004,2/14/2023 16:10:41,000000000567,Shelf -> Other,1,2023-02-14 16:10:41,TAKEOUT,Shelf,,Shelf
1005,2/14/2023 17:22:44,000000000567,Shelf -> Other,1,2023-02-14 17:22:44,TAKEOUT,Shelf,,Shelf
1006,2/14/2023 20:37:20,000000001137,Shelf -> Other,1,2023-02-14 20:37:20,TAKEOUT,Shelf,,Shelf
1007,2/14/2023 20:42:44,000000000338,Shelf -> Other,1,2023-02-14 20:42:44,TAKEOUT,Shelf,,Shelf
1008,2/14/2023 20:46:38,000000000000,Shelf -> Other,1,2023-02-14 20:46:38,TAKEOUT,Shelf,,Shelf
1009,2/14/2023 21:44:54,000000000369,Shelf -> Other,1,2023-02-14 21:44:54,TAKEOUT,Shelf,,Shelf
1010,2/15/2023 11:4:44,000000000338,Shelf -> Other,4,2023-02-15 11:04:44,TAKEOUT,Shelf,,Shelf
1011,2/15/2023 14:59:24,000000000314,RECOUNT - Shelf,4,2023-02-15 14:59:24,COUNT,,Shelf,Shelf
1012,2/15/2023 14:59:59,000000000307,RECOUNT - Shelf,1,2023-02-15 14:59:59,COUNT,,Shelf,Shelf
1013,2/15/2023 15:1:12,000000000291,RECOUNT - Shelf,2,2023-02-15 15:01:12,COUNT,,Shelf,Shelf
1014,2/15/2023 15:2:51,000000000284,RECOUNT - Shelf,2,2023-02-15 15:02:51,COUNT,,Shelf,Shelf
1015,2/15/2023 15:3:23,000000000277,RECOUNT - Shelf,1,2023-02-15 15:03:23,COUNT,,Shelf,Shelf
1016,2/15/2023 15:4:1,000000000260,RECOUNT - Shelf,2,2023-02-15 15:04:01,COUNT,,Shelf,Shelf
1017,2/15/2023 15:4:25,000000000253,RECOUNT - Shelf,1,2023-02-15 15:04:25,COUNT,,Shelf,Shelf
1018,2/15/2023 15:4:57,000000000246,RECOUNT - Shelf,1,2023-02-15 15:04:57,COUNT,,Shelf,Shelf
1019,2/15/2023 15:5:24,000000000239,RECOUNT - Shelf,1,2023-02-15 15:05:24,COUNT,,Shelf,Shelf
1020,2/15/2023 15:8:45,000000000147,RECOUNT - Shelf,2,2023-02-15 15:08:45,COUNT,,Shelf,Shelf
1021,2/15/2023 15:9:9,000000000154,RECOUNT - Shelf,3,2023-02-15 15:09:09,COUNT,,Shelf,Shelf
1022,2/15/2023 15:9:44,000000000161,RECOUNT - Shelf,1,2023-02-15 15:09:44,COUNT,,Shelf,Shelf
1023,2/15/2023 15:10:1,000000000178,RECOUNT - Shelf,2,2023-02-15 15:10:01,COUNT,,Shelf,Shelf
1024,2/15/2023 15:10:17,000000000185,RECOUNT - Shelf,2,2023-02-15 15:10:17,COUNT,,Shelf,Shelf
1025,2/15/2023 15:10:33,000000000192,RECOUNT - Shelf,4,2023-02-15 15:10:33,COUNT,,Shelf,Shelf
1026,2/15/2023 15:10:53,000000000208,RECOUNT - Shelf,1,2023-02-15 15:10:53,COUNT,,Shelf,Shelf
1027,2/15/2023 15:11:0,000000000215,RECOUNT - Shelf,2,2023-02-15 15:11:00,COUNT,,Shelf,Shelf
1028,2/15/2023 15:11:46,000000000000,RECOUNT - Shelf,3,2023-02-15 15:11:46,COUNT,,Shelf,Shelf
1029,2/15/2023 15:12:26,000000000413,RECOUNT - Shelf,5,2023-02-15 15:12:26,COUNT,,Shelf,Shelf
1030,2/15/2023 15:12:46,000000000963,RECOUNT - Shelf,1,2023-02-15 15:12:46,COUNT,,Shelf,Shelf
1031,2/15/2023 15:13:6,000000001014,RECOUNT - Shelf,5,2023-02-15 15:13:06,COUNT,,Shelf,Shelf
1032,2/15/2023 15:13:17,000000001045,RECOUNT - Shelf,5,2023-02-15 15:13:17,COUNT,,Shelf,Shelf
1033,2/15/2023 15:13:31,000000001021,RECOUNT - Shelf,2,2023-02-15 15:13:31,COUNT,,Shelf,Shelf
1034,2/15/2023 15:14:17,000000000970,RECOUNT - Shelf,2,2023-02-15 15:14:17,COUNT,,Shelf,Shelf
1035,2/15/2023 15:14:52,000000000772,RECOUNT - Shelf,1,2023-02-15 15:14:52,COUNT,,Shelf,Shelf
1036,2/15/2023 15:15:11,000000000840,RECOUNT - Shelf,5,2023-02-15 15:15:11,COUNT,,Shelf,Shelf
1037,2/15/2023 15:15:17,000000000789,RECOUNT - Shelf,2,2023-02-15 15:15:17,COUNT,,Shelf,Shelf
1038,2/15/2023 15:17:46,000000000468,RECOUNT - Shelf,5,2023-02-15 15:17:46,COUNT,,Shelf,Shelf
1039,2/15/2023 15:18:23,000000000475,RECOUNT - Shelf,1,2023-02-15 15:18:23,COUNT,,Shelf,Shelf
1040,2/15/2023 15:19:3,000000000482,RECOUNT - Shelf,3,2023-02-15 15:19:03,COUNT,,Shelf,Shelf
1041,2/15/2023 15:19:23,000000000499,RECOUNT - Shelf,2,2023-02-15 15:19:23,COUNT,,Shelf,Shelf
1042,2/15/2023 15:19:53,000000000505,RECOUNT - Shelf,3,2023-02-15 15:19:53,COUNT,,Shelf,Shelf
1043,2/15/2023 15:20:15,000000000512,RECOUNT - Shelf,4,2023-02-15 15:20:15,COUNT,,Shelf,Shelf
1044,2/15/2023 15:20:47,000000000529,RECOUNT - Shelf,5,2023-02-15 15:20:47,COUNT,,Shelf,Shelf
1045,2/15/2023 15:22:5,000000000444,RECOUNT - Shelf,1,2023-02-15 15:22:05,COUNT,,Shelf,Shelf
1046,2/15/2023 15:22:39,000000000451,RECOUNT - Shelf,5,2023-02-15 15:22:39,COUNT,,Shelf,Shelf
1047,2/15/2023 15:23:11,000000000536,RECOUNT - Shelf,2,2023-02-15 15:23:11,COUNT,,Shelf,Shelf
1048,2/15/2023 15:27:55,000000000970,RECOUNT - Cage,6,2023-02-15 15:27:55,COUNT,,Cage,Cage
1049,2/15/2023 15:28:1,000000000987,RECOUNT - Cage,2,2023-02-15 15:28:01,COUNT,,Cage,Cage
1050,2/15/2023 15:30:39,000000000451,RECOUNT - Cage,20,2023-02-15 15:30:39,COUNT,,Cage,Cage
1051,2/15/2023 15:30:54,000000000451,Cage -> Shelf,2,2023-02-15 15:30:54,TRANSFER,Cage,Shelf,Shelf
1052,2/15/2023 15:42:32,000000000451,RECOUNT - Cage,20,2023-02-15 15:42:32,COUNT,,Cage,Cage
1053,2/15/2023 15:45:43,000000000468,RECOUNT - Cage,5,2023-02-15 15:45:43,COUNT,,Cage,Cage
1054,2/15/2023 15:52:1,000000000475,RECOUNT - Cage,13,2023-02-15 15:52:01,COUNT,,Cage,Cage
1055,2/15/2023 15:53:21,000000000482,RECOUNT - Cage,8,2023-02-15 15:53:21,COUNT,,Cage,Cage
1056,2/15/2023 15:55:20,000000000499,RECOUNT - Cage,14,2023-02-15 15:55:20,COUNT,,Cage,Cage
1057,2/15/2023 15:56:45,000000000505,RECOUNT - Cage,6,2023-02-15 15:56:45,COUNT,,Cage,Cage
1058,2/15/2023 15:59:1,000000000512,RECOUNT - Cage,11,2023-02-15 15:59:01,COUNT,,Cage,Cage
1059,2/15/2023 16:0:27,000000000529,RECOUNT - Cage,20,2023-02-15 16:00:27,COUNT,,Cage,Cage
1060,2/15/2023 16:3:8,000000000239,RECOUNT - Cage,9,2023-02-15 16:03:08,COUNT,,Cage,Cage
1061,2/15/2023 16:4:34,000000000246,RECOUNT - Cage,6,2023-02-15 16:04:34,COUNT,,Cage,Cage
1062,2/15/2023 16:5:56,000000000253,RECOUNT - Cage,8,2023-02-15 16:05:56,COUNT,,Cage,Cage
1063,2/15/2023 16:7:6,000000000260,RECOUNT - Cage,11,2023-02-15 16:07:06,COUNT,,Cage,Cage
1064,2/15/2023 16:7:59,000000000277,RECOUNT - Cage,7,2023-02-15 16:07:59,COUNT,,Cage,Cage
1065,2/15/2023 16:9:3,000000000284,RECOUNT - Cage,10,2023-02-15 16:09:03,COUNT,,Cage,Cage
1066,2/15/2023 16:10:32,000000000291,RECOUNT - Cage,12,2023-02-15 16:10:32,COUNT,,Cage,Cage
1067,2/15/2023 16:11:32,000000000307,RECOUNT - Cage,8,2023-02-15 16:11:32,COUNT,,Cage,Cage
1068,2/15/2023 16:12:55,000000000314,RECOUNT - Cage,14,2023-02-15 16:12:55,COUNT,,Cage,Cage
1069,2/15/2023 17:27:18,000000000024,Shelf -> Other,4,2023-02-15 17:27:18,TAKEOUT,Shelf,,Shelf
1070,2/15/2023 17:29:59,000000000741,Shelf -> Other,1,2023-02-15 17:29:59,TAKEOUT,Shelf,,Shelf
1071,2/17/2023 9:52:40,000000000338,Shelf -> Other,1,2023-02-17 09:52:40,TAKEOUT,Shelf,,Shelf
1072,2/17/2023 16:58:39,000000000741,Shelf -> Other,1,2023-02-17 16:58:39,TAKEOUT,Shelf,,Shelf
1073,2/18/2023 17:33:32,000000001038,Cage -> Shelf,1,2023-02-18 17:33:32,TRANSFER,Cage,Shelf,Shelf
1074,2/18/2023 17:34:38,000000000338,Cage -> Shelf,5,2023-02-18 17:34:38,TRANSFER,Cage,Shelf,Shelf
1075,2/18/2023 17:35:11,000000000741,Cage -> Shelf,3,2023-02-18 17:35:11,TRANSFER,Cage,Shelf,Shelf
1076,2/18/2023 22:57:26,000000001137,Cage -> Shelf,1,2023-02-18 22:57:26,TRANSFER,Cage,Shelf,Shelf
1077,2/18/2023 23:0:1,000000000581,Shelf -> Other,15,2023-02-18 23:00:01,TAKEOUT,Shelf,,Shelf
1078,2/19/2023 0:15:50,000000000741,Shelf -> Other,1,2023-02-19 00:15:50,TAKEOUT,Shelf,,Shelf
1079,2/19/2023 0:15:56,000000001090,Shelf -> Other,1,2023-02-19 00:15:56,TAKEOUT,Shelf,,Shelf
1080,2/19/2023 0:23:49,000000000277,Shelf -> Other,1,2023-02-19 00:23:49,TAKEOUT,Shelf,,Shelf
1081,2/19/2023 0:23:54,000000000321,Shelf -> Other,1,2023-02-19 00:23:54,TAKEOUT,Shelf,,Shelf
1082,2/19/2023 0:27:55,000000000956,Shelf -> Other,1,2023-02-19 00:27:55,TAKEOUT,Shelf,,Shelf
1083,2/19/2023 0:29:49,000000000383,Shelf -> Other,1,2023-02-19 00:29:49,TAKEOUT,Shelf,,Shelf
1084,2/20/2023 10:51:2,000000000369,Shelf -> Other,1,2023-02-20 10:51:02,TAKEOUT,Shelf,,Shelf
1085,2/20/2023 11:40:34,000000000338,Shelf -> Other,2,2023-02-20 11:40:34,TAKEOUT,Shelf,,Shelf
1086,2/20/2023 11:42:46,000000000000,Shelf -> Other,1,2023-02-20 11:42:46,TAKEOUT,Shelf,,Shelf
1087,2/20/2023 11:48:46,000000000550,Shelf -> Other,1,2023-02-20 11:48:46,TAKEOUT,Shelf,,Shelf
1088,2/20/2023 11:49:36,000000000383,Shelf -> Other,1,2023-02-20 11:49:36,TAKEOUT,Shelf,,Shelf
1089,2/20/2023 11:54:54,000000000055,Shelf -> Other,2,2023-02-20 11:54:54,TAKEOUT,Shelf,,Shelf
1090,2/20/2023 11:55:3,000000000062,Shelf -> Other,1,2023-02-20 11:55:03,TAKEOUT,Shelf,,Shelf
1091,2/20/2023 12:11:25,000000000635,Shelf -> Other,2,2023-02-20 12:11:25,TAKEOUT,Shelf,,Shelf
1092,2/20/2023 12:44:8,000000000369,Shelf -> Other,1,2023-02-20 12:44:08,TAKEOUT,Shelf,,Shelf
1093,2/20/2023 14:8:3,000000000437,RECOUNT - Shelf,1,2023-02-20 14:08:03,COUNT,,Shelf,Shelf
1094,2/20/2023 14:13:33,000000000437,RECOUNT - Cage,3,2023-02-20 14:13:33,COUNT,,Cage,Cage
1095,2/20/2023 14:13:48,000000000000,Cage -> Shelf,4,2023-02-20 14:13:48,TRANSFER,Cage,Shelf,Shelf
1096,2/20/2023 14:15:14,000000000277,Cage -> Shelf,3,2023-02-20 14:15:14,TRANSFER,Cage,Shelf,Shelf
1097,2/20/2023 15:11:49,000000000550,Shelf -> Other,1,2023-02-20 15:11:49,TAKEOUT,Shelf,,Shelf
1098,2/21/2023 12:17:5,000000000093,Shelf -> Other,1,2023-02-21 12:17:05,TAKEOUT,Shelf,,Shelf
1099,2/21/2023 12:17:12,000000000109,Shelf -> Other,1,2023-02-21 12:17:12,TAKEOUT,Shelf,,Shelf
1100,2/21/2023 12:17:20,000000000116,Shelf -> Other,1,2023-02-21 12:17:20,TAKEOUT,Shelf,,Shelf
1101,2/22/2023 11:49:18,000000000550,Shelf -> Other,1,2023-02-22 11:49:18,TAKEOUT,Shelf,,Shelf
1102,2/22/2023 13:48:59,000000000581,Shelf -> Other,10,2023-02-22 13:48:59,TAKEOUT,Shelf,,Shelf
1103,2/22/2023 21:29:8,000000000017,Shelf -> Other,3,2023-02-22 21:29:08,TAKEOUT,Shelf,,Shelf
1104,2/22/2023 21:52:8,000000000062,Shelf -> Other,1,2023-02-22 21:52:08,TAKEOUT,Shelf,,Shelf
1105,2/22/2023 21:52:37,000000000840,Shelf -> Other,1,2023-02-22 21:52:37,TAKEOUT,Shelf,,Shelf
1106,2/24/2023 12:14:7,000000000338,Shelf -> Other,1,2023-02-24 12:14:07,TAKEOUT,Shelf,,Shelf
1107,2/24/2023 13:39:47,000000000741,Shelf -> Other,1,2023-02-24 13:39:47,TAKEOUT,Shelf,,Shelf
1108,2/24/2023 20:5:19,000000000338,Shelf -> Other,1,2023-02-24 20:05:19,TAKEOUT,Shelf,,Shelf
1109,2/24/2023 20:5:28,000000000581,Shelf -> Other,1,2023-02-24 20:05:28,TAKEOUT,Shelf,,Shelf
1110,2/25/2023 16:6:24,000000000741,Shelf -> Other,1,2023-02-25 16:06:24,TAKEOUT,Shelf,,Shelf
1111,2/25/2023 16:46:56,000000000260,Shelf -> Other,1,2023-02-25 16:46:56,TAKEOUT,Shelf,,Shelf
1112,2/25/2023 16:47:5,000000000321,Shelf -> Other,1,2023-02-25 16:47:05,TAKEOUT,Shelf,,Shelf
1113,2/26/2023 13:55:22,000000001120,Shelf -> Other,1,2023-02-26 13:55:22,TAKEOUT,Shelf,,Shelf
1114,2/26/2023 20:4:10,000000000260,Shelf -> Other,1,2023-02-26 20:04:10,TAKEOUT,Shelf,,Shelf
1115,2/26/2023 20:4:18,000000000321,Shelf -> Other,1,2023-02-26 20:04:18,TAKEOUT,Shelf,,Shelf
1116,2/27/2023 11:37:8,000000001144,Shelf -> Other,10,2023-02-27 11:37:08,TAKEOUT,Shelf,,Shelf
1117,2/27/2023 12:4:18,000000001090,Shelf -> Other,1,2023-02-27 12:04:18,TAKEOUT,Shelf,,Shelf
1118,2/27/2023 14:25:17,000000000338,Shelf -> Other,1,2023-02-27 14:25:17,TAKEOUT,Shelf,,Shelf
1119,2/27/2023 23:36:22,000000000840,Shelf -> Other,3,2023-02-27 23:36:22,TAKEOUT,Shelf,,Shelf
1120,2/27/2023 23:37:50,000000001120,Shelf -> Other,3,2023-02-27 23:37:50,TAKEOUT,Shelf,,Shelf
1121,2/27/2023 23:38:45,000000000024,Shelf -> Other,4,2023-02-27 23:38:45,TAKEOUT,Shelf,,Shelf
1122,2/27/2023 23:38:46,000000000024,Shelf -> Other,4,2023-02-27 23:38:46,TAKEOUT,Shelf,,Shelf
1123,2/27/2023 23:39:14,000000000017,Shelf -> Other,1,2023-02-27 23:39:14,TAKEOUT,Shelf,,Shelf
1124,2/28/2023 7:48:55,000000000338,Shelf -> Other,1,2023-02-28 07:48:55,TAKEOUT,Shelf,,Shelf
1125,2/28/2023 11:32:56,000000000642,Shelf -> Other,2,2023-02-28 11:32:56,TAKEOUT,Shelf,,Shelf
1126,3/1/2023 17:8:55,000000000338,Cage -> Shelf,5,2023-03-01 17:08:55,TRANSFER,Cage,Shelf,Shelf
1127,3/1/2023 18:42:2,000000001090,Cage -> Shelf,3,2023-03-01 18:42:02,TRANSFER,Cage,Shelf,Shelf
1128,3/1/2023 18:42:26,000000000710,Cage -> Other,1,2023-03-01 18:42:26,TAKEOUT,Cage,,Cage
1129,3/1/2023 18:56:18,000000000581,Shelf -> Other,12,2023-03-01 18:56:18,TAKEOUT,Shelf,,Shelf
1130,3/3/2023 10:51:4,000000000338,Shelf -> Other,1,2023-03-03 10:51:04,TAKEOUT,Shelf,,Shelf
1131,3/4/2023 11:2:31,000000000581,Cage -> Shelf,120,2023-03-04 11:02:31,TRANSFER,Cage,Shelf,Shelf
1132,3/5/2023 1:41:15,000000000369,Shelf -> Other,1,2023-03-05 01:41:15,TAKEOUT,Shelf,,Shelf
1133,3/5/2023 9:58:22,000000000925,RECOUNT - Cage,9,2023-03-05 09:58:22,COUNT,,Cage,Cage
1134,3/5/2023 9:58:56,000000000932,RECOUNT - Cage,1,2023-03-05 09:58:56,COUNT,,Cage,Cage
1135,3/5/2023 9:59:29,000000000949,RECOUNT - Cage,2,2023-03-05 09:59:29,COUNT,,Cage,Cage
1136,3/5/2023 10:0:17,000000000048,RECOUNT - Cage,11,2023-03-05 10:00:17,COUNT,,Cage,Cage
1137,3/5/2023 10:1:34,000000000963,RECOUNT - Cage,7,2023-03-05 10:01:34,COUNT,,Cage,Cage
1138,3/5/2023 10:21:12,000000000338,RECOUNT - Shelf,5,2023-03-05 10:21:12,COUNT,,Shelf,Shelf
1139,3/5/2023 11:54:18,000000000338,RECOUNT - Cage,27,2023-03-05 11:54:18,COUNT,,Cage,Cage
1140,3/5/2023 11:54:34,000000000338,Cage -> Shelf,5,2023-03-05 11:54:34,TRANSFER,Cage,Shelf,Shelf
1141,3/5/2023 12:9:3,000000001137,RECOUNT - Shelf,8,2023-03-05 12:09:03,COUNT,,Shelf,Shelf
1142,3/5/2023 12:11:59,000000000765,RECOUNT - Shelf,2,2023-03-05 12:11:59,COUNT,,Shelf,Shelf
1143,3/5/2023 12:12:48,000000001120,RECOUNT - Shelf,13,2023-03-05 12:12:48,COUNT,,Shelf,Shelf
1144,3/5/2023 12:13:3,000000001137,RECOUNT - Shelf,8,2023-03-05 12:13:03,COUNT,,Shelf,Shelf
1145,3/5/2023 12:14:6,000000000420,RECOUNT - Shelf,3,2023-03-05 12:14:06,COUNT,,Shelf,Shelf
1146,3/5/2023 12:20:11,000000000406,RECOUNT - Shelf,1,2023-03-05 12:20:11,COUNT,,Shelf,Shelf
1147,3/5/2023 12:20:22,000000000390,RECOUNT - Shelf,2,2023-03-05 12:20:22,COUNT,,Shelf,Shelf
1148,3/5/2023 12:20:29,000000000383,RECOUNT - Shelf,2,2023-03-05 12:20:29,COUNT,,Shelf,Shelf
1149,3/5/2023 12:26:38,000000000390,RECOUNT - Cage,13,2023-03-05 12:26:38,COUNT,,Cage,Cage
1150,3/5/2023 12:27:4,000000000406,RECOUNT - Cage,3,2023-03-05 12:27:04,COUNT,,Cage,Cage
1151,3/5/2023 12:31:37,000000001007,RECOUNT - Shelf,1,2023-03-05 12:31:37,COUNT,,Shelf,Shelf
1152,3/5/2023 12:36:48,000000000000,RECOUNT - Shelf,4,2023-03-05 12:36:48,COUNT,,Shelf,Shelf
1153,3/5/2023 12:37:0,000000000000,RECOUNT - Cage,12,2023-03-05 12:37:00,COUNT,,Cage,Cage
1154,3/5/2023 12:38:27,000000001113,Cage -> Shelf,400,2023-03-05 12:38:27,TRANSFER,Cage,Shelf,Shelf
1155,3/5/2023 12:41:18,000000000840,Cage -> Shelf,12,2023-03-05 12:41:18,TRANSFER,Cage,Shelf,Shelf
1156,3/5/2023 12:42:12,000000000772,RECOUNT - Shelf,1,2023-03-05 12:42:12,COUNT,,Shelf,Shelf
1157,3/5/2023 12:45:35,000000001175,Cage -> Shelf,1,2023-03-05 12:45:35,TRANSFER,Cage,Shelf,Shelf
1158,3/5/2023 12:49:50,000000000024,Cage -> Shelf,100,2023-03-05 12:49:50,TRANSFER,Cage,Shelf,Shelf
1159,3/5/2023 12:52:57,000000000062,Cage -> Shelf,12,2023-03-05 12:52:57,TRANSFER,Cage,Shelf,Shelf
1160,3/5/2023 12:53:39,000000000055,Cage -> Shelf,12,2023-03-05 12:53:39,TRANSFER,Cage,Shelf,Shelf
1161,3/5/2023 12:54:17,000000000093,Cage -> Shelf,12,2023-03-05 12:54:17,TRANSFER,Cage,Shelf,Shelf
1162,3/5/2023 12:56:53,000000000369,Cage -> Shelf,4,2023-03-05 12:56:53,TRANSFER,Cage,Shelf,Shelf
1163,3/5/2023 13:6:50,000000000918,RECOUNT - Cage,3,2023-03-05 13:06:50,COUNT,,Cage,Cage
1164,3/5/2023 13:8:59,000000000567,Cage -> Shelf,2,2023-03-05 13:08:59,TRANSFER,Cage,Shelf,Shelf
1165,3/5/2023 13:9:11,000000000574,Cage -> Shelf,2,2023-03-05 13:09:11,TRANSFER,Cage,Shelf,Shelf
1166,3/5/2023 13:16:8,000000000260,Cage -> Shelf,2,2023-03-05 13:16:08,TRANSFER,Cage,Shelf,Shelf
1167,3/5/2023 15:40:32,000000001120,Shelf -> Other,1,2023-03-05 15:40:32,TAKEOUT,Shelf,,Shelf
1168,3/5/2023 21:12:48,000000001120,Shelf -> Other,1,2023-03-05 21:12:48,TAKEOUT,Shelf,,Shelf
1169,3/6/2023 8:23:13,000000000567,Shelf -> Other,1,2023-03-06 08:23:13,TAKEOUT,Shelf,,Shelf
1170,3/7/2023 23:40:3,000000000567,Shelf -> Other,1,2023-03-07 23:40:03,TAKEOUT,Shelf,,Shelf
1171,3/8/2023 9:12:10,000000000017,Shelf -> Other,2,2023-03-08 09:12:10,TAKEOUT,Shelf,,Shelf
1172,3/8/2023 11:20:56,000000000338,Shelf -> Other,1,2023-03-08 11:20:56,TAKEOUT,Shelf,,Shelf
1173,3/8/2023 15:18:53,000000000369,Shelf -> Other,1,2023-03-08 15:18:53,TAKEOUT,Shelf,,Shelf
1174,3/8/2023 15:21:24,000000000338,Shelf -> Other,1,2023-03-08 15:21:24,TAKEOUT,Shelf,,Shelf
1175,3/9/2023 22:50:47,000000000338,Shelf -> Other,1,2023-03-09 22:50:47,TAKEOUT,Shelf,,Shelf
1176,3/10/2023 8:7:0,000000000062,Shelf -> Other,3,2023-03-10 08:07:00,TAKEOUT,Shelf,,Shelf
1177,3/10/2023 11:10:18,000000000338,Shelf -> Other,1,2023-03-10 11:10:18,TAKEOUT,Shelf,,Shelf
1178,3/10/2023 14:4:9,000000001151,Delivery -> Cage,2,2023-03-10 14:04:09,RESTOCK,,Cage,Cage
1179,3/10/2023 14:4:21,000000000000,Delivery -> Cage,24,2023-03-10 14:04:21,RESTOCK,,Cage,Cage
1180,3/10/2023 14:4:32,000000000338,Delivery -> Cage,50,2023-03-10 14:04:32,RESTOCK,,Cage,Cage
1181,3/10/2023 14:4:50,000000000840,Delivery -> Cage,24,2023-03-10 14:04:50,RESTOCK,,Cage,Cage
1182,3/10/2023 14:5:3,000000000550,Delivery -> Cage,10,2023-03-10 14:05:03,RESTOCK,,Cage,Cage
1183,3/10/2023 14:5:28,000000000567,Delivery -> Cage,10,2023-03-10 14:05:28,RESTOCK,,Cage,Cage
1184,3/10/2023 14:6:30,000000000567,Cage -> Shelf,3,2023-03-10 14:06:30,TRANSFER,Cage,Shelf,Shelf
1185,3/10/2023 17:19:28,000000001120,Shelf -> Other,2,2023-03-10 17:19:28,TAKEOUT,Shelf,,Shelf
1186,3/11/2023 13:7:18,000000000758,Shelf -> Other,1,2023-03-11 13:07:18,TAKEOUT,Shelf,,Shelf
1187,3/11/2023 21:36:28,000000000345,Shelf -> Other,3,2023-03-11 21:36:28,TAKEOUT,Shelf,,Shelf
1188,3/12/2023 1:34:48,000000000741,Shelf -> Other,1,2023-03-12 01:34:48,TAKEOUT,Shelf,,Shelf
1189,3/12/2023 1:46:58,000000000024,Shelf -> Other,1,2023-03-12 01:46:58,TAKEOUT,Shelf,,Shelf
1190,3/12/2023 1:47:14,000000000840,Shelf -> Other,2,2023-03-12 01:47:14,TAKEOUT,Shelf,,Shelf
1191,3/13/2023 7:45:34,000000000338,Shelf -> Other,1,2023-03-13 07:45:34,TAKEOUT,Shelf,,Shelf
1192,3/13/2023 7:46:14,000000000345,Shelf -> Other,1,2023-03-13 07:46:14,TAKEOUT,Shelf,,Shelf
1193,3/13/2023 7:47:37,000000000574,Shelf -> Other,1,2023-03-13 07:47:37,TAKEOUT,Shelf,,Shelf
1194,3/13/2023 7:47:46,000000000567,Shelf -> Other,2,2023-03-13 07:47:46,TAKEOUT,Shelf,,Shelf
1195,3/13/2023 8:14:18,000000000024,Shelf -> Other,4,2023-03-13 08:14:18,TAKEOUT,Shelf,,Shelf
1196,3/13/2023 8:17:58,000000000024,Shelf -> Other,4,2023-03-13 08:17:58,TAKEOUT,Shelf,,Shelf
1197,3/13/2023 8:18:9,000000000000,Shelf -> Other,1,2023-03-13 08:18:09,TAKEOUT,Shelf,,Shelf
1198,3/13/2023 16:19:22,000000000581,Shelf -> Other,1,2023-03-13 16:19:22,TAKEOUT,Shelf,,Shelf
1199,3/13/2023 16:19:36,000000000369,Shelf -> Other,1,2023-03-13 16:19:36,TAKEOUT,Shelf,,Shelf
1200,3/13/2023 17:8:38,000000000918,RECOUNT - Cage,2,2023-03-13 17:08:38,COUNT,,Cage,Cage
1201,3/13/2023 17:10:0,000000001038,RECOUNT - Shelf,1,2023-03-13 17:10:00,COUNT,,Shelf,Shelf
1202,3/13/2023 21:43:11,000000000383,Shelf -> Other,1,2023-03-13 21:43:11,TAKEOUT,Shelf,,Shelf
1203,3/13/2023 21:44:41,000000000567,Shelf -> Other,1,2023-03-13 21:44:41,TAKEOUT,Shelf,,Shelf
1204,3/13/2023 21:44:44,000000000338,Shelf -> Other,1,2023-03-13 21:44:44,TAKEOUT,Shelf,,Shelf
1205,3/13/2023 21:45:17,000000000567,Shelf -> Other,1,2023-03-13 21:45:17,TAKEOUT,Shelf,,Shelf
1206,3/14/2023 11:29:39,000000000338,Shelf -> Other,1,2023-03-14 11:29:39,TAKEOUT,Shelf,,Shelf
1207,3/14/2023 11:38:47,000000000550,Shelf -> Other,1,2023-03-14 11:38:47,TAKEOUT,Shelf,,Shelf
1208,3/14/2023 11:39:46,000000000581,Shelf -> Other,15,2023-03-14 11:39:46,TAKEOUT,Shelf,,Shelf
1209,3/14/2023 19:11:52,000000000338,Cage -> Shelf,8,2023-03-14 19:11:52,TRANSFER,Cage,Shelf,Shelf
1210,3/14/2023 19:16:23,000000000383,Cage -> Shelf,2,2023-03-14 19:16:23,TRANSFER,Cage,Shelf,Shelf
1211,3/14/2023 19:16:32,000000000741,Cage -> Shelf,2,2023-03-14 19:16:32,TRANSFER,Cage,Shelf,Shelf
1212,3/14/2023 19:18:17,000000000567,Cage -> Shelf,4,2023-03-14 19:18:17,TRANSFER,Cage,Shelf,Shelf
1213,3/15/2023 13:47:6,000000000338,Shelf -> Other,3,2023-03-15 13:47:06,TAKEOUT,Shelf,,Shelf
1214,3/17/2023 19:4:8,000000000000,Shelf -> Other,1,2023-03-17 19:04:08,TAKEOUT,Shelf,,Shelf
1215,3/17/2023 19:23:9,000000000581,Shelf -> Other,1,2023-03-17 19:23:09,TAKEOUT,Shelf,,Shelf
1216,3/17/2023 19:26:19,000000000710,Cage -> Other,1,2023-03-17 19:26:19,TAKEOUT,Cage,,Cage
1217,3/17/2023 21:13:7,000000000741,Shelf -> Other,1,2023-03-17 21:13:07,TAKEOUT,Shelf,,Shelf
1218,3/18/2023 16:2:25,000000000338,Shelf -> Other,1,2023-03-18 16:02:25,TAKEOUT,Shelf,,Shelf
1219,3/20/2023 9:12:25,000000000062,Shelf -> Other,5,2023-03-20 09:12:25,TAKEOUT,Shelf,,Shelf
1220,3/20/2023 10:35:2,000000000338,Shelf -> Other,2,2023-03-20 10:35:02,TAKEOUT,Shelf,,Shelf
1221,3/20/2023 16:29:23,000000000741,Shelf -> Other,1,2023-03-20 16:29:23,TAKEOUT,Shelf,,Shelf
1222,3/21/2023 11:30:13,000000000338,Shelf -> Other,1,2023-03-21 11:30:13,TAKEOUT,Shelf,,Shelf
1223,3/21/2023 11:37:42,000000001144,Shelf -> Other,6,2023-03-21 11:37:42,TAKEOUT,Shelf,,Shelf
1224,3/21/2023 18:42:14,000000000451,Shelf -> Other,1,2023-03-21 18:42:14,TAKEOUT,Shelf,,Shelf
1225,3/21/2023 18:42:18,000000000536,Shelf -> Other,1,2023-03-21 18:42:18,TAKEOUT,Shelf,,Shelf
1226,3/21/2023 18:44:45,000000000529,Shelf -> Other,1,2023-03-21 18:44:45,TAKEOUT,Shelf,,Shelf
1227,3/21/2023 18:45:18,000000000468,Shelf -> Other,1,2023-03-21 18:45:18,TAKEOUT,Shelf,,Shelf
1228,3/21/2023 20:25:39,000000000338,Shelf -> Other,1,2023-03-21 20:25:39,TAKEOUT,Shelf,,Shelf
1229,3/22/2023 12:33:40,000000000338,Cage -> Shelf,8,2023-03-22 12:33:40,TRANSFER,Cage,Shelf,Shelf
1230,3/22/2023 12:37:20,000000000741,Cage -> Shelf,3,2023-03-22 12:37:20,TRANSFER,Cage,Shelf,Shelf
1231,3/22/2023 12:47:9,000000000536,Cage -> Shelf,3,2023-03-22 12:47:09,TRANSFER,Cage,Shelf,Shelf
1232,3/25/2023 20:23:26,000000000925,Cage -> Other,1,2023-03-25 20:23:26,TAKEOUT,Cage,,Cage
1233,3/25/2023 20:26:45,000000001151,Shelf -> Other,1,2023-03-25 20:26:45,TAKEOUT,Shelf,,Shelf
1234,3/25/2023 22:12:14,000000000932,Cage -> Other,1,2023-03-25 22:12:14,TAKEOUT,Cage,,Cage
1235,3/25/2023 22:25:13,000000000369,Shelf -> Other,1,2023-03-25 22:25:13,TAKEOUT,Shelf,,Shelf
1236,3/26/2023 19:7:13,000000001090,Shelf -> Other,1,2023-03-26 19:07:13,TAKEOUT,Shelf,,Shelf
1237,3/27/2023 10:31:25,000000001175,Shelf -> Other,1,2023-03-27 10:31:25,TAKEOUT,Shelf,,Shelf
1238,3/27/2023 10:47:45,000000000840,Shelf -> Other,1,2023-03-27 10:47:45,TAKEOUT,Shelf,,Shelf
1239,3/27/2023 20:22:33,000000000369,Shelf -> Other,1,2023-03-27 20:22:33,TAKEOUT,Shelf,,Shelf
1240,3/27/2023 20:23:6,000000000338,Shelf -> Other,1,2023-03-27 20:23:06,TAKEOUT,Shelf,,Shelf
1241,3/27/2023 20:30:43,000000000024,Shelf -> Other,15,2023-03-27 20:30:43,TAKEOUT,Shelf,,Shelf
1242,3/27/2023 20:30:55,000000000550,Shelf -> Other,2,2023-03-27 20:30:55,TAKEOUT,Shelf,,Shelf
1243,3/27/2023 20:31:28,000000000543,Shelf -> Other,1,2023-03-27 20:31:28,TAKEOUT,Shelf,,Shelf
1244,3/28/2023 10:33:42,000000000536,Shelf -> Other,1,2023-03-28 10:33:42,TAKEOUT,Shelf,,Shelf
1245,3/28/2023 10:43:9,000000000536,Shelf -> Other,1,2023-03-28 10:43:09,TAKEOUT,Shelf,,Shelf
1246,3/28/2023 10:43:43,000000000451,Shelf -> Other,1,2023-03-28 10:43:43,TAKEOUT,Shelf,,Shelf
1247,3/28/2023 10:44:26,000000000451,Shelf -> Other,1,2023-03-28 10:44:26,TAKEOUT,Shelf,,Shelf
1248,3/28/2023 10:44:33,000000000307,Shelf -> Other,1,2023-03-28 10:44:33,TAKEOUT,Shelf,,Shelf
1249,3/28/2023 10:45:30,000000000543,Shelf -> Other,2,2023-03-28 10:45:30,TAKEOUT,Shelf,,Shelf
1250,3/28/2023 14:13:13,000000000550,Shelf -> Other,1,2023-03-28 14:13:13,TAKEOUT,Shelf,,Shelf
1251,3/28/2023 14:13:17,000000000567,Shelf -> Other,1,2023-03-28 14:13:17,TAKEOUT,Shelf,,Shelf
1252,3/28/2023 14:15:17,000000000000,Shelf -> Other,1,2023-03-28 14:15:17,TAKEOUT,Shelf,,Shelf
1253,3/28/2023 14:15:44,000000000024,Shelf -> Other,10,2023-03-28 14:15:44,TAKEOUT,Shelf,,Shelf
1254,3/28/2023 14:16:39,000000000451,Shelf -> Other,1,2023-03-28 14:16:39,TAKEOUT,Shelf,,Shelf
1255,3/28/2023 14:16:45,000000000369,Shelf -> Other,1,2023-03-28 14:16:45,TAKEOUT,Shelf,,Shelf
1256,3/28/2023 14:17:5,000000001014,Shelf -> Other,1,2023-03-28 14:17:05,TAKEOUT,Shelf,,Shelf
1257,3/28/2023 14:17:46,000000000109,Shelf -> Other,1,2023-03-28 14:17:46,TAKEOUT,Shelf,,Shelf
1258,3/28/2023 14:18:21,000000000536,Shelf -> Other,1,2023-03-28 14:18:21,TAKEOUT,Shelf,,Shelf
1259,3/28/2023 14:33:12,000000000581,Shelf -> Other,20,2023-03-28 14:33:12,TAKEOUT,Shelf,,Shelf
1260,3/29/2023 11:28:43,000000000017,Shelf -> Other,1,2023-03-29 11:28:43,TAKEOUT,Shelf,,Shelf
1261,3/29/2023 13:14:37,000000000550,Cage -> Shelf,3,2023-03-29 13:14:37,TRANSFER,Cage,Shelf,Shelf
1262,3/29/2023 13:14:48,000000000536,Cage -> Shelf,2,2023-03-29 13:14:48,TRANSFER,Cage,Shelf,Shelf
1263,3/29/2023 13:18:27,000000000369,Cage -> Shelf,4,2023-03-29 13:18:27,TRANSFER,Cage,Shelf,Shelf
1264,3/29/2023 13:18:50,000000000000,Cage -> Shelf,4,2023-03-29 13:18:50,TRANSFER,Cage,Shelf,Shelf
1265,3/29/2023 13:19:25,000000000918,Delivery -> Cage,1,2023-03-29 13:19:25,RESTOCK,,Cage,Cage
1266,3/29/2023 13:20:48,000000001090,Cage -> Shelf,2,2023-03-29 13:20:48,TRANSFER,Cage,Shelf,Shelf
1267,3/29/2023 13:20:56,000000000451,Cage -> Shelf,2,2023-03-29 13:20:56,TRANSFER,Cage,Shelf,Shelf
1268,3/29/2023 19:5:50,000000000581,Shelf -> Other,10,2023-03-29 19:05:50,TAKEOUT,Shelf,,Shelf
1269,3/31/2023 11:35:59,000000000376,Shelf -> Other,1,2023-03-31 11:35:59,TAKEOUT,Shelf,,Shelf
1270,4/1/2023 18:14:32,000000000369,Shelf -> Other,1,2023-04-01 18:14:32,TAKEOUT,Shelf,,Shelf
1271,4/2/2023 16:37:17,000000000291,Shelf -> Other,1,2023-04-02 16:37:17,TAKEOUT,Shelf,,Shelf
1272,4/2/2023 18:29:51,000000000840,Shelf -> Other,1,2023-04-02 18:29:51,TAKEOUT,Shelf,,Shelf
1273,4/3/2023 13:50:49,000000000369,Shelf -> Other,2,2023-04-03 13:50:49,TAKEOUT,Shelf,,Shelf
1274,4/4/2023 10:32:11,000000000338,Shelf -> Other,1,2023-04-04 10:32:11,TAKEOUT,Shelf,,Shelf
1275,4/4/2023 10:33:24,000000000550,Shelf -> Other,1,2023-04-04 10:33:24,TAKEOUT,Shelf,,Shelf
1276,4/4/2023 10:33:32,000000000567,Shelf -> Other,1,2023-04-04 10:33:32,TAKEOUT,Shelf,,Shelf
1277,4/4/2023 11:7:19,000000000338,Shelf -> Other,1,2023-04-04 11:07:19,TAKEOUT,Shelf,,Shelf
1278,4/4/2023 11:8:1,000000000338,Shelf -> Other,1,2023-04-04 11:08:01,TAKEOUT,Shelf,,Shelf
1279,4/4/2023 15:35:34,000000000031,Shelf -> Other,1,2023-04-04 15:35:34,TAKEOUT,Shelf,,Shelf
1280,4/4/2023 16:33:12,000000000031,Cage -> Shelf,4,2023-04-04 16:33:12,TRANSFER,Cage,Shelf,Shelf
1281,4/4/2023 16:33:23,000000000031,Shelf -> Other,1,2023-04-04 16:33:23,TAKEOUT,Shelf,,Shelf
1282,4/4/2023 19:12:21,000000001120,Shelf -> Other,2,2023-04-04 19:12:21,TAKEOUT,Shelf,,Shelf
1283,4/4/2023 19:12:38,000000000055,Shelf -> Other,2,2023-04-04 19:12:38,TAKEOUT,Shelf,,Shelf
1284,4/4/2023 19:14:25,000000000024,Shelf -> Other,2,2023-04-04 19:14:25,TAKEOUT,Shelf,,Shelf
1285,4/4/2023 19:14:44,000000000062,Shelf -> Other,2,2023-04-04 19:14:44,TAKEOUT,Shelf,,Shelf
1286,4/4/2023 19:15:3,000000000017,Shelf -> Other,2,2023-04-04 19:15:03,TAKEOUT,Shelf,,Shelf
1287,4/4/2023 19:16:4,000000000567,Shelf -> Other,1,2023-04-04 19:16:04,TAKEOUT,Shelf,,Shelf
1288,4/4/2023 19:27:18,000000000024,Shelf -> Other,10,2023-04-04 19:27:18,TAKEOUT,Shelf,,Shelf
1289,4/4/2023 19:27:26,000000000017,Shelf -> Other,3,2023-04-04 19:27:26,TAKEOUT,Shelf,,Shelf
1290,4/4/2023 19:55:20,000000000369,Shelf -> Other,1,2023-04-04 19:55:20,TAKEOUT,Shelf,,Shelf
1291,4/4/2023 19:55:22,000000000024,Shelf -> Other,1,2023-04-04 19:55:22,TAKEOUT,Shelf,,Shelf
1292,4/4/2023 19:55:34,000000000024,Shelf -> Other,5,2023-04-04 19:55:34,TAKEOUT,Shelf,,Shelf
1293,4/5/2023 5:4:10,000000000567,Shelf -> Other,1,2023-04-05 05:04:10,TAKEOUT,Shelf,,Shelf
1294,4/5/2023 20:27:51,000000000840,Shelf -> Other,2,2023-04-05 20:27:51,TAKEOUT,Shelf,,Shelf
1295,4/5/2023 23:31:9,000000000338,Shelf -> Other,1,2023-04-05 23:31:09,TAKEOUT,Shelf,,Shelf
1296,4/5/2023 23:31:27,000000000345,Shelf -> Other,1,2023-04-05 23:31:27,TAKEOUT,Shelf,,Shelf
1297,4/6/2023 8:10:26,000000000369,Shelf -> Other,1,2023-04-06 08:10:26,TAKEOUT,Shelf,,Shelf
1298,4/6/2023 19:43:28,000000000017,Cage -> Shelf,20,2023-04-06 19:43:28,TRANSFER,Cage,Shelf,Shelf
1299,4/6/2023 19:46:20,000000000369,Cage -> Shelf,23,2023-04-06 19:46:20,TRANSFER,Cage,Shelf,Shelf
1300,4/6/2023 19:48:18,000000000338,Cage -> Shelf,6,2023-04-06 19:48:18,TRANSFER,Cage,Shelf,Shelf
1301,4/6/2023 19:49:39,000000000376,Cage -> Shelf,5,2023-04-06 19:49:39,TRANSFER,Cage,Shelf,Shelf
1302,4/6/2023 19:52:44,000000000567,Cage -> Shelf,3,2023-04-06 19:52:44,TRANSFER,Cage,Shelf,Shelf
1303,4/6/2023 19:58:32,000000000307,Cage -> Shelf,2,2023-04-06 19:58:32,TRANSFER,Cage,Shelf,Shelf
1304,4/6/2023 20:2:52,000000001151,Cage -> Shelf,1,2023-04-06 20:02:52,TRANSFER,Cage,Shelf,Shelf
1305,4/6/2023 20:11:59,000000000581,Cage -> Shelf,60,2023-04-06 20:11:59,TRANSFER,Cage,Shelf,Shelf
1306,4/6/2023 21:20:4,000000000451,Shelf -> Other,1,2023-04-06 21:20:04,TAKEOUT,Shelf,,Shelf
1307,4/6/2023 21:21:1,000000000369,Shelf -> Other,1,2023-04-06 21:21:01,TAKEOUT,Shelf,,Shelf
1308,4/7/2023 11:24:40,000000000338,Shelf -> Other,2,2023-04-07 11:24:40,TAKEOUT,Shelf,,Shelf
1309,4/7/2023 11:35:7,000000000017,Shelf -> Other,1,2023-04-07 11:35:07,TAKEOUT,Shelf,,Shelf
1310,4/7/2023 21:48:59,000000000338,Shelf -> Other,1,2023-04-07 21:48:59,TAKEOUT,Shelf,,Shelf
1311,4/7/2023 21:49:13,000000000369,Shelf -> Other,1,2023-04-07 21:49:13,TAKEOUT,Shelf,,Shelf
1312,4/7/2023 21:49:52,000000000338,Shelf -> Other,1,2023-04-07 21:49:52,TAKEOUT,Shelf,,Shelf
1313,4/8/2023 14:5:32,000000000338,Shelf -> Other,1,2023-04-08 14:05:32,TAKEOUT,Shelf,,Shelf
1314,4/8/2023 21:17:42,000000001090,Shelf -> Other,1,2023-04-08 21:17:42,TAKEOUT,Shelf,,Shelf
1315,4/8/2023 21:17:47,000000000338,Shelf -> Other,1,2023-04-08 21:17:47,TAKEOUT,Shelf,,Shelf
1316,4/8/2023 21:18:20,000000000369,Shelf -> Other,1,2023-04-08 21:18:20,TAKEOUT,Shelf,,Shelf
1317,4/8/2023 21:18:41,000000000345,Shelf -> Other,1,2023-04-08 21:18:41,TAKEOUT,Shelf,,Shelf
1318,4/8/2023 21:25:35,000000000000,Shelf -> Other,1,2023-04-08 21:25:35,TAKEOUT,Shelf,,Shelf
1319,4/8/2023 21:26:54,000000000840,Shelf -> Other,1,2023-04-08 21:26:54,TAKEOUT,Shelf,,Shelf
1320,4/8/2023 22:10:44,000000000024,Shelf -> Other,1,2023-04-08 22:10:44,TAKEOUT,Shelf,,Shelf
1321,4/8/2023 22:10:47,000000000017,Shelf -> Other,1,2023-04-08 22:10:47,TAKEOUT,Shelf,,Shelf
1322,4/8/2023 22:11:19,000000000062,Shelf -> Other,1,2023-04-08 22:11:19,TAKEOUT,Shelf,,Shelf
1323,4/8/2023 22:15:9,000000000000,Shelf -> Other,1,2023-04-08 22:15:09,TAKEOUT,Shelf,,Shelf
1324,4/10/2023 13:44:58,000000000017,Shelf -> Other,2,2023-04-10 13:44:58,TAKEOUT,Shelf,,Shelf
1325,4/10/2023 13:45:45,000000000062,Shelf -> Other,1,2023-04-10 13:45:45,TAKEOUT,Shelf,,Shelf
1326,4/10/2023 17:8:12,000000001137,Shelf -> Other,1,2023-04-10 17:08:12,TAKEOUT,Shelf,,Shelf
1327,4/10/2023 20:51:26,000000000543,Shelf -> Other,1,2023-04-10 20:51:26,TAKEOUT,Shelf,,Shelf
1328,4/10/2023 20:52:8,000000000543,Shelf -> Other,1,2023-04-10 20:52:08,TAKEOUT,Shelf,,Shelf
1329,4/10/2023 20:52:31,000000000024,Shelf -> Other,20,2023-04-10 20:52:31,TAKEOUT,Shelf,,Shelf
1330,4/10/2023 20:53:39,000000000055,Shelf -> Other,10,2023-04-10 20:53:39,TAKEOUT,Shelf,,Shelf
1331,4/11/2023 11:6:10,000000000376,Shelf -> Other,1,2023-04-11 11:06:10,TAKEOUT,Shelf,,Shelf
1332,4/11/2023 11:9:3,000000001090,Shelf -> Other,1,2023-04-11 11:09:03,TAKEOUT,Shelf,,Shelf
1333,4/11/2023 14:28:29,000000000932,Delivery -> Cage,6,2023-04-11 14:28:29,RESTOCK,,Cage,Cage
1334,4/11/2023 14:34:24,000000000338,Cage -> Shelf,5,2023-04-11 14:34:24,TRANSFER,Cage,Shelf,Shelf
1335,4/11/2023 16:44:55,000000000055,Shelf -> Other,2,2023-04-11 16:44:55,TAKEOUT,Shelf,,Shelf
1336,4/11/2023 16:45:16,000000000017,Shelf -> Other,5,2023-04-11 16:45:16,TAKEOUT,Shelf,,Shelf
1337,4/11/2023 16:47:34,000000000338,Shelf -> Other,1,2023-04-11 16:47:34,TAKEOUT,Shelf,,Shelf
1338,4/11/2023 16:47:45,000000000000,Shelf -> Other,1,2023-04-11 16:47:45,TAKEOUT,Shelf,,Shelf
1339,4/11/2023 17:26:37,000000000024,Shelf -> Other,10,2023-04-11 17:26:37,TAKEOUT,Shelf,,Shelf
1340,4/11/2023 17:47:33,000000000581,Shelf -> Other,10,2023-04-11 17:47:33,TAKEOUT,Shelf,,Shelf
1341,4/12/2023 1:44:21,000000001120,Shelf -> Other,1,2023-04-12 01:44:21,TAKEOUT,Shelf,,Shelf
1342,4/13/2023 10:57:32,000000000840,Shelf -> Other,1,2023-04-13 10:57:32,TAKEOUT,Shelf,,Shelf
1343,4/13/2023 11:13:41,000000000406,Shelf -> Other,1,2023-04-13 11:13:41,TAKEOUT,Shelf,,Shelf
1344,4/13/2023 11:13:47,000000000338,Shelf -> Other,1,2023-04-13 11:13:47,TAKEOUT,Shelf,,Shelf
1345,4/13/2023 11:25:6,000000000581,Shelf -> Other,10,2023-04-13 11:25:06,TAKEOUT,Shelf,,Shelf
1346,4/13/2023 11:34:28,000000000567,Shelf -> Other,1,2023-04-13 11:34:28,TAKEOUT,Shelf,,Shelf
1347,4/13/2023 14:57:44,000000001120,Shelf -> Other,2,2023-04-13 14:57:44,TAKEOUT,Shelf,,Shelf
1348,4/13/2023 17:45:56,000000001120,Shelf -> Other,1,2023-04-13 17:45:56,TAKEOUT,Shelf,,Shelf
1349,4/13/2023 20:13:35,000000000369,Shelf -> Other,1,2023-04-13 20:13:35,TAKEOUT,Shelf,,Shelf
1350,4/13/2023 20:14:26,000000000017,Shelf -> Other,1,2023-04-13 20:14:26,TAKEOUT,Shelf,,Shelf
1351,4/14/2023 18:10:8,000000000055,Shelf -> Other,3,2023-04-14 18:10:08,TAKEOUT,Shelf,,Shelf
1352,4/14/2023 18:10:21,000000000024,Shelf -> Other,10,2023-04-14 18:10:21,TAKEOUT,Shelf,,Shelf
1353,4/16/2023 16:5:38,000000000550,Shelf -> Other,1,2023-04-16 16:05:38,TAKEOUT,Shelf,,Shelf
1354,4/16/2023 17:1:44,000000001090,Shelf -> Other,1,2023-04-16 17:01:44,TAKEOUT,Shelf,,Shelf
1355,4/17/2023 11:27:56,000000000734,Cage -> Other,1,2023-04-17 11:27:56,TAKEOUT,Cage,,Cage
1356,4/17/2023 11:28:15,000000000116,Cage -> Other,4,2023-04-17 11:28:15,TAKEOUT,Cage,,Cage
1357,4/17/2023 14:12:12,000000000987,Cage -> Shelf,1,2023-04-17 14:12:12,TRANSFER,Cage,Shelf,Shelf
1358,4/17/2023 14:12:21,000000000987,Cage -> Shelf,1,2023-04-17 14:12:21,TRANSFER,Cage,Shelf,Shelf
1359,4/17/2023 14:12:52,000000000987,Delivery -> Cage,3,2023-04-17 14:12:52,RESTOCK,,Cage,Cage
1360,4/17/2023 14:16:33,000000000550,Cage -> Shelf,2,2023-04-17 14:16:33,TRANSFER,Cage,Shelf,Shelf
1361,4/17/2023 14:16:39,000000001090,Cage -> Shelf,2,2023-04-17 14:16:39,TRANSFER,Cage,Shelf,Shelf
1362,4/17/2023 14:21:56,000000001120,Cage -> Shelf,3,2023-04-17 14:21:56,TRANSFER,Cage,Shelf,Shelf
1363,4/17/2023 18:17:45,000000000338,Shelf -> Other,1,2023-04-17 18:17:45,TAKEOUT,Shelf,,Shelf
1364,4/17/2023 18:17:51,000000001090,Shelf -> Other,1,2023-04-17 18:17:51,TAKEOUT,Shelf,,Shelf
1365,4/19/2023 9:1:46,000000000574,Shelf -> Other,1,2023-04-19 09:01:46,TAKEOUT,Shelf,,Shelf
1366,4/20/2023 12:23:11,000000000338,Shelf -> Other,1,2023-04-20 12:23:11,TAKEOUT,Shelf,,Shelf
1367,4/20/2023 12:23:15,000000001090,Shelf -> Other,1,2023-04-20 12:23:15,TAKEOUT,Shelf,,Shelf
1368,4/22/2023 0:16:9,000000001120,Shelf -> Other,1,2023-04-22 00:16:09,TAKEOUT,Shelf,,Shelf
1369,4/22/2023 0:16:17,000000000000,Shelf -> Other,1,2023-04-22 00:16:17,TAKEOUT,Shelf,,Shelf
1370,4/22/2023 0:16:23,000000000024,Shelf -> Other,2,2023-04-22 00:16:23,TAKEOUT,Shelf,,Shelf
1371,4/22/2023 2:8:45,000000001120,Shelf -> Other,1,2023-04-22 02:08:45,TAKEOUT,Shelf,,Shelf
1372,4/22/2023 21:51:54,000000000338,Shelf -> Other,2,2023-04-22 21:51:54,TAKEOUT,Shelf,,Shelf
1373,4/22/2023 22:4:25,000000000369,Shelf -> Other,1,2023-04-22 22:04:25,TAKEOUT,Shelf,,Shelf
1374,4/22/2023 22:4:58,000000000376,Shelf -> Other,1,2023-04-22 22:04:58,TAKEOUT,Shelf,,Shelf
1375,4/22/2023 22:48:3,000000000345,Shelf -> Other,1,2023-04-22 22:48:03,TAKEOUT,Shelf,,Shelf
1376,4/24/2023 17:53:27,000000000338,Cage -> Shelf,5,2023-04-24 17:53:27,TRANSFER,Cage,Shelf,Shelf
1377,4/24/2023 17:53:33,000000000000,Cage -> Shelf,2,2023-04-24 17:53:33,TRANSFER,Cage,Shelf,Shelf
1378,4/24/2023 17:55:25,000000001090,Cage -> Shelf,4,2023-04-24 17:55:25,TRANSFER,Cage,Shelf,Shelf
1379,4/24/2023 19:52:49,000000000017,Shelf -> Other,1,2023-04-24 19:52:49,TAKEOUT,Shelf,,Shelf
1380,4/25/2023 2:41:28,000000000024,Shelf -> Other,6,2023-04-25 02:41:28,TAKEOUT,Shelf,,Shelf
1381,4/25/2023 2:41:44,000000000062,Shelf -> Other,1,2023-04-25 02:41:44,TAKEOUT,Shelf,,Shelf
1382,4/25/2023 2:42:21,000000000017,Shelf -> Other,1,2023-04-25 02:42:21,TAKEOUT,Shelf,,Shelf
1383,4/25/2023 11:14:43,000000000925,Cage -> Other,1,2023-04-25 11:14:43,TAKEOUT,Cage,,Cage
1384,4/25/2023 14:40:24,000000001090,Shelf -> Other,3,2023-04-25 14:40:24,TAKEOUT,Shelf,,Shelf
1385,4/26/2023 2:13:16,000000000017,Shelf -> Other,3,2023-04-26 02:13:16,TAKEOUT,Shelf,,Shelf
1386,4/26/2023 11:39:2,000000000338,Shelf -> Other,1,2023-04-26 11:39:02,TAKEOUT,Shelf,,Shelf
1387,4/26/2023 11:39:8,000000000369,Shelf -> Other,2,2023-04-26 11:39:08,TAKEOUT,Shelf,,Shelf
1388,4/26/2023 19:24:3,000000000017,Cage -> Shelf,20,2023-04-26 19:24:03,TRANSFER,Cage,Shelf,Shelf
1389,4/27/2023 19:3:14,000000000642,Shelf -> Other,4,2023-04-27 19:03:14,TAKEOUT,Shelf,,Shelf
1390,4/27/2023 19:3:23,000000000550,Shelf -> Other,1,2023-04-27 19:03:23,TAKEOUT,Shelf,,Shelf
1391,4/29/2023 0:53:16,000000001090,Shelf -> Other,1,2023-04-29 00:53:16,TAKEOUT,Shelf,,Shelf
1392,4/29/2023 0:53:36,000000000000,Shelf -> Other,1,2023-04-29 00:53:36,TAKEOUT,Shelf,,Shelf
1393,4/29/2023 0:53:44,000000000017,Shelf -> Other,1,2023-04-29 00:53:44,TAKEOUT,Shelf,,Shelf
1394,4/29/2023 0:54:0,000000000024,Shelf -> Other,1,2023-04-29 00:54:00,TAKEOUT,Shelf,,Shelf
1395,4/29/2023 2:53:6,000000000383,Shelf -> Other,2,2023-04-29 02:53:06,TAKEOUT,Shelf,,Shelf
1396,4/29/2023 2:53:44,000000000451,Shelf -> Other,1,2023-04-29 02:53:44,TAKEOUT,Shelf,,Shelf
1397,4/29/2023 18:55:33,000000000338,Shelf -> Other,2,2023-04-29 18:55:33,TAKEOUT,Shelf,,Shelf
1398,4/29/2023 18:55:40,000000000369,Shelf -> Other,2,2023-04-29 18:55:40,TAKEOUT,Shelf,,Shelf
1399,4/29/2023 18:56:6,000000000055,Shelf -> Other,3,2023-04-29 18:56:06,TAKEOUT,Shelf,,Shelf
1400,4/29/2023 18:57:8,000000000840,Shelf -> Other,1,2023-04-29 18:57:08,TAKEOUT,Shelf,,Shelf
1401,4/30/2023 9:29:6,000000000024,Shelf -> Other,2,2023-04-30 09:29:06,TAKEOUT,Shelf,,Shelf
1402,5/2/2023 23:38:39,000000000338,Shelf -> Other,1,2023-05-02 23:38:39,TAKEOUT,Shelf,,Shelf
1403,5/3/2023 11:50:3,000000000369,Shelf -> Other,1,2023-05-03 11:50:03,TAKEOUT,Shelf,,Shelf
1404,5/3/2023 11:51:17,000000001137,Shelf -> Other,1,2023-05-03 11:51:17,TAKEOUT,Shelf,,Shelf
1405,5/3/2023 11:51:34,000000000581,Shelf -> Other,10,2023-05-03 11:51:34,TAKEOUT,Shelf,,Shelf
1406,5/3/2023 13:52:37,000000000062,Shelf -> Other,1,2023-05-03 13:52:37,TAKEOUT,Shelf,,Shelf
1407,5/5/2023 11:8:56,000000000567,Shelf -> Other,1,2023-05-05 11:08:56,TAKEOUT,Shelf,,Shelf
1408,5/6/2023 2:47:38,000000000536,Shelf -> Other,1,2023-05-06 02:47:38,TAKEOUT,Shelf,,Shelf
1409,5/6/2023 2:47:47,000000000451,Shelf -> Other,1,2023-05-06 02:47:47,TAKEOUT,Shelf,,Shelf
1410,5/6/2023 20:4:14,000000000383,Shelf -> Other,1,2023-05-06 20:04:14,TAKEOUT,Shelf,,Shelf
1411,5/6/2023 20:23:5,000000000420,Shelf -> Other,1,2023-05-06 20:23:05,TAKEOUT,Shelf,,Shelf
1412,5/6/2023 20:25:11,000000000000,Shelf -> Other,1,2023-05-06 20:25:11,TAKEOUT,Shelf,,Shelf
1413,5/6/2023 21:40:8,000000000338,Shelf -> Other,1,2023-05-06 21:40:08,TAKEOUT,Shelf,,Shelf
1414,5/6/2023 21:43:9,000000000079,Cage -> Other,1,2023-05-06 21:43:09,TAKEOUT,Cage,,Cage
1415,5/8/2023 11:20:15,000000000338,Shelf -> Other,2,2023-05-08 11:20:15,TAKEOUT,Shelf,,Shelf
1416,5/8/2023 15:46:31,000000000840,Shelf -> Other,3,2023-05-08 15:46:31,TAKEOUT,Shelf,,Shelf
1417,5/8/2023 19:59:28,000000000345,Shelf -> Other,1,2023-05-08 19:59:28,TAKEOUT,Shelf,,Shelf
1418,5/9/2023 18:43:8,000000000000,Shelf -> Other,1,2023-05-09 18:43:08,TAKEOUT,Shelf,,Shelf
1419,5/9/2023 20:34:34,000000000062,Shelf -> Other,1,2023-05-09 20:34:34,TAKEOUT,Shelf,,Shelf
1420,5/10/2023 13:24:29,000000000567,Shelf -> Other,1,2023-05-10 13:24:29,TAKEOUT,Shelf,,Shelf
1421,5/10/2023 18:56:22,000000000000,Cage -> Shelf,4,2023-05-10 18:56:22,TRANSFER,Cage,Shelf,Shelf
1422,5/10/2023 18:59:4,000000001090,Cage -> Shelf,3,2023-05-10 18:59:04,TRANSFER,Cage,Shelf,Shelf
1423,5/10/2023 18:59:18,000000000567,Cage -> Shelf,3,2023-05-10 18:59:18,TRANSFER,Cage,Shelf,Shelf
1424,5/10/2023 18:59:54,000000001090,Shelf -> Other,1,2023-05-10 18:59:54,TAKEOUT,Shelf,,Shelf
1425,5/10/2023 19:1:42,000000000451,Cage -> Shelf,2,2023-05-10 19:01:42,TRANSFER,Cage,Shelf,Shelf
1426,5/10/2023 19:1:51,000000000536,Cage -> Shelf,2,2023-05-10 19:01:51,TRANSFER,Cage,Shelf,Shelf
1427,5/10/2023 19:5:36,000000000840,Cage -> Shelf,12,2023-05-10 19:05:36,TRANSFER,Cage,Shelf,Shelf
1428,5/10/2023 19:11:8,000000000369,Delivery -> Cage,40,2023-05-10 19:11:08,RESTOCK,,Cage,Cage
1429,5/10/2023 19:16:27,000000000574,Shelf -> Other,1,2023-05-10 19:16:27,TAKEOUT,Shelf,,Shelf
1430,5/11/2023 8:4:51,000000001090,Shelf -> Other,1,2023-05-11 08:04:51,TAKEOUT,Shelf,,Shelf
1431,5/11/2023 8:33:6,000000000567,Shelf -> Other,1,2023-05-11 08:33:06,TAKEOUT,Shelf,,Shelf
1432,5/11/2023 9:57:51,000000000840,Shelf -> Other,2,2023-05-11 09:57:51,TAKEOUT,Shelf,,Shelf
1433,5/11/2023 9:58:7,000000000000,Shelf -> Other,1,2023-05-11 09:58:07,TAKEOUT,Shelf,,Shelf
1434,5/11/2023 9:58:48,000000000062,Shelf -> Other,3,2023-05-11 09:58:48,TAKEOUT,Shelf,,Shelf
1435,5/11/2023 13:25:41,000000000253,Shelf -> Other,1,2023-05-11 13:25:41,TAKEOUT,Shelf,,Shelf
1436,5/11/2023 13:48:29,000000000000,Shelf -> Other,2,2023-05-11 13:48:29,TAKEOUT,Shelf,,Shelf
1437,5/11/2023 14:19:52,000000000741,Shelf -> Other,1,2023-05-11 14:19:52,TAKEOUT,Shelf,,Shelf
1438,5/11/2023 14:20:24,000000000758,Shelf -> Other,1,2023-05-11 14:20:24,TAKEOUT,Shelf,,Shelf
1439,5/11/2023 19:45:36,000000000017,Shelf -> Other,1,2023-05-11 19:45:36,TAKEOUT,Shelf,,Shelf
1440,5/11/2023 19:45:37,000000000017,Shelf -> Other,1,2023-05-11 19:45:37,TAKEOUT,Shelf,,Shelf
1441,5/12/2023 11:23:26,000000001090,Shelf -> Other,1,2023-05-12 11:23:26,TAKEOUT,Shelf,,Shelf
1442,5/12/2023 11:23:43,000000000550,Shelf -> Other,1,2023-05-12 11:23:43,TAKEOUT,Shelf,,Shelf
1443,5/12/2023 23:48:2,000000000338,Shelf -> Other,1,2023-05-12 23:48:02,TAKEOUT,Shelf,,Shelf
1444,5/13/2023 16:48:24,000000000062,Shelf -> Other,1,2023-05-13 16:48:24,TAKEOUT,Shelf,,Shelf
1445,5/15/2023 10:55:54,000000000369,Shelf -> Other,1,2023-05-15 10:55:54,TAKEOUT,Shelf,,Shelf
1446,5/15/2023 14:20:48,000000000055,Cage -> Shelf,12,2023-05-15 14:20:48,TRANSFER,Cage,Shelf,Shelf
1447,5/15/2023 14:21:11,000000000062,Cage -> Shelf,12,2023-05-15 14:21:11,TRANSFER,Cage,Shelf,Shelf
1448,5/15/2023 14:25:45,000000001090,Cage -> Shelf,3,2023-05-15 14:25:45,TRANSFER,Cage,Shelf,Shelf
1449,5/15/2023 14:25:54,000000000000,Cage -> Shelf,2,2023-05-15 14:25:54,TRANSFER,Cage,Shelf,Shelf
1450,5/15/2023 14:28:54,000000000550,Cage -> Shelf,5,2023-05-15 14:28:54,TRANSFER,Cage,Shelf,Shelf
1451,5/15/2023 14:29:31,000000000253,Cage -> Shelf,4,2023-05-15 14:29:31,TRANSFER,Cage,Shelf,Shelf
1452,5/15/2023 14:31:33,000000000383,Cage -> Shelf,3,2023-05-15 14:31:33,TRANSFER,Cage,Shelf,Shelf
1453,5/15/2023 14:33:52,000000000741,Cage -> Shelf,5,2023-05-15 14:33:52,TRANSFER,Cage,Shelf,Shelf
1454,5/15/2023 14:35:18,000000000574,Cage -> Shelf,2,2023-05-15 14:35:18,TRANSFER,Cage,Shelf,Shelf
1455,5/16/2023 11:29:54,000000000338,Shelf -> Other,1,2023-05-16 11:29:54,TAKEOUT,Shelf,,Shelf
1456,5/16/2023 11:30:30,000000001120,Shelf -> Other,1,2023-05-16 11:30:30,TAKEOUT,Shelf,,Shelf
1457,5/16/2023 11:31:18,000000000987,Shelf -> Other,1,2023-05-16 11:31:18,TAKEOUT,Shelf,,Shelf
1458,5/16/2023 16:30:58,000000001113,Shelf -> Other,20,2023-05-16 16:30:58,TAKEOUT,Shelf,,Shelf
1459,5/16/2023 18:40:29,000000000574,Shelf -> Other,1,2023-05-16 18:40:29,TAKEOUT,Shelf,,Shelf
1460,5/16/2023 18:40:45,000000000369,Shelf -> Other,1,2023-05-16 18:40:45,TAKEOUT,Shelf,,Shelf
1461,5/17/2023 22:39:5,000000001137,Shelf -> Other,1,2023-05-17 22:39:05,TAKEOUT,Shelf,,Shelf
1462,5/19/2023 11:12:40,000000000581,Shelf -> Other,15,2023-05-19 11:12:40,TAKEOUT,Shelf,,Shelf
1463,5/19/2023 19:44:9,000000000918,Cage -> Other,1,2023-05-19 19:44:09,TAKEOUT,Cage,,Cage
1464,5/19/2023 21:24:37,000000000338,Shelf -> Other,2,2023-05-19 21:24:37,TAKEOUT,Shelf,,Shelf
1465,5/19/2023 21:33:40,000000000567,Shelf -> Other,1,2023-05-19 21:33:40,TAKEOUT,Shelf,,Shelf
1466,5/19/2023 21:33:51,000000001120,Shelf -> Other,1,2023-05-19 21:33:51,TAKEOUT,Shelf,,Shelf
1467,5/20/2023 12:11:8,000000000369,Shelf -> Other,1,2023-05-20 12:11:08,TAKEOUT,Shelf,,Shelf
1468,5/20/2023 13:5:56,000000000567,Shelf -> Other,1,2023-05-20 13:05:56,TAKEOUT,Shelf,,Shelf
1469,5/20/2023 13:6:2,000000000550,Shelf -> Other,1,2023-05-20 13:06:02,TAKEOUT,Shelf,,Shelf
1470,5/20/2023 18:27:37,000000001120,Cage -> Shelf,5,2023-05-20 18:27:37,TRANSFER,Cage,Shelf,Shelf
1471,5/20/2023 18:58:43,000000000192,Shelf -> Other,1,2023-05-20 18:58:43,TAKEOUT,Shelf,,Shelf
1472,5/20/2023 18:58:52,000000000338,Shelf -> Other,2,2023-05-20 18:58:52,TAKEOUT,Shelf,,Shelf
1473,5/20/2023 18:58:57,000000000369,Shelf -> Other,2,2023-05-20 18:58:57,TAKEOUT,Shelf,,Shelf
1474,5/20/2023 18:59:2,000000000451,Shelf -> Other,1,2023-05-20 18:59:02,TAKEOUT,Shelf,,Shelf
1475,5/20/2023 18:59:20,000000000536,Shelf -> Other,1,2023-05-20 18:59:20,TAKEOUT,Shelf,,Shelf
1476,5/20/2023 18:59:29,000000000383,Shelf -> Other,1,2023-05-20 18:59:29,TAKEOUT,Shelf,,Shelf
1477,5/20/2023 18:59:58,000000000970,Shelf -> Other,1,2023-05-20 18:59:58,TAKEOUT,Shelf,,Shelf
1478,5/20/2023 19:4:42,000000000062,Shelf -> Other,2,2023-05-20 19:04:42,TAKEOUT,Shelf,,Shelf
1479,5/20/2023 19:45:33,000000000451,Shelf -> Other,1,2023-05-20 19:45:33,TAKEOUT,Shelf,,Shelf
1480,5/20/2023 19:46:18,000000001151,Shelf -> Other,1,2023-05-20 19:46:18,TAKEOUT,Shelf,,Shelf
1481,5/20/2023 19:48:49,000000000154,Shelf -> Other,1,2023-05-20 19:48:49,TAKEOUT,Shelf,,Shelf
1482,5/20/2023 21:42:53,000000000451,Shelf -> Other,1,2023-05-20 21:42:53,TAKEOUT,Shelf,,Shelf
1483,5/21/2023 13:19:0,000000000628,Shelf -> Other,1,2023-05-21 13:19:00,TAKEOUT,Shelf,,Shelf
1484,5/23/2023 10:25:16,000000000581,Shelf -> Other,10,2023-05-23 10:25:16,TAKEOUT,Shelf,,Shelf
1485,5/23/2023 20:54:45,000000000017,Shelf -> Other,2,2023-05-23 20:54:45,TAKEOUT,Shelf,,Shelf
1486,5/23/2023 20:55:20,000000000024,Shelf -> Other,3,2023-05-23 20:55:20,TAKEOUT,Shelf,,Shelf
1487,5/23/2023 20:56:8,000000000000,Shelf -> Other,1,2023-05-23 20:56:08,TAKEOUT,Shelf,,Shelf
1488,5/23/2023 20:59:4,000000000109,Shelf -> Other,1,2023-05-23 20:59:04,TAKEOUT,Shelf,,Shelf
1489,5/24/2023 10:28:30,000000001090,Shelf -> Other,1,2023-05-24 10:28:30,TAKEOUT,Shelf,,Shelf
1490,5/24/2023 16:10:9,000000000338,Shelf -> Other,1,2023-05-24 16:10:09,TAKEOUT,Shelf,,Shelf
1491,5/25/2023 10:49:28,000000000741,Shelf -> Other,1,2023-05-25 10:49:28,TAKEOUT,Shelf,,Shelf
1492,5/25/2023 10:51:44,000000001014,Shelf -> Other,1,2023-05-25 10:51:44,TAKEOUT,Shelf,,Shelf
1493,5/25/2023 14:7:43,000000001120,Shelf -> Other,1,2023-05-25 14:07:43,TAKEOUT,Shelf,,Shelf
1494,5/26/2023 14:36:51,000000000062,Shelf -> Other,2,2023-05-26 14:36:51,TAKEOUT,Shelf,,Shelf
1495,5/26/2023 20:16:43,000000000567,Delivery -> Cage,20,2023-05-26 20:16:43,RESTOCK,,Cage,Cage
1496,5/26/2023 20:16:57,000000000567,Cage -> Shelf,3,2023-05-26 20:16:57,TRANSFER,Cage,Shelf,Shelf
1497,5/26/2023 20:19:4,000000001090,Delivery -> Cage,30,2023-05-26 20:19:04,RESTOCK,,Cage,Cage
1498,5/26/2023 20:23:6,000000000550,Delivery -> Cage,10,2023-05-26 20:23:06,RESTOCK,,Cage,Cage
1499,5/26/2023 20:23:12,000000000574,Delivery -> Cage,10,2023-05-26 20:23:12,RESTOCK,,Cage,Cage
1500,5/26/2023 20:23:27,000000000741,Delivery -> Cage,30,2023-05-26 20:23:27,RESTOCK,,Cage,Cage
1501,5/26/2023 20:28:51,000000000000,Delivery -> Cage,24,2023-05-26 20:28:51,RESTOCK,,Cage,Cage
1502,5/26/2023 20:29:3,000000000000,Cage -> Shelf,3,2023-05-26 20:29:03,TRANSFER,Cage,Shelf,Shelf
1503,5/26/2023 20:29:34,000000000338,Cage -> Shelf,50,2023-05-26 20:29:34,TRANSFER,Cage,Shelf,Shelf
1504,5/26/2023 20:29:51,000000000338,Delivery -> Cage,50,2023-05-26 20:29:51,RESTOCK,,Cage,Cage
1505,5/26/2023 20:31:29,000000000451,Cage -> Shelf,4,2023-05-26 20:31:29,TRANSFER,Cage,Shelf,Shelf
1506,5/26/2023 20:32:23,000000000338,Cage -> Shelf,10,2023-05-26 20:32:23,TRANSFER,Cage,Shelf,Shelf
1507,5/26/2023 20:33:57,000000000369,Cage -> Shelf,4,2023-05-26 20:33:57,TRANSFER,Cage,Shelf,Shelf
1508,5/26/2023 20:39:44,000000001151,Cage -> Shelf,1,2023-05-26 20:39:44,TRANSFER,Cage,Shelf,Shelf
1509,5/26/2023 20:39:57,000000000581,Cage -> Shelf,60,2023-05-26 20:39:57,TRANSFER,Cage,Shelf,Shelf
1510,5/26/2023 21:6:40,000000000369,Shelf -> Other,1,2023-05-26 21:06:40,TAKEOUT,Shelf,,Shelf
1511,5/26/2023 21:6:44,000000001090,Shelf -> Other,1,2023-05-26 21:06:44,TAKEOUT,Shelf,,Shelf
1512,5/26/2023 21:8:29,000000001144,Shelf -> Other,1,2023-05-26 21:08:29,TAKEOUT,Shelf,,Shelf
1513,5/27/2023 18:48:14,000000000338,Shelf -> Other,1,2023-05-27 18:48:14,TAKEOUT,Shelf,,Shelf
1514,5/27/2023 20:2:56,000000000550,Shelf -> Other,1,2023-05-27 20:02:56,TAKEOUT,Shelf,,Shelf
1515,5/27/2023 20:3:28,000000000574,Shelf -> Other,1,2023-05-27 20:03:28,TAKEOUT,Shelf,,Shelf
1516,5/28/2023 12:23:12,000000000383,Shelf -> Other,1,2023-05-28 12:23:12,TAKEOUT,Shelf,,Shelf
1517,5/28/2023 12:23:34,000000000369,Shelf -> Other,1,2023-05-28 12:23:34,TAKEOUT,Shelf,,Shelf
1518,5/28/2023 12:24:1,000000000390,Shelf -> Other,1,2023-05-28 12:24:01,TAKEOUT,Shelf,,Shelf
1519,5/28/2023 22:49:35,000000000345,Shelf -> Other,1,2023-05-28 22:49:35,TAKEOUT,Shelf,,Shelf
1520,5/28/2023 22:49:42,000000000567,Shelf -> Other,1,2023-05-28 22:49:42,TAKEOUT,Shelf,,Shelf
1521,5/29/2023 18:52:28,000000000369,Shelf -> Other,1,2023-05-29 18:52:28,TAKEOUT,Shelf,,Shelf
1522,5/29/2023 18:52:42,000000000369,Shelf -> Other,1,2023-05-29 18:52:42,TAKEOUT,Shelf,,Shelf
1523,5/29/2023 18:52:58,000000000338,Shelf -> Other,2,2023-05-29 18:52:58,TAKEOUT,Shelf,,Shelf
1524,5/29/2023 18:53:22,000000000383,Shelf -> Other,1,2023-05-29 18:53:22,TAKEOUT,Shelf,,Shelf
1525,5/30/2023 10:54:5,000000000376,Shelf -> Other,2,2023-05-30 10:54:05,TAKEOUT,Shelf,,Shelf
1526,5/30/2023 11:15:30,000000000338,Shelf -> Other,2,2023-05-30 11:15:30,TAKEOUT,Shelf,,Shelf
1527,5/30/2023 11:15:36,000000000369,Shelf -> Other,1,2023-05-30 11:15:36,TAKEOUT,Shelf,,Shelf
1528,5/30/2023 11:17:26,000000001090,Shelf -> Other,1,2023-05-30 11:17:26,TAKEOUT,Shelf,,Shelf
1529,5/30/2023 16:45:38,000000000550,Shelf -> Other,1,2023-05-30 16:45:38,TAKEOUT,Shelf,,Shelf
1530,5/30/2023 18:36:20,000000000840,Shelf -> Other,1,2023-05-30 18:36:20,TAKEOUT,Shelf,,Shelf
1531,5/31/2023 1:57:30,000000000017,Shelf -> Other,2,2023-05-31 01:57:30,TAKEOUT,Shelf,,Shelf
1532,5/31/2023 1:58:2,000000000055,Shelf -> Other,2,2023-05-31 01:58:02,TAKEOUT,Shelf,,Shelf
1533,5/31/2023 2:12:14,000000000970,Shelf -> Other,1,2023-05-31 02:12:14,TAKEOUT,Shelf,,Shelf
1534,5/31/2023 2:12:26,000000000383,Shelf -> Other,1,2023-05-31 02:12:26,TAKEOUT,Shelf,,Shelf
1535,5/31/2023 2:16:12,000000000055,Shelf -> Other,1,2023-05-31 02:16:12,TAKEOUT,Shelf,,Shelf
1536,5/31/2023 2:16:35,000000000369,Shelf -> Other,1,2023-05-31 02:16:35,TAKEOUT,Shelf,,Shelf
1537,5/31/2023 9:57:16,000000000017,Shelf -> Other,1,2023-05-31 09:57:16,TAKEOUT,Shelf,,Shelf
1538,5/31/2023 9:58:9,000000001090,Shelf -> Other,1,2023-05-31 09:58:09,TAKEOUT,Shelf,,Shelf
1539,5/31/2023 9:58:42,000000000369,Shelf -> Other,1,2023-05-31 09:58:42,TAKEOUT,Shelf,,Shelf
1540,5/31/2023 21:38:41,000000000192,Shelf -> Other,1,2023-05-31 21:38:41,TAKEOUT,Shelf,,Shelf
1541,5/31/2023 21:38:48,000000000536,Shelf -> Other,1,2023-05-31 21:38:48,TAKEOUT,Shelf,,Shelf
1542,5/31/2023 21:38:53,000000000451,Shelf -> Other,1,2023-05-31 21:38:53,TAKEOUT,Shelf,,Shelf
1543,5/31/2023 21:41:31,000000000383,Cage -> Shelf,2,2023-05-31 21:41:31,TRANSFER,Cage,Shelf,Shelf
1544,5/31/2023 21:41:50,000000000383,Cage -> Other,1,2023-05-31 21:41:50,TAKEOUT,Cage,,Cage
1545,5/31/2023 21:58:19,000000000970,Cage -> Shelf,2,2023-05-31 21:58:19,TRANSFER,Cage,Shelf,Shelf
1546,6/1/2023 11:37:15,000000000741,Shelf -> Other,1,2023-06-01 11:37:15,TAKEOUT,Shelf,,Shelf
1547,6/1/2023 11:37:58,000000000338,Shelf -> Other,1,2023-06-01 11:37:58,TAKEOUT,Shelf,,Shelf
1548,6/2/2023 20:42:31,000000000369,Shelf -> Other,1,2023-06-02 20:42:31,TAKEOUT,Shelf,,Shelf
1549,6/2/2023 20:42:39,000000000338,Shelf -> Other,1,2023-06-02 20:42:39,TAKEOUT,Shelf,,Shelf
1550,6/3/2023 9:7:16,000000001120,Shelf -> Other,2,2023-06-03 09:07:16,TAKEOUT,Shelf,,Shelf
1551,6/3/2023 9:9:10,000000000017,Shelf -> Other,1,2023-06-03 09:09:10,TAKEOUT,Shelf,,Shelf
1552,6/3/2023 9:10:42,000000000000,Shelf -> Other,1,2023-06-03 09:10:42,TAKEOUT,Shelf,,Shelf
1553,6/3/2023 13:9:6,000000000840,Shelf -> Other,3,2023-06-03 13:09:06,TAKEOUT,Shelf,,Shelf
1554,6/3/2023 13:9:23,000000000024,Shelf -> Other,4,2023-06-03 13:09:23,TAKEOUT,Shelf,,Shelf
1555,6/4/2023 12:59:59,000000000567,Shelf -> Other,1,2023-06-04 12:59:59,TAKEOUT,Shelf,,Shelf
1556,6/4/2023 19:9:19,000000000338,Shelf -> Other,1,2023-06-04 19:09:19,TAKEOUT,Shelf,,Shelf
1557,6/4/2023 19:21:54,000000000987,Shelf -> Other,1,2023-06-04 19:21:54,TAKEOUT,Shelf,,Shelf
1558,6/4/2023 19:27:32,000000000017,Shelf -> Other,1,2023-06-04 19:27:32,TAKEOUT,Shelf,,Shelf
1559,6/4/2023 19:35:7,000000000550,Shelf -> Other,1,2023-06-04 19:35:07,TAKEOUT,Shelf,,Shelf
1560,6/4/2023 19:41:29,000000001090,Cage -> Shelf,10,2023-06-04 19:41:29,TRANSFER,Cage,Shelf,Shelf
1561,6/4/2023 19:41:54,000000001090,Shelf -> Other,3,2023-06-04 19:41:54,TAKEOUT,Shelf,,Shelf
1562,6/4/2023 20:3:31,000000000345,Shelf -> Other,1,2023-06-04 20:03:31,TAKEOUT,Shelf,,Shelf
1563,6/4/2023 20:4:30,000000000338,Shelf -> Other,1,2023-06-04 20:04:30,TAKEOUT,Shelf,,Shelf
1564,6/4/2023 20:7:38,000000000109,Shelf -> Other,1,2023-06-04 20:07:38,TAKEOUT,Shelf,,Shelf
1565,6/4/2023 20:8:1,000000000055,Shelf -> Other,3,2023-06-04 20:08:01,TAKEOUT,Shelf,,Shelf
1566,6/5/2023 9:55:48,000000000000,Shelf -> Other,1,2023-06-05 09:55:48,TAKEOUT,Shelf,,Shelf
1567,6/5/2023 9:57:24,000000000024,Shelf -> Other,1,2023-06-05 09:57:24,TAKEOUT,Shelf,,Shelf
1568,6/5/2023 12:46:17,000000000383,RECOUNT - Cage,3,2023-06-05 12:46:17,COUNT,,Cage,Cage
1569,6/5/2023 12:46:31,000000000383,RECOUNT - Shelf,3,2023-06-05 12:46:31,COUNT,,Shelf,Shelf
1570,6/5/2023 12:48:59,000000000970,RECOUNT - Cage,4,2023-06-05 12:48:59,COUNT,,Cage,Cage
1571,6/5/2023 12:49:7,000000000987,RECOUNT - Cage,10,2023-06-05 12:49:07,COUNT,,Cage,Cage
1572,6/5/2023 12:49:17,000000000970,RECOUNT - Shelf,2,2023-06-05 12:49:17,COUNT,,Shelf,Shelf
1573,6/5/2023 12:50:36,000000000338,Cage -> Shelf,8,2023-06-05 12:50:36,TRANSFER,Cage,Shelf,Shelf
1574,6/5/2023 12:51:51,000000000369,Cage -> Shelf,10,2023-06-05 12:51:51,TRANSFER,Cage,Shelf,Shelf
1575,6/5/2023 12:52:54,000000000345,Cage -> Shelf,3,2023-06-05 12:52:54,TRANSFER,Cage,Shelf,Shelf
1576,6/5/2023 12:56:44,000000001120,Cage -> Shelf,6,2023-06-05 12:56:44,TRANSFER,Cage,Shelf,Shelf
1577,6/5/2023 12:57:13,000000000451,Cage -> Shelf,2,2023-06-05 12:57:13,TRANSFER,Cage,Shelf,Shelf
1578,6/5/2023 12:58:24,000000000536,Cage -> Shelf,2,2023-06-05 12:58:24,TRANSFER,Cage,Shelf,Shelf
1579,6/5/2023 13:1:39,000000000963,Cage -> Shelf,3,2023-06-05 13:01:39,TRANSFER,Cage,Shelf,Shelf
1580,6/5/2023 13:4:7,000000000550,Cage -> Shelf,1,2023-06-05 13:04:07,TRANSFER,Cage,Shelf,Shelf
1581,6/5/2023 13:4:14,000000000567,Cage -> Shelf,3,2023-06-05 13:04:14,TRANSFER,Cage,Shelf,Shelf
1582,6/5/2023 13:17:25,000000000840,Shelf -> Other,1,2023-06-05 13:17:25,TAKEOUT,Shelf,,Shelf
1583,6/5/2023 13:18:40,000000000062,Shelf -> Other,2,2023-06-05 13:18:40,TAKEOUT,Shelf,,Shelf
1584,6/5/2023 13:19:12,000000000017,Shelf -> Other,1,2023-06-05 13:19:12,TAKEOUT,Shelf,,Shelf
1585,6/5/2023 13:20:4,000000000062,Shelf -> Other,1,2023-06-05 13:20:04,TAKEOUT,Shelf,,Shelf
1586,6/5/2023 13:45:24,000000000000,Shelf -> Other,1,2023-06-05 13:45:24,TAKEOUT,Shelf,,Shelf
1587,6/6/2023 2:16:50,000000000000,Shelf -> Other,1,2023-06-06 02:16:50,TAKEOUT,Shelf,,Shelf
1588,6/7/2023 15:27:42,000000000550,Shelf -> Other,1,2023-06-07 15:27:42,TAKEOUT,Shelf,,Shelf
1589,6/8/2023 16:40:19,000000000383,Delivery -> Cage,20,2023-06-08 16:40:19,RESTOCK,,Cage,Cage
1590,6/8/2023 16:40:39,000000000383,RECOUNT - Cage,23,2023-06-08 16:40:39,COUNT,,Cage,Cage
1591,6/8/2023 16:41:14,000000001120,Delivery -> Cage,24,2023-06-08 16:41:14,RESTOCK,,Cage,Cage
1592,6/8/2023 16:44:58,000000000000,Cage -> Shelf,4,2023-06-08 16:44:58,TRANSFER,Cage,Shelf,Shelf
1593,6/10/2023 12:9:56,000000000062,Shelf -> Other,4,2023-06-10 12:09:56,TAKEOUT,Shelf,,Shelf
1594,6/10/2023 12:50:7,000000000321,Shelf -> Other,2,2023-06-10 12:50:07,TAKEOUT,Shelf,,Shelf
1595,6/10/2023 13:50:19,000000000055,Shelf -> Other,2,2023-06-10 13:50:19,TAKEOUT,Shelf,,Shelf
1596,6/10/2023 13:54:22,000000000031,Shelf -> Other,1,2023-06-10 13:54:22,TAKEOUT,Shelf,,Shelf
1597,6/10/2023 14:19:40,000000000550,Shelf -> Other,1,2023-06-10 14:19:40,TAKEOUT,Shelf,,Shelf
1598,6/10/2023 14:52:53,000000000024,Shelf -> Other,2,2023-06-10 14:52:53,TAKEOUT,Shelf,,Shelf
1599,6/10/2023 15:0:52,000000000017,Shelf -> Other,5,2023-06-10 15:00:52,TAKEOUT,Shelf,,Shelf
1600,6/11/2023 3:55:3,000000000345,Shelf -> Other,1,2023-06-11 03:55:03,TAKEOUT,Shelf,,Shelf
1601,6/11/2023 11:41:29,000000000772,Shelf -> Other,1,2023-06-11 11:41:29,TAKEOUT,Shelf,,Shelf
1602,6/11/2023 11:41:38,000000000765,Shelf -> Other,1,2023-06-11 11:41:38,TAKEOUT,Shelf,,Shelf
1603,6/11/2023 12:6:12,000000001144,Shelf -> Other,1,2023-06-11 12:06:12,TAKEOUT,Shelf,,Shelf
1604,6/11/2023 12:9:52,000000000543,Shelf -> Other,1,2023-06-11 12:09:52,TAKEOUT,Shelf,,Shelf
1605,6/11/2023 13:20:13,000000000338,Shelf -> Other,1,2023-06-11 13:20:13,TAKEOUT,Shelf,,Shelf
1606,6/11/2023 15:25:38,000000000024,Shelf -> Other,3,2023-06-11 15:25:38,TAKEOUT,Shelf,,Shelf
1607,6/11/2023 15:25:44,000000000017,Shelf -> Other,3,2023-06-11 15:25:44,TAKEOUT,Shelf,,Shelf
1608,6/12/2023 11:19:1,000000000550,Shelf -> Other,1,2023-06-12 11:19:01,TAKEOUT,Shelf,,Shelf
1609,6/12/2023 14:29:38,000000000765,Shelf -> Other,2,2023-06-12 14:29:38,TAKEOUT,Shelf,,Shelf
1610,6/12/2023 14:43:24,000000000789,Shelf -> Other,1,2023-06-12 14:43:24,TAKEOUT,Shelf,,Shelf
1611,6/12/2023 20:54:25,000000000406,Shelf -> Other,1,2023-06-12 20:54:25,TAKEOUT,Shelf,,Shelf
1612,6/13/2023 7:8:45,000000000451,Shelf -> Other,1,2023-06-13 07:08:45,TAKEOUT,Shelf,,Shelf
1613,6/13/2023 8:41:30,000000000383,Shelf -> Other,1,2023-06-13 08:41:30,TAKEOUT,Shelf,,Shelf
1614,6/13/2023 8:42:0,000000000413,Shelf -> Other,1,2023-06-13 08:42:00,TAKEOUT,Shelf,,Shelf
1615,6/13/2023 8:42:30,000000000451,Shelf -> Other,2,2023-06-13 08:42:30,TAKEOUT,Shelf,,Shelf
1616,6/13/2023 8:42:50,000000000536,Shelf -> Other,1,2023-06-13 08:42:50,TAKEOUT,Shelf,,Shelf
1617,6/13/2023 15:18:2,000000001120,Shelf -> Other,1,2023-06-13 15:18:02,TAKEOUT,Shelf,,Shelf
1618,6/13/2023 15:18:24,000000000024,Shelf -> Other,3,2023-06-13 15:18:24,TAKEOUT,Shelf,,Shelf
1619,6/13/2023 16:17:24,000000000963,Shelf -> Other,1,2023-06-13 16:17:24,TAKEOUT,Shelf,,Shelf
1620,6/13/2023 16:18:26,000000001090,Shelf -> Other,1,2023-06-13 16:18:26,TAKEOUT,Shelf,,Shelf
1621,6/13/2023 17:25:31,000000001120,Shelf -> Other,2,2023-06-13 17:25:31,TAKEOUT,Shelf,,Shelf
1622,6/14/2023 9:10:41,000000001120,Shelf -> Other,1,2023-06-14 09:10:41,TAKEOUT,Shelf,,Shelf
1623,6/14/2023 9:20:8,000000000581,Shelf -> Other,1,2023-06-14 09:20:08,TAKEOUT,Shelf,,Shelf
1624,6/14/2023 9:20:30,000000000581,Shelf -> Other,1,2023-06-14 09:20:30,TAKEOUT,Shelf,,Shelf
1625,6/14/2023 10:34:24,000000000338,Shelf -> Other,1,2023-06-14 10:34:24,TAKEOUT,Shelf,,Shelf
1626,6/14/2023 10:34:32,000000000369,Shelf -> Other,1,2023-06-14 10:34:32,TAKEOUT,Shelf,,Shelf
1627,6/14/2023 13:53:37,000000000062,Shelf -> Other,2,2023-06-14 13:53:37,TAKEOUT,Shelf,,Shelf
1628,6/14/2023 14:0:47,000000000581,Shelf -> Other,10,2023-06-14 14:00:47,TAKEOUT,Shelf,,Shelf
1629,6/14/2023 15:10:45,000000000369,Shelf -> Other,1,2023-06-14 15:10:45,TAKEOUT,Shelf,,Shelf
1630,6/14/2023 15:11:19,000000000017,Shelf -> Other,1,2023-06-14 15:11:19,TAKEOUT,Shelf,,Shelf
1631,6/14/2023 15:11:36,000000000024,Shelf -> Other,1,2023-06-14 15:11:36,TAKEOUT,Shelf,,Shelf
1632,6/14/2023 15:12:15,000000000000,Shelf -> Other,1,2023-06-14 15:12:15,TAKEOUT,Shelf,,Shelf
1633,6/15/2023 11:46:7,000000001007,Delivery -> Cage,6,2023-06-15 11:46:07,RESTOCK,,Cage,Cage
1634,6/15/2023 11:47:7,000000000765,Cage -> Shelf,2,2023-06-15 11:47:07,TRANSFER,Cage,Shelf,Shelf
1635,6/15/2023 13:53:43,000000000550,Cage -> Shelf,4,2023-06-15 13:53:43,TRANSFER,Cage,Shelf,Shelf
1636,6/15/2023 14:53:12,000000000383,RECOUNT - Shelf,3,2023-06-15 14:53:12,COUNT,,Shelf,Shelf
1637,6/15/2023 15:43:8,000000001120,Shelf -> Other,1,2023-06-15 15:43:08,TAKEOUT,Shelf,,Shelf
1638,6/15/2023 17:6:14,000000000567,Shelf -> Other,1,2023-06-15 17:06:14,TAKEOUT,Shelf,,Shelf
1639,6/15/2023 17:6:52,000000000963,Shelf -> Other,1,2023-06-15 17:06:52,TAKEOUT,Shelf,,Shelf
1640,6/15/2023 17:6:57,000000000338,Shelf -> Other,1,2023-06-15 17:06:57,TAKEOUT,Shelf,,Shelf
1641,6/16/2023 20:50:54,000000001144,Shelf -> Other,3,2023-06-16 20:50:54,TAKEOUT,Shelf,,Shelf
1642,6/16/2023 20:54:20,000000001090,Shelf -> Other,1,2023-06-16 20:54:20,TAKEOUT,Shelf,,Shelf
1643,6/16/2023 21:1:29,000000000000,Shelf -> Other,1,2023-06-16 21:01:29,TAKEOUT,Shelf,,Shelf
1644,6/16/2023 21:2:3,000000000840,Shelf -> Other,2,2023-06-16 21:02:03,TAKEOUT,Shelf,,Shelf
1645,6/16/2023 21:13:50,000000000840,Shelf -> Other,1,2023-06-16 21:13:50,TAKEOUT,Shelf,,Shelf
1646,6/17/2023 8:52:38,000000000338,Shelf -> Other,1,2023-06-17 08:52:38,TAKEOUT,Shelf,,Shelf
1647,6/19/2023 11:50:4,000000001120,Cage -> Shelf,4,2023-06-19 11:50:04,TRANSFER,Cage,Shelf,Shelf
1648,6/19/2023 12:51:27,000000000642,Shelf -> Other,3,2023-06-19 12:51:27,TAKEOUT,Shelf,,Shelf
1649,6/19/2023 21:34:29,000000000338,Shelf -> Other,1,2023-06-19 21:34:29,TAKEOUT,Shelf,,Shelf
1650,6/20/2023 13:19:39,000000000567,Shelf -> Other,1,2023-06-20 13:19:39,TAKEOUT,Shelf,,Shelf
1651,6/20/2023 23:46:31,000000000574,Shelf -> Other,1,2023-06-20 23:46:31,TAKEOUT,Shelf,,Shelf
1652,6/20/2023 23:48:30,000000001090,Shelf -> Other,1,2023-06-20 23:48:30,TAKEOUT,Shelf,,Shelf
1653,6/20/2023 23:52:2,000000000017,Shelf -> Other,2,2023-06-20 23:52:02,TAKEOUT,Shelf,,Shelf
1654,6/20/2023 23:53:23,000000000383,Shelf -> Other,1,2023-06-20 23:53:23,TAKEOUT,Shelf,,Shelf
1655,6/22/2023 14:29:55,000000000840,Shelf -> Other,1,2023-06-22 14:29:55,TAKEOUT,Shelf,,Shelf
1656,6/22/2023 14:30:4,000000001120,Shelf -> Other,1,2023-06-22 14:30:04,TAKEOUT,Shelf,,Shelf
1657,6/22/2023 23:34:43,000000000338,Shelf -> Other,2,2023-06-22 23:34:43,TAKEOUT,Shelf,,Shelf
1658,6/23/2023 16:23:4,000000000840,Cage -> Shelf,12,2023-06-23 16:23:04,TRANSFER,Cage,Shelf,Shelf
1659,6/23/2023 16:23:11,000000000789,Cage -> Shelf,1,2023-06-23 16:23:11,TRANSFER,Cage,Shelf,Shelf
1660,6/23/2023 16:23:21,000000000383,Cage -> Shelf,1,2023-06-23 16:23:21,TRANSFER,Cage,Shelf,Shelf
1661,6/23/2023 16:23:27,000000000383,Cage -> Shelf,1,2023-06-23 16:23:27,TRANSFER,Cage,Shelf,Shelf
1662,6/25/2023 8:31:24,000000000024,Shelf -> Other,2,2023-06-25 08:31:24,TAKEOUT,Shelf,,Shelf
1663,6/25/2023 13:48:14,000000000024,Shelf -> Other,6,2023-06-25 13:48:14,TAKEOUT,Shelf,,Shelf
1664,6/25/2023 13:49:29,000000000017,Shelf -> Other,1,2023-06-25 13:49:29,TAKEOUT,Shelf,,Shelf
1665,6/25/2023 13:50:30,000000000062,Shelf -> Other,3,2023-06-25 13:50:30,TAKEOUT,Shelf,,Shelf
1666,6/26/2023 13:16:50,000000000338,Shelf -> Other,1,2023-06-26 13:16:50,TAKEOUT,Shelf,,Shelf
1667,6/26/2023 13:18:12,000000001090,Shelf -> Other,2,2023-06-26 13:18:12,TAKEOUT,Shelf,,Shelf
1668,6/26/2023 13:18:38,000000001144,Shelf -> Other,2,2023-06-26 13:18:38,TAKEOUT,Shelf,,Shelf
1669,6/26/2023 17:7:55,000000001120,Shelf -> Other,1,2023-06-26 17:07:55,TAKEOUT,Shelf,,Shelf
1670,6/26/2023 17:8:43,000000001137,Shelf -> Other,1,2023-06-26 17:08:43,TAKEOUT,Shelf,,Shelf
1671,6/27/2023 20:21:25,000000001090,Shelf -> Other,1,2023-06-27 20:21:25,TAKEOUT,Shelf,,Shelf
1672,6/28/2023 16:25:29,000000000345,Shelf -> Other,1,2023-06-28 16:25:29,TAKEOUT,Shelf,,Shelf
1673,6/28/2023 16:25:42,000000000338,Shelf -> Other,1,2023-06-28 16:25:42,TAKEOUT,Shelf,,Shelf
1674,6/28/2023 17:54:10,000000000369,Shelf -> Other,1,2023-06-28 17:54:10,TAKEOUT,Shelf,,Shelf
1675,6/28/2023 18:1:19,000000000338,Cage -> Shelf,7,2023-06-28 18:01:19,TRANSFER,Cage,Shelf,Shelf
1676,6/28/2023 18:9:12,000000000987,Shelf -> Other,4,2023-06-28 18:09:12,TAKEOUT,Shelf,,Shelf
1677,6/28/2023 18:9:18,000000000970,Shelf -> Other,3,2023-06-28 18:09:18,TAKEOUT,Shelf,,Shelf
1678,6/28/2023 20:46:57,000000000741,Shelf -> Other,1,2023-06-28 20:46:57,TAKEOUT,Shelf,,Shelf
1679,6/29/2023 23:17:9,000000000062,Shelf -> Other,2,2023-06-29 23:17:09,TAKEOUT,Shelf,,Shelf
1680,6/30/2023 11:5:41,000000000338,Shelf -> Other,1,2023-06-30 11:05:41,TAKEOUT,Shelf,,Shelf
1681,6/30/2023 11:5:48,000000000345,Shelf -> Other,2,2023-06-30 11:05:48,TAKEOUT,Shelf,,Shelf
1682,7/1/2023 19:8:56,000000000574,Shelf -> Other,1,2023-07-01 19:08:56,TAKEOUT,Shelf,,Shelf
1683,7/2/2023 9:47:50,000000000062,Shelf -> Other,1,2023-07-02 09:47:50,TAKEOUT,Shelf,,Shelf
1684,7/2/2023 9:48:16,000000000024,Shelf -> Other,1,2023-07-02 09:48:16,TAKEOUT,Shelf,,Shelf
1685,7/3/2023 16:34:27,000000000840,Shelf -> Other,1,2023-07-03 16:34:27,TAKEOUT,Shelf,,Shelf
1686,7/3/2023 16:34:52,000000001120,Shelf -> Other,1,2023-07-03 16:34:52,TAKEOUT,Shelf,,Shelf
1687,7/3/2023 16:35:19,000000000567,Shelf -> Other,1,2023-07-03 16:35:19,TAKEOUT,Shelf,,Shelf
1688,7/4/2023 22:16:15,000000000024,Shelf -> Other,4,2023-07-04 22:16:15,TAKEOUT,Shelf,,Shelf
1689,7/5/2023 12:40:14,000000000369,Shelf -> Other,1,2023-07-05 12:40:14,TAKEOUT,Shelf,,Shelf
1690,7/5/2023 14:14:19,000000001090,Shelf -> Other,1,2023-07-05 14:14:19,TAKEOUT,Shelf,,Shelf
1691,7/5/2023 14:27:32,000000000550,Shelf -> Other,1,2023-07-05 14:27:32,TAKEOUT,Shelf,,Shelf
1692,7/5/2023 18:46:51,000000000581,Shelf -> Other,1,2023-07-05 18:46:51,TAKEOUT,Shelf,,Shelf
1693,7/5/2023 20:22:20,000000000550,Shelf -> Other,2,2023-07-05 20:22:20,TAKEOUT,Shelf,,Shelf
1694,7/5/2023 20:39:1,000000000550,Shelf -> Other,1,2023-07-05 20:39:01,TAKEOUT,Shelf,,Shelf
1695,7/6/2023 9:34:20,000000001090,Shelf -> Other,1,2023-07-06 09:34:20,TAKEOUT,Shelf,,Shelf
1696,7/6/2023 9:35:13,000000000017,Shelf -> Other,1,2023-07-06 09:35:13,TAKEOUT,Shelf,,Shelf
1697,7/6/2023 9:35:47,000000001120,Shelf -> Other,1,2023-07-06 09:35:47,TAKEOUT,Shelf,,Shelf
1698,7/6/2023 16:46:31,000000000338,Shelf -> Other,2,2023-07-06 16:46:31,TAKEOUT,Shelf,,Shelf
1699,7/6/2023 23:25:17,000000001090,Shelf -> Other,2,2023-07-06 23:25:17,TAKEOUT,Shelf,,Shelf
1700,7/8/2023 15:13:35,000000000345,Shelf -> Other,1,2023-07-08 15:13:35,TAKEOUT,Shelf,,Shelf
1701,7/8/2023 15:29:32,000000000369,Shelf -> Other,1,2023-07-08 15:29:32,TAKEOUT,Shelf,,Shelf
1702,7/8/2023 16:6:28,000000001090,Shelf -> Other,1,2023-07-08 16:06:28,TAKEOUT,Shelf,,Shelf
1703,7/8/2023 16:6:39,000000001120,Shelf -> Other,1,2023-07-08 16:06:39,TAKEOUT,Shelf,,Shelf
1704,7/8/2023 16:7:10,000000000840,Shelf -> Other,1,2023-07-08 16:07:10,TAKEOUT,Shelf,,Shelf
1705,7/8/2023 18:17:20,000000001120,Cage -> Shelf,6,2023-07-08 18:17:20,TRANSFER,Cage,Shelf,Shelf
1706,7/8/2023 18:17:36,000000000338,Cage -> Shelf,4,2023-07-08 18:17:36,TRANSFER,Cage,Shelf,Shelf
1707,7/8/2023 18:18:3,000000000345,Cage -> Shelf,14,2023-07-08 18:18:03,TRANSFER,Cage,Shelf,Shelf
1708,7/8/2023 18:19:48,000000000772,Cage -> Shelf,2,2023-07-08 18:19:48,TRANSFER,Cage,Shelf,Shelf
1709,7/8/2023 18:23:20,000000000574,Cage -> Shelf,2,2023-07-08 18:23:20,TRANSFER,Cage,Shelf,Shelf
1710,7/8/2023 18:23:27,000000000550,Cage -> Shelf,3,2023-07-08 18:23:27,TRANSFER,Cage,Shelf,Shelf
1711,7/9/2023 11:26:34,000000000338,Shelf -> Other,1,2023-07-09 11:26:34,TAKEOUT,Shelf,,Shelf
1712,7/9/2023 11:26:46,000000000062,Shelf -> Other,1,2023-07-09 11:26:46,TAKEOUT,Shelf,,Shelf
1713,7/9/2023 12:40:0,000000000338,Shelf -> Other,1,2023-07-09 12:40:00,TAKEOUT,Shelf,,Shelf
1714,7/9/2023 12:42:49,000000000765,Shelf -> Other,1,2023-07-09 12:42:49,TAKEOUT,Shelf,,Shelf
1715,7/10/2023 7:10:9,000000000024,Shelf -> Other,2,2023-07-10 07:10:09,TAKEOUT,Shelf,,Shelf
1716,7/10/2023 7:11:47,000000000062,Shelf -> Other,1,2023-07-10 07:11:47,TAKEOUT,Shelf,,Shelf
1717,7/10/2023 7:16:2,000000000062,Cage -> Shelf,24,2023-07-10 07:16:02,TRANSFER,Cage,Shelf,Shelf
1718,7/10/2023 19:11:14,000000000000,Shelf -> Other,1,2023-07-10 19:11:14,TAKEOUT,Shelf,,Shelf
1719,7/10/2023 19:11:19,000000000062,Shelf -> Other,1,2023-07-10 19:11:19,TAKEOUT,Shelf,,Shelf
1720,7/10/2023 19:11:36,000000000062,Shelf -> Other,2,2023-07-10 19:11:36,TAKEOUT,Shelf,,Shelf
1721,7/10/2023 19:12:26,000000001120,Shelf -> Other,3,2023-07-10 19:12:26,TAKEOUT,Shelf,,Shelf
1722,7/10/2023 19:13:4,000000000024,Shelf -> Other,1,2023-07-10 19:13:04,TAKEOUT,Shelf,,Shelf
1723,7/10/2023 21:3:17,000000000338,Shelf -> Other,3,2023-07-10 21:03:17,TAKEOUT,Shelf,,Shelf
1724,7/11/2023 21:5:4,000000000369,Shelf -> Other,1,2023-07-11 21:05:04,TAKEOUT,Shelf,,Shelf
1725,7/12/2023 19:17:15,000000000772,Shelf -> Other,1,2023-07-12 19:17:15,TAKEOUT,Shelf,,Shelf
1726,7/14/2023 2:17:16,000000000840,Shelf -> Other,2,2023-07-14 02:17:16,TAKEOUT,Shelf,,Shelf
1727,7/14/2023 2:17:23,000000001120,Shelf -> Other,1,2023-07-14 02:17:23,TAKEOUT,Shelf,,Shelf
1728,7/15/2023 6:29:26,000000000567,Shelf -> Other,1,2023-07-15 06:29:26,TAKEOUT,Shelf,,Shelf
1729,7/15/2023 6:30:13,000000000383,Shelf -> Other,1,2023-07-15 06:30:13,TAKEOUT,Shelf,,Shelf
1730,7/15/2023 6:31:4,000000000390,Shelf -> Other,1,2023-07-15 06:31:04,TAKEOUT,Shelf,,Shelf
1731,7/15/2023 6:34:44,000000000062,Shelf -> Other,1,2023-07-15 06:34:44,TAKEOUT,Shelf,,Shelf
1732,7/15/2023 16:41:43,000000000017,Shelf -> Other,1,2023-07-15 16:41:43,TAKEOUT,Shelf,,Shelf
1733,7/15/2023 16:42:13,000000000024,Shelf -> Other,1,2023-07-15 16:42:13,TAKEOUT,Shelf,,Shelf
1734,7/15/2023 16:42:46,000000000000,Shelf -> Other,1,2023-07-15 16:42:46,TAKEOUT,Shelf,,Shelf
1735,7/15/2023 18:55:54,000000000260,Shelf -> Other,1,2023-07-15 18:55:54,TAKEOUT,Shelf,,Shelf
1736,7/15/2023 18:56:11,000000000260,Shelf -> Other,1,2023-07-15 18:56:11,TAKEOUT,Shelf,,Shelf
1737,7/15/2023 18:57:18,000000000093,Shelf -> Other,1,2023-07-15 18:57:18,TAKEOUT,Shelf,,Shelf
1738,7/15/2023 18:57:44,000000000062,Shelf -> Other,2,2023-07-15 18:57:44,TAKEOUT,Shelf,,Shelf
1739,7/15/2023 18:58:9,000000000789,Shelf -> Other,1,2023-07-15 18:58:09,TAKEOUT,Shelf,,Shelf
1740,7/15/2023 19:1:20,000000000741,Shelf -> Other,3,2023-07-15 19:01:20,TAKEOUT,Shelf,,Shelf
1741,7/15/2023 19:1:27,000000000758,Shelf -> Other,3,2023-07-15 19:01:27,TAKEOUT,Shelf,,Shelf
1742,7/15/2023 19:27:35,000000001137,Shelf -> Other,1,2023-07-15 19:27:35,TAKEOUT,Shelf,,Shelf
1743,7/15/2023 20:24:30,000000000567,Shelf -> Other,1,2023-07-15 20:24:30,TAKEOUT,Shelf,,Shelf
1744,7/15/2023 21:13:46,000000000505,Shelf -> Other,1,2023-07-15 21:13:46,TAKEOUT,Shelf,,Shelf
1745,7/15/2023 21:13:51,000000000451,Shelf -> Other,1,2023-07-15 21:13:51,TAKEOUT,Shelf,,Shelf
1746,7/15/2023 21:13:54,000000000536,Shelf -> Other,1,2023-07-15 21:13:54,TAKEOUT,Shelf,,Shelf
1747,7/15/2023 21:14:34,000000000741,Shelf -> Other,2,2023-07-15 21:14:34,TAKEOUT,Shelf,,Shelf
1748,7/15/2023 21:17:40,000000000970,Shelf -> Other,1,2023-07-15 21:17:40,TAKEOUT,Shelf,,Shelf
1749,7/15/2023 21:18:38,000000000383,Shelf -> Other,1,2023-07-15 21:18:38,TAKEOUT,Shelf,,Shelf
1750,7/15/2023 21:18:58,000000000338,Shelf -> Other,1,2023-07-15 21:18:58,TAKEOUT,Shelf,,Shelf
1751,7/15/2023 21:19:15,000000000390,Shelf -> Other,1,2023-07-15 21:19:15,TAKEOUT,Shelf,,Shelf
1752,7/15/2023 21:21:28,000000000567,Shelf -> Other,1,2023-07-15 21:21:28,TAKEOUT,Shelf,,Shelf
1753,7/15/2023 21:46:41,000000000550,Shelf -> Other,1,2023-07-15 21:46:41,TAKEOUT,Shelf,,Shelf
1754,7/15/2023 21:49:0,000000000192,Shelf -> Other,1,2023-07-15 21:49:00,TAKEOUT,Shelf,,Shelf
1755,7/15/2023 21:51:18,000000000567,Shelf -> Other,1,2023-07-15 21:51:18,TAKEOUT,Shelf,,Shelf
1756,7/15/2023 21:52:7,000000000567,Cage -> Shelf,4,2023-07-15 21:52:07,TRANSFER,Cage,Shelf,Shelf
1757,7/15/2023 21:56:20,000000000000,Cage -> Shelf,4,2023-07-15 21:56:20,TRANSFER,Cage,Shelf,Shelf
1758,7/15/2023 21:56:53,000000000383,Cage -> Shelf,2,2023-07-15 21:56:53,TRANSFER,Cage,Shelf,Shelf
1759,7/15/2023 21:57:2,000000000406,Cage -> Shelf,1,2023-07-15 21:57:02,TRANSFER,Cage,Shelf,Shelf
1760,7/15/2023 21:57:10,000000000390,Cage -> Shelf,2,2023-07-15 21:57:10,TRANSFER,Cage,Shelf,Shelf
1761,7/16/2023 11:59:33,000000000581,Shelf -> Other,10,2023-07-16 11:59:33,TAKEOUT,Shelf,,Shelf
1762,7/16/2023 17:36:20,000000000369,Shelf -> Other,1,2023-07-16 17:36:20,TAKEOUT,Shelf,,Shelf
1763,7/16/2023 17:40:39,000000000536,Shelf -> Other,1,2023-07-16 17:40:39,TAKEOUT,Shelf,,Shelf
1764,7/16/2023 17:40:54,000000000451,Shelf -> Other,1,2023-07-16 17:40:54,TAKEOUT,Shelf,,Shelf
1765,7/16/2023 17:45:31,000000000451,Shelf -> Other,1,2023-07-16 17:45:31,TAKEOUT,Shelf,,Shelf
1766,7/17/2023 18:27:29,000000000017,Shelf -> Other,2,2023-07-17 18:27:29,TAKEOUT,Shelf,,Shelf
1767,7/17/2023 20:30:22,000000000536,Cage -> Shelf,3,2023-07-17 20:30:22,TRANSFER,Cage,Shelf,Shelf
1768,7/17/2023 20:34:19,000000000338,Cage -> Shelf,5,2023-07-17 20:34:19,TRANSFER,Cage,Shelf,Shelf
1769,7/17/2023 20:34:26,000000000369,Cage -> Shelf,6,2023-07-17 20:34:26,TRANSFER,Cage,Shelf,Shelf
1770,7/17/2023 20:38:19,000000000451,Cage -> Shelf,4,2023-07-17 20:38:19,TRANSFER,Cage,Shelf,Shelf
1771,7/17/2023 20:42:8,000000000970,Cage -> Shelf,1,2023-07-17 20:42:08,TRANSFER,Cage,Shelf,Shelf
1772,7/17/2023 20:59:15,000000000338,Shelf -> Other,1,2023-07-17 20:59:15,TAKEOUT,Shelf,,Shelf
1773,7/18/2023 8:20:40,000000001120,Shelf -> Other,1,2023-07-18 08:20:40,TAKEOUT,Shelf,,Shelf
1774,7/18/2023 16:30:44,000000001120,Shelf -> Other,1,2023-07-18 16:30:44,TAKEOUT,Shelf,,Shelf
1775,7/19/2023 7:9:59,000000001007,Cage -> Other,1,2023-07-19 07:09:59,TAKEOUT,Cage,,Cage
1776,7/19/2023 7:12:27,000000000970,Cage -> Other,1,2023-07-19 07:12:27,TAKEOUT,Cage,,Cage
1777,7/19/2023 7:15:27,000000000383,Shelf -> Other,1,2023-07-19 07:15:27,TAKEOUT,Shelf,,Shelf
1778,7/19/2023 7:15:41,000000000338,Shelf -> Other,2,2023-07-19 07:15:41,TAKEOUT,Shelf,,Shelf
1779,7/19/2023 7:49:33,000000001151,Cage -> Other,1,2023-07-19 07:49:33,TAKEOUT,Cage,,Cage
1780,7/19/2023 7:49:53,000000001151,Cage -> Shelf,1,2023-07-19 07:49:53,TRANSFER,Cage,Shelf,Shelf
1781,7/19/2023 8:1:43,000000000383,Shelf -> Other,1,2023-07-19 08:01:43,TAKEOUT,Shelf,,Shelf
1782,7/19/2023 8:2:26,000000000192,Shelf -> Other,1,2023-07-19 08:02:26,TAKEOUT,Shelf,,Shelf
1783,7/19/2023 8:5:8,000000000451,Shelf -> Other,1,2023-07-19 08:05:08,TAKEOUT,Shelf,,Shelf
1784,7/19/2023 18:55:10,000000000369,Shelf -> Other,1,2023-07-19 18:55:10,TAKEOUT,Shelf,,Shelf
1785,7/20/2023 15:6:35,000000000567,Shelf -> Other,1,2023-07-20 15:06:35,TAKEOUT,Shelf,,Shelf
1786,7/20/2023 23:30:11,000000000024,Shelf -> Other,1,2023-07-20 23:30:11,TAKEOUT,Shelf,,Shelf
1787,7/20/2023 23:30:21,000000000017,Shelf -> Other,1,2023-07-20 23:30:21,TAKEOUT,Shelf,,Shelf
1788,7/20/2023 23:30:54,000000000000,Shelf -> Other,1,2023-07-20 23:30:54,TAKEOUT,Shelf,,Shelf
1789,7/22/2023 10:46:31,000000000567,Shelf -> Other,1,2023-07-22 10:46:31,TAKEOUT,Shelf,,Shelf
1790,7/22/2023 13:8:9,000000000000,Shelf -> Other,2,2023-07-22 13:08:09,TAKEOUT,Shelf,,Shelf
1791,7/22/2023 13:8:41,000000000024,Shelf -> Other,8,2023-07-22 13:08:41,TAKEOUT,Shelf,,Shelf
1792,7/22/2023 13:9:13,000000000031,Shelf -> Other,1,2023-07-22 13:09:13,TAKEOUT,Shelf,,Shelf
1793,7/23/2023 21:35:29,000000000086,Shelf -> Other,1,2023-07-23 21:35:29,TAKEOUT,Shelf,,Shelf
1794,7/24/2023 2:39:38,000000000338,Shelf -> Other,5,2023-07-24 02:39:38,TAKEOUT,Shelf,,Shelf
1795,7/24/2023 3:20:47,000000000550,Shelf -> Other,1,2023-07-24 03:20:47,TAKEOUT,Shelf,,Shelf
1796,7/24/2023 7:39:57,000000000062,Shelf -> Other,2,2023-07-24 07:39:57,TAKEOUT,Shelf,,Shelf
1797,7/24/2023 7:41:53,000000001120,Shelf -> Other,1,2023-07-24 07:41:53,TAKEOUT,Shelf,,Shelf
1798,7/24/2023 7:43:23,000000000062,Shelf -> Other,1,2023-07-24 07:43:23,TAKEOUT,Shelf,,Shelf
1799,7/24/2023 7:57:12,000000000031,Shelf -> Other,1,2023-07-24 07:57:12,TAKEOUT,Shelf,,Shelf
1800,7/24/2023 11:57:56,000000000055,Shelf -> Other,1,2023-07-24 11:57:56,TAKEOUT,Shelf,,Shelf
1801,7/25/2023 10:43:23,000000001120,RECOUNT - Cage,0,2023-07-25 10:43:23,COUNT,,Cage,Cage
1802,7/25/2023 10:43:35,000000001120,RECOUNT - Shelf,24,2023-07-25 10:43:35,COUNT,,Shelf,Shelf
1803,7/25/2023 10:44:40,000000001120,Shelf -> Other,3,2023-07-25 10:44:40,TAKEOUT,Shelf,,Shelf
1804,7/25/2023 10:44:51,000000000840,Shelf -> Other,2,2023-07-25 10:44:51,TAKEOUT,Shelf,,Shelf
1805,7/25/2023 10:46:51,000000000055,Shelf -> Other,5,2023-07-25 10:46:51,TAKEOUT,Shelf,,Shelf
1806,7/25/2023 10:49:42,000000000338,Cage -> Shelf,10,2023-07-25 10:49:42,TRANSFER,Cage,Shelf,Shelf
1807,7/25/2023 10:51:21,000000000192,Cage -> Shelf,3,2023-07-25 10:51:21,TRANSFER,Cage,Shelf,Shelf
1808,7/25/2023 10:51:40,000000000369,Shelf -> Other,1,2023-07-25 10:51:40,TAKEOUT,Shelf,,Shelf
1809,7/25/2023 10:52:56,000000000062,Shelf -> Other,1,2023-07-25 10:52:56,TAKEOUT,Shelf,,Shelf
1810,7/25/2023 10:53:36,000000000024,Shelf -> Other,3,2023-07-25 10:53:36,TAKEOUT,Shelf,,Shelf
1811,7/25/2023 12:49:44,000000000338,Shelf -> Other,1,2023-07-25 12:49:44,TAKEOUT,Shelf,,Shelf
1812,7/25/2023 17:0:27,000000000840,Shelf -> Other,1,2023-07-25 17:00:27,TAKEOUT,Shelf,,Shelf
1813,7/25/2023 17:0:53,000000001120,Shelf -> Other,1,2023-07-25 17:00:53,TAKEOUT,Shelf,,Shelf
1814,7/26/2023 1:40:15,000000000741,Shelf -> Other,1,2023-07-26 01:40:15,TAKEOUT,Shelf,,Shelf
1815,7/26/2023 7:44:13,000000001120,Shelf -> Other,2,2023-07-26 07:44:13,TAKEOUT,Shelf,,Shelf
1816,7/26/2023 23:16:12,000000000338,Shelf -> Other,2,2023-07-26 23:16:12,TAKEOUT,Shelf,,Shelf
1817,7/28/2023 1:14:16,000000001120,Shelf -> Other,3,2023-07-28 01:14:16,TAKEOUT,Shelf,,Shelf
1818,7/28/2023 1:14:34,000000000567,Shelf -> Other,1,2023-07-28 01:14:34,TAKEOUT,Shelf,,Shelf
1819,7/28/2023 1:15:25,000000000338,Shelf -> Other,1,2023-07-28 01:15:25,TAKEOUT,Shelf,,Shelf
1820,7/28/2023 1:15:59,000000000024,Shelf -> Other,3,2023-07-28 01:15:59,TAKEOUT,Shelf,,Shelf
1821,7/28/2023 8:45:41,000000000574,Shelf -> Other,1,2023-07-28 08:45:41,TAKEOUT,Shelf,,Shelf
1822,7/28/2023 8:46:4,000000000550,Shelf -> Other,1,2023-07-28 08:46:04,TAKEOUT,Shelf,,Shelf
1823,7/28/2023 11:19:40,000000000338,Shelf -> Other,1,2023-07-28 11:19:40,TAKEOUT,Shelf,,Shelf
1824,7/28/2023 11:19:44,000000000369,Shelf -> Other,1,2023-07-28 11:19:44,TAKEOUT,Shelf,,Shelf
1825,7/28/2023 11:20:5,000000001120,Shelf -> Other,2,2023-07-28 11:20:05,TAKEOUT,Shelf,,Shelf
1826,7/28/2023 11:20:11,000000001090,Shelf -> Other,1,2023-07-28 11:20:11,TAKEOUT,Shelf,,Shelf
1827,7/28/2023 11:24:35,000000001137,Shelf -> Other,1,2023-07-28 11:24:35,TAKEOUT,Shelf,,Shelf
1828,7/28/2023 13:26:40,000000000369,Shelf -> Other,1,2023-07-28 13:26:40,TAKEOUT,Shelf,,Shelf
1829,7/29/2023 17:20:39,000000000369,Shelf -> Other,1,2023-07-29 17:20:39,TAKEOUT,Shelf,,Shelf
1830,7/30/2023 12:14:39,000000000741,Shelf -> Other,1,2023-07-30 12:14:39,TAKEOUT,Shelf,,Shelf
1831,7/30/2023 12:14:53,000000000369,Shelf -> Other,1,2023-07-30 12:14:53,TAKEOUT,Shelf,,Shelf
1832,7/30/2023 12:15:8,000000001120,Shelf -> Other,2,2023-07-30 12:15:08,TAKEOUT,Shelf,,Shelf
1833,7/30/2023 17:21:28,000000000024,Shelf -> Other,5,2023-07-30 17:21:28,TAKEOUT,Shelf,,Shelf
1834,7/30/2023 17:22:4,000000000369,Shelf -> Other,1,2023-07-30 17:22:04,TAKEOUT,Shelf,,Shelf
1835,7/30/2023 17:22:31,000000001090,Shelf -> Other,1,2023-07-30 17:22:31,TAKEOUT,Shelf,,Shelf
1836,7/30/2023 17:23:24,000000000000,Shelf -> Other,1,2023-07-30 17:23:24,TAKEOUT,Shelf,,Shelf
1837,7/31/2023 2:48:38,000000000062,Shelf -> Other,1,2023-07-31 02:48:38,TAKEOUT,Shelf,,Shelf
1838,7/31/2023 2:48:41,000000000024,Shelf -> Other,1,2023-07-31 02:48:41,TAKEOUT,Shelf,,Shelf
1839,7/31/2023 10:18:2,000000000369,Shelf -> Other,1,2023-07-31 10:18:02,TAKEOUT,Shelf,,Shelf
1840,8/1/2023 20:7:46,000000000840,Shelf -> Other,1,2023-08-01 20:07:46,TAKEOUT,Shelf,,Shelf
1841,8/1/2023 20:7:53,000000001120,Shelf -> Other,1,2023-08-01 20:07:53,TAKEOUT,Shelf,,Shelf
1842,8/2/2023 14:30:39,000000000789,Shelf -> Other,1,2023-08-02 14:30:39,TAKEOUT,Shelf,,Shelf
1843,8/2/2023 14:45:1,000000000772,Shelf -> Other,1,2023-08-02 14:45:01,TAKEOUT,Shelf,,Shelf
1844,8/2/2023 15:6:12,000000001120,Shelf -> Other,2,2023-08-02 15:06:12,TAKEOUT,Shelf,,Shelf
1845,8/2/2023 15:6:17,000000000338,Shelf -> Other,1,2023-08-02 15:06:17,TAKEOUT,Shelf,,Shelf
1846,8/2/2023 15:8:9,000000000574,Shelf -> Other,1,2023-08-02 15:08:09,TAKEOUT,Shelf,,Shelf
1847,8/2/2023 15:29:48,000000000338,Shelf -> Other,1,2023-08-02 15:29:48,TAKEOUT,Shelf,,Shelf
1848,8/2/2023 15:37:2,000000000574,Cage -> Other,5,2023-08-02 15:37:02,TAKEOUT,Cage,,Cage
1849,8/2/2023 15:37:8,000000000567,Cage -> Other,5,2023-08-02 15:37:08,TAKEOUT,Cage,,Cage
1850,8/2/2023 15:37:13,000000000550,Cage -> Other,5,2023-08-02 15:37:13,TAKEOUT,Cage,,Cage
1851,8/2/2023 15:47:16,000000001120,Shelf -> Other,1,2023-08-02 15:47:16,TAKEOUT,Shelf,,Shelf
1852,8/2/2023 15:47:21,000000001137,Shelf -> Other,1,2023-08-02 15:47:21,TAKEOUT,Shelf,,Shelf
1853,8/3/2023 12:7:42,000000001090,Shelf -> Other,1,2023-08-03 12:07:42,TAKEOUT,Shelf,,Shelf
1854,8/3/2023 12:8:23,000000001090,Shelf -> Other,2,2023-08-03 12:08:23,TAKEOUT,Shelf,,Shelf
1855,8/3/2023 14:1:16,000000000338,Shelf -> Other,1,2023-08-03 14:01:16,TAKEOUT,Shelf,,Shelf
1856,8/3/2023 19:13:56,000000000963,Shelf -> Other,2,2023-08-03 19:13:56,TAKEOUT,Shelf,,Shelf
1857,8/4/2023 16:45:51,000000000062,Shelf -> Other,1,2023-08-04 16:45:51,TAKEOUT,Shelf,,Shelf
1858,8/4/2023 16:46:2,000000000024,Shelf -> Other,2,2023-08-04 16:46:02,TAKEOUT,Shelf,,Shelf
1859,8/4/2023 16:46:12,000000000741,Shelf -> Other,1,2023-08-04 16:46:12,TAKEOUT,Shelf,,Shelf
1860,8/4/2023 21:59:39,000000000734,Cage -> Other,1,2023-08-04 21:59:39,TAKEOUT,Cage,,Cage
1861,8/6/2023 23:3:30,000000000024,Shelf -> Other,2,2023-08-06 23:03:30,TAKEOUT,Shelf,,Shelf
1862,8/6/2023 23:3:50,000000000000,Shelf -> Other,1,2023-08-06 23:03:50,TAKEOUT,Shelf,,Shelf
1863,8/7/2023 11:40:20,000000000574,Shelf -> Other,1,2023-08-07 11:40:20,TAKEOUT,Shelf,,Shelf
1864,8/7/2023 11:40:38,000000000970,Shelf -> Other,1,2023-08-07 11:40:38,TAKEOUT,Shelf,,Shelf
1865,8/7/2023 11:41:0,000000000383,Shelf -> Other,1,2023-08-07 11:41:00,TAKEOUT,Shelf,,Shelf
1866,8/7/2023 11:41:36,000000000338,Shelf -> Other,2,2023-08-07 11:41:36,TAKEOUT,Shelf,,Shelf
1867,8/7/2023 12:16:17,000000000550,Shelf -> Other,1,2023-08-07 12:16:17,TAKEOUT,Shelf,,Shelf
1868,8/7/2023 12:16:25,000000000741,Shelf -> Other,1,2023-08-07 12:16:25,TAKEOUT,Shelf,,Shelf
1869,8/7/2023 16:47:33,000000000581,Shelf -> Other,7,2023-08-07 16:47:33,TAKEOUT,Shelf,,Shelf
1870,8/8/2023 19:45:55,000000000369,Shelf -> Other,1,2023-08-08 19:45:55,TAKEOUT,Shelf,,Shelf
1871,8/8/2023 22:17:16,000000000963,Cage -> Shelf,1,2023-08-08 22:17:16,TRANSFER,Cage,Shelf,Shelf
1872,8/8/2023 22:19:19,000000000086,Cage -> Shelf,1,2023-08-08 22:19:19,TRANSFER,Cage,Shelf,Shelf
1873,8/8/2023 22:22:8,000000000338,Cage -> Shelf,10,2023-08-08 22:22:08,TRANSFER,Cage,Shelf,Shelf
1874,8/8/2023 22:23:47,000000000369,Cage -> Shelf,10,2023-08-08 22:23:47,TRANSFER,Cage,Shelf,Shelf
1875,8/8/2023 22:27:9,000000000741,Cage -> Shelf,2,2023-08-08 22:27:09,TRANSFER,Cage,Shelf,Shelf
1876,8/8/2023 23:36:38,000000000536,Shelf -> Other,1,2023-08-08 23:36:38,TAKEOUT,Shelf,,Shelf
1877,8/8/2023 23:36:45,000000000451,Shelf -> Other,1,2023-08-08 23:36:45,TAKEOUT,Shelf,,Shelf
1878,8/9/2023 13:49:3,000000000550,Shelf -> Other,1,2023-08-09 13:49:03,TAKEOUT,Shelf,,Shelf
1879,8/9/2023 13:49:7,000000001090,Shelf -> Other,1,2023-08-09 13:49:07,TAKEOUT,Shelf,,Shelf
1880,8/9/2023 16:8:35,000000000338,Shelf -> Other,1,2023-08-09 16:08:35,TAKEOUT,Shelf,,Shelf
1881,8/9/2023 16:10:58,000000000581,Shelf -> Other,10,2023-08-09 16:10:58,TAKEOUT,Shelf,,Shelf
1882,8/9/2023 20:39:21,000000001090,Shelf -> Other,1,2023-08-09 20:39:21,TAKEOUT,Shelf,,Shelf
1883,8/10/2023 14:22:6,000000000338,Shelf -> Other,1,2023-08-10 14:22:06,TAKEOUT,Shelf,,Shelf
1884,8/10/2023 23:12:46,000000000369,Shelf -> Other,2,2023-08-10 23:12:46,TAKEOUT,Shelf,,Shelf
1885,8/11/2023 11:34:25,000000000758,Shelf -> Other,1,2023-08-11 11:34:25,TAKEOUT,Shelf,,Shelf
1886,8/11/2023 11:39:1,000000000048,Cage -> Other,2,2023-08-11 11:39:01,TAKEOUT,Cage,,Cage
1887,8/12/2023 9:33:46,000000000574,Shelf -> Other,1,2023-08-12 09:33:46,TAKEOUT,Shelf,,Shelf
1888,8/14/2023 23:58:49,000000001120,Shelf -> Other,1,2023-08-14 23:58:49,TAKEOUT,Shelf,,Shelf
1889,8/15/2023 14:16:16,000000000369,Shelf -> Other,2,2023-08-15 14:16:16,TAKEOUT,Shelf,,Shelf
1890,8/15/2023 19:1:28,000000000741,Shelf -> Other,2,2023-08-15 19:01:28,TAKEOUT,Shelf,,Shelf
1891,8/16/2023 11:5:53,000000000574,Shelf -> Other,1,2023-08-16 11:05:53,TAKEOUT,Shelf,,Shelf
1892,8/16/2023 17:19:48,000000000840,Shelf -> Other,1,2023-08-16 17:19:48,TAKEOUT,Shelf,,Shelf
1893,8/16/2023 17:19:56,000000001120,Shelf -> Other,1,2023-08-16 17:19:56,TAKEOUT,Shelf,,Shelf
1894,8/16/2023 17:20:14,000000000741,Shelf -> Other,1,2023-08-16 17:20:14,TAKEOUT,Shelf,,Shelf
1895,8/16/2023 20:33:16,000000000840,Shelf -> Other,3,2023-08-16 20:33:16,TAKEOUT,Shelf,,Shelf
1896,8/18/2023 15:3:50,000000001090,Shelf -> Other,1,2023-08-18 15:03:50,TAKEOUT,Shelf,,Shelf
1897,8/18/2023 15:10:2,000000000567,Shelf -> Other,1,2023-08-18 15:10:02,TAKEOUT,Shelf,,Shelf
1898,8/18/2023 15:10:7,000000000550,Shelf -> Other,1,2023-08-18 15:10:07,TAKEOUT,Shelf,,Shelf
1899,8/19/2023 15:5:16,000000000741,Cage -> Shelf,5,2023-08-19 15:05:16,TRANSFER,Cage,Shelf,Shelf
1900,8/19/2023 15:8:8,000000000758,Cage -> Shelf,3,2023-08-19 15:08:08,TRANSFER,Cage,Shelf,Shelf
1901,8/19/2023 15:14:33,000000000789,Cage -> Shelf,2,2023-08-19 15:14:33,TRANSFER,Cage,Shelf,Shelf
1902,8/19/2023 15:14:41,000000000840,Cage -> Shelf,12,2023-08-19 15:14:41,TRANSFER,Cage,Shelf,Shelf
1903,8/20/2023 2:39:24,000000000000,Shelf -> Other,1,2023-08-20 02:39:24,TAKEOUT,Shelf,,Shelf
1904,8/20/2023 2:39:31,000000000024,Shelf -> Other,1,2023-08-20 02:39:31,TAKEOUT,Shelf,,Shelf
1905,8/20/2023 10:23:57,000000000000,Shelf -> Other,2,2023-08-20 10:23:57,TAKEOUT,Shelf,,Shelf
1906,8/20/2023 10:24:21,000000001120,Shelf -> Other,1,2023-08-20 10:24:21,TAKEOUT,Shelf,,Shelf
1907,8/21/2023 16:41:6,000000000017,Shelf -> Other,2,2023-08-21 16:41:06,TAKEOUT,Shelf,,Shelf
1908,8/21/2023 16:41:15,000000000024,Shelf -> Other,5,2023-08-21 16:41:15,TAKEOUT,Shelf,,Shelf
1909,8/21/2023 17:25:5,000000000000,Shelf -> Other,0,2023-08-21 17:25:05,TAKEOUT,Shelf,,Shelf
1910,8/21/2023 17:30:56,000000000000,Shelf -> Other,0,2023-08-21 17:30:56,TAKEOUT,Shelf,,Shelf
1911,8/21/2023 17:31:45,000000000000,Shelf -> Other,0,2023-08-21 17:31:45,TAKEOUT,Shelf,,Shelf
1912,8/21/2023 17:39:17,000000000000,Shelf -> Other,0,2023-08-21 17:39:17,TAKEOUT,Shelf,,Shelf
1913,8/21/2023 17:40:38,000000000000,Shelf -> Other,0,2023-08-21 17:40:38,TAKEOUT,Shelf,,Shelf
1914,8/21/2023 17:46:31,000000000000,Shelf -> Other,0,2023-08-21 17:46:31,TAKEOUT,Shelf,,Shelf
1915,8/21/2023 20:25:10,000000001120,Shelf -> Other,1,2023-08-21 20:25:10,TAKEOUT,Shelf,,Shelf
1916,8/21/2023 20:25:57,000000000024,Shelf -> Other,1,2023-08-21 20:25:57,TAKEOUT,Shelf,,Shelf
1917,8/21/2023 20:31:34,000000001120,Shelf -> Other,1,2023-08-21 20:31:34,TAKEOUT,Shelf,,Shelf
1918,8/21/2023 20:33:6,000000000420,Shelf -> Other,1,2023-08-21 20:33:06,TAKEOUT,Shelf,,Shelf
1919,8/21/2023 20:33:43,000000000789,Shelf -> Other,1,2023-08-21 20:33:43,TAKEOUT,Shelf,,Shelf
1920,8/22/2023 0:19:29,000000000338,Shelf -> Other,1,2023-08-22 00:19:29,TAKEOUT,Shelf,,Shelf
1921,8/22/2023 12:33:16,000000000000,Shelf -> Other,0,2023-08-22 12:33:16,TAKEOUT,Shelf,,Shelf
1922,8/22/2023 13:44:38,000000000567,Shelf -> Other,1,2023-08-22 13:44:38,TAKEOUT,Shelf,,Shelf
1923,8/22/2023 14:30:58,000000000000,Shelf -> Other,0,2023-08-22 14:30:58,TAKEOUT,Shelf,,Shelf
1924,8/22/2023 14:34:5,000000000000,Shelf -> Other,0,2023-08-22 14:34:05,TAKEOUT,Shelf,,Shelf
1925,8/22/2023 15:39:31,000000000000,Shelf -> Other,0,2023-08-22 15:39:31,TAKEOUT,Shelf,,Shelf
1926,8/22/2023 15:48:40,000000000000,Shelf -> Other,0,2023-08-22 15:48:40,TAKEOUT,Shelf,,Shelf
1927,8/22/2023 15:51:26,000000000000,Shelf -> Other,0,2023-08-22 15:51:26,TAKEOUT,Shelf,,Shelf
1928,8/22/2023 15:51:45,000000000000,Shelf -> Other,0,2023-08-22 15:51:45,TAKEOUT,Shelf,,Shelf
1931,8/22/2023 15:55:22,000000000000,Shelf -> Other,0,2023-08-22 15:55:22,TAKEOUT,Shelf,,Shelf
1930,8/22/2023 15:52:43,000000000000,Shelf -> Other,0,2023-08-22 15:52:43,TAKEOUT,Shelf,,Shelf
1932,8/22/2023 16:0:44,000000000000,Shelf -> Other,0,2023-08-22 16:00:44,TAKEOUT,Shelf,,Shelf
1933,8/22/2023 16:2:55,000000000000,Shelf -> Other,0,2023-08-22 16:02:55,TAKEOUT,Shelf,,Shelf
1934,8/22/2023 16:3:33,000000000000,Shelf -> Other,0,2023-08-22 16:03:33,TAKEOUT,Shelf,,Shelf
1935,8/22/2023 16:4:53,000000000000,Shelf -> Other,0,2023-08-22 16:04:53,TAKEOUT,Shelf,,Shelf
1936,8/22/2023 16:9:10,000000000000,Shelf -> Other,0,2023-08-22 16:09:10,TAKEOUT,Shelf,,Shelf
1937,8/22/2023 16:11:59,000000000000,Shelf -> Other,0,2023-08-22 16:11:59,TAKEOUT,Shelf,,Shelf
1938,8/22/2023 16:13:32,000000000000,Shelf -> Other,0,2023-08-22 16:13:32,TAKEOUT,Shelf,,Shelf
1939,8/22/2023 19:22:14,000000000338,Shelf -> Other,1,2023-08-22 19:22:14,TAKEOUT,Shelf,,Shelf
1940,8/22/2023 22:49:5,000000000338,Shelf -> Other,1,2023-08-22 22:49:05,TAKEOUT,Shelf,,Shelf
1941,8/23/2023 12:32:3,000000000741,Shelf -> Other,1,2023-08-23 12:32:03,TAKEOUT,Shelf,,Shelf
1942,8/23/2023 17:34:18,000000000055,Shelf -> Other,1,2023-08-23 17:34:18,TAKEOUT,Shelf,,Shelf
1943,8/25/2023 10:4:33,000000000369,Shelf -> Other,3,2023-08-25 10:04:33,TAKEOUT,Shelf,,Shelf
1944,8/25/2023 13:2:46,000000000062,Shelf -> Other,1,2023-08-25 13:02:46,TAKEOUT,Shelf,,Shelf
1945,8/25/2023 13:3:54,000000000062,Shelf -> Other,2,2023-08-25 13:03:54,TAKEOUT,Shelf,,Shelf
1946,8/25/2023 15:51:5,000000001137,Cage -> Shelf,7,2023-08-25 15:51:05,TRANSFER,Cage,Shelf,Shelf
1947,8/25/2023 15:52:43,000000000000,Cage -> Shelf,2,2023-08-25 15:52:43,TRANSFER,Cage,Shelf,Shelf
1948,8/25/2023 15:55:32,000000001090,Cage -> Shelf,4,2023-08-25 15:55:32,TRANSFER,Cage,Shelf,Shelf
1949,8/25/2023 15:56:6,000000000543,Cage -> Shelf,3,2023-08-25 15:56:06,TRANSFER,Cage,Shelf,Shelf
1950,8/25/2023 16:0:43,000000000550,Cage -> Shelf,2,2023-08-25 16:00:43,TRANSFER,Cage,Shelf,Shelf
1951,8/25/2023 16:5:7,000000000451,Cage -> Shelf,2,2023-08-25 16:05:07,TRANSFER,Cage,Shelf,Shelf
1952,8/25/2023 16:10:41,000000001007,RECOUNT - Cage,6,2023-08-25 16:10:41,COUNT,,Cage,Cage
1953,8/25/2023 16:10:53,000000000970,RECOUNT - Cage,2,2023-08-25 16:10:53,COUNT,,Cage,Cage
1954,8/25/2023 16:11:27,000000000970,RECOUNT - Shelf,2,2023-08-25 16:11:27,COUNT,,Shelf,Shelf
1955,8/25/2023 16:11:34,000000000987,RECOUNT - Shelf,1,2023-08-25 16:11:34,COUNT,,Shelf,Shelf
1956,8/25/2023 16:11:44,000000000987,RECOUNT - Cage,6,2023-08-25 16:11:44,COUNT,,Cage,Cage
1957,8/25/2023 16:17:24,000000000383,Cage -> Shelf,1,2023-08-25 16:17:24,TRANSFER,Cage,Shelf,Shelf
1958,8/25/2023 16:33:0,000000000017,Cage -> Shelf,20,2023-08-25 16:33:00,TRANSFER,Cage,Shelf,Shelf
1959,8/26/2023 14:51:8,000000001090,Shelf -> Other,1,2023-08-26 14:51:08,TAKEOUT,Shelf,,Shelf
1960,8/26/2023 17:42:12,000000000345,Shelf -> Other,1,2023-08-26 17:42:12,TAKEOUT,Shelf,,Shelf
1961,8/26/2023 17:42:20,000000000338,Shelf -> Other,2,2023-08-26 17:42:20,TAKEOUT,Shelf,,Shelf
1962,8/26/2023 22:15:4,000000000383,Shelf -> Other,1,2023-08-26 22:15:04,TAKEOUT,Shelf,,Shelf
1963,8/28/2023 1:9:46,000000000567,Shelf -> Other,1,2023-08-28 01:09:46,TAKEOUT,Shelf,,Shelf
1964,8/28/2023 3:2:54,000000000062,Shelf -> Other,2,2023-08-28 03:02:54,TAKEOUT,Shelf,,Shelf
1965,8/28/2023 3:4:2,000000000406,Shelf -> Other,1,2023-08-28 03:04:02,TAKEOUT,Shelf,,Shelf
1966,8/28/2023 3:4:45,000000000390,Shelf -> Other,1,2023-08-28 03:04:45,TAKEOUT,Shelf,,Shelf
1967,8/28/2023 3:12:47,000000000093,Shelf -> Other,1,2023-08-28 03:12:47,TAKEOUT,Shelf,,Shelf
1968,8/28/2023 3:14:22,000000000987,Shelf -> Other,1,2023-08-28 03:14:22,TAKEOUT,Shelf,,Shelf
1969,8/28/2023 3:14:46,000000000390,Shelf -> Other,1,2023-08-28 03:14:46,TAKEOUT,Shelf,,Shelf
1970,8/28/2023 14:28:33,000000000987,Cage -> Shelf,1,2023-08-28 14:28:33,TRANSFER,Cage,Shelf,Shelf
1971,8/28/2023 20:19:38,000000000338,Shelf -> Other,1,2023-08-28 20:19:38,TAKEOUT,Shelf,,Shelf
1972,8/28/2023 21:6:41,000000000758,Shelf -> Other,1,2023-08-28 21:06:41,TAKEOUT,Shelf,,Shelf
1973,8/30/2023 9:56:10,000000001090,Shelf -> Other,1,2023-08-30 09:56:10,TAKEOUT,Shelf,,Shelf
1974,8/30/2023 9:57:20,000000000567,Shelf -> Other,1,2023-08-30 09:57:20,TAKEOUT,Shelf,,Shelf
1975,8/30/2023 16:21:9,000000000376,Shelf -> Other,1,2023-08-30 16:21:09,TAKEOUT,Shelf,,Shelf
1976,8/31/2023 13:57:13,000000000840,Shelf -> Other,2,2023-08-31 13:57:13,TAKEOUT,Shelf,,Shelf
1977,8/31/2023 13:57:20,000000000017,Shelf -> Other,2,2023-08-31 13:57:20,TAKEOUT,Shelf,,Shelf
1978,8/31/2023 13:57:22,000000001113,Shelf -> Other,1,2023-08-31 13:57:22,TAKEOUT,Shelf,,Shelf
1979,8/31/2023 13:57:54,000000000000,Shelf -> Other,1,2023-08-31 13:57:54,TAKEOUT,Shelf,,Shelf
1980,8/31/2023 13:59:28,000000000963,Shelf -> Other,1,2023-08-31 13:59:28,TAKEOUT,Shelf,,Shelf
1981,9/1/2023 10:35:28,000000000369,Shelf -> Other,1,2023-09-01 10:35:28,TAKEOUT,Shelf,,Shelf
1982,9/1/2023 18:34:31,000000000338,Shelf -> Other,1,2023-09-01 18:34:31,TAKEOUT,Shelf,,Shelf
1983,9/2/2023 0:14:48,000000000000,Shelf -> Other,1,2023-09-02 00:14:48,TAKEOUT,Shelf,,Shelf
1984,9/2/2023 0:15:53,000000000024,Shelf -> Other,2,2023-09-02 00:15:53,TAKEOUT,Shelf,,Shelf
1985,9/2/2023 12:11:13,000000000567,Shelf -> Other,1,2023-09-02 12:11:13,TAKEOUT,Shelf,,Shelf
1986,9/2/2023 15:44:43,000000000574,Shelf -> Other,1,2023-09-02 15:44:43,TAKEOUT,Shelf,,Shelf
1987,9/2/2023 16:25:9,000000000369,Shelf -> Other,1,2023-09-02 16:25:09,TAKEOUT,Shelf,,Shelf
1988,9/3/2023 7:13:25,000000000598,Cage -> Other,20,2023-09-03 07:13:25,TAKEOUT,Cage,,Cage
1989,9/3/2023 12:51:41,000000000567,Cage -> Shelf,5,2023-09-03 12:51:41,TRANSFER,Cage,Shelf,Shelf
1990,9/3/2023 13:4:59,000000000383,Cage -> Shelf,2,2023-09-03 13:04:59,TRANSFER,Cage,Shelf,Shelf
1991,9/3/2023 13:5:32,000000001090,Cage -> Shelf,4,2023-09-03 13:05:32,TRANSFER,Cage,Shelf,Shelf
1992,9/3/2023 13:5:55,000000001090,Shelf -> Other,1,2023-09-03 13:05:55,TAKEOUT,Shelf,,Shelf
1993,9/3/2023 13:13:31,000000000574,Cage -> Shelf,3,2023-09-03 13:13:31,TRANSFER,Cage,Shelf,Shelf
1994,9/3/2023 13:14:19,000000000390,Cage -> Shelf,2,2023-09-03 13:14:19,TRANSFER,Cage,Shelf,Shelf
1995,9/3/2023 13:14:25,000000000406,Cage -> Shelf,1,2023-09-03 13:14:25,TRANSFER,Cage,Shelf,Shelf
1996,9/3/2023 13:14:52,000000000383,RECOUNT - Shelf,3,2023-09-03 13:14:52,COUNT,,Shelf,Shelf
1997,9/3/2023 13:14:57,000000000406,RECOUNT - Shelf,1,2023-09-03 13:14:57,COUNT,,Shelf,Shelf
1998,9/3/2023 13:15:3,000000000390,RECOUNT - Shelf,2,2023-09-03 13:15:03,COUNT,,Shelf,Shelf
1999,9/3/2023 13:15:56,000000001090,RECOUNT - Shelf,5,2023-09-03 13:15:56,COUNT,,Shelf,Shelf
2000,9/3/2023 13:18:11,000000000741,RECOUNT - Shelf,5,2023-09-03 13:18:11,COUNT,,Shelf,Shelf
2001,9/3/2023 13:18:21,000000000758,RECOUNT - Shelf,2,2023-09-03 13:18:21,COUNT,,Shelf,Shelf
2002,9/3/2023 13:21:42,000000000765,Cage -> Shelf,1,2023-09-03 13:21:42,TRANSFER,Cage,Shelf,Shelf
2003,9/3/2023 13:21:56,000000000000,Cage -> Shelf,4,2023-09-03 13:21:56,TRANSFER,Cage,Shelf,Shelf
2004,9/3/2023 13:22:10,000000000765,RECOUNT - Shelf,2,2023-09-03 13:22:10,COUNT,,Shelf,Shelf
2005,9/3/2023 13:22:19,000000000000,RECOUNT - Shelf,5,2023-09-03 13:22:19,COUNT,,Shelf,Shelf
2006,9/3/2023 13:23:19,000000000987,RECOUNT - Shelf,1,2023-09-03 13:23:19,COUNT,,Shelf,Shelf
2007,9/3/2023 13:23:28,000000000970,RECOUNT - Shelf,2,2023-09-03 13:23:28,COUNT,,Shelf,Shelf
2008,9/3/2023 13:23:51,000000000437,RECOUNT - Shelf,1,2023-09-03 13:23:51,COUNT,,Shelf,Shelf
2009,9/3/2023 13:23:57,000000000444,RECOUNT - Shelf,1,2023-09-03 13:23:57,COUNT,,Shelf,Shelf
2010,9/3/2023 13:25:30,000000000536,RECOUNT - Shelf,2,2023-09-03 13:25:30,COUNT,,Shelf,Shelf
2011,9/3/2023 13:26:41,000000000451,RECOUNT - Shelf,5,2023-09-03 13:26:41,COUNT,,Shelf,Shelf
2012,9/3/2023 13:28:41,000000000642,RECOUNT - Shelf,4,2023-09-03 13:28:41,COUNT,,Shelf,Shelf
2013,9/3/2023 13:28:50,000000000635,RECOUNT - Shelf,1,2023-09-03 13:28:50,COUNT,,Shelf,Shelf
2014,9/3/2023 13:28:56,000000000604,RECOUNT - Shelf,3,2023-09-03 13:28:56,COUNT,,Shelf,Shelf
2015,9/3/2023 13:29:2,000000000628,RECOUNT - Shelf,1,2023-09-03 13:29:02,COUNT,,Shelf,Shelf
2016,9/3/2023 13:31:35,000000000413,RECOUNT - Shelf,4,2023-09-03 13:31:35,COUNT,,Shelf,Shelf
2017,9/3/2023 13:32:40,000000000963,Cage -> Shelf,2,2023-09-03 13:32:40,TRANSFER,Cage,Shelf,Shelf
2018,9/3/2023 13:34:8,000000001021,RECOUNT - Shelf,2,2023-09-03 13:34:08,COUNT,,Shelf,Shelf
2019,9/3/2023 13:35:50,000000001045,RECOUNT - Shelf,4,2023-09-03 13:35:50,COUNT,,Shelf,Shelf
2020,9/3/2023 13:35:55,000000001014,RECOUNT - Shelf,1,2023-09-03 13:35:55,COUNT,,Shelf,Shelf
2021,9/3/2023 13:40:40,000000000772,Cage -> Shelf,1,2023-09-03 13:40:40,TRANSFER,Cage,Shelf,Shelf
2022,9/3/2023 13:40:51,000000000772,RECOUNT - Shelf,1,2023-09-03 13:40:51,COUNT,,Shelf,Shelf
2023,9/3/2023 13:42:41,000000000369,RECOUNT - Shelf,16,2023-09-03 13:42:41,COUNT,,Shelf,Shelf
2024,9/3/2023 13:47:32,000000001083,RECOUNT - Shelf,10,2023-09-03 13:47:32,COUNT,,Shelf,Shelf
2025,9/3/2023 13:47:43,000000001083,RECOUNT - Cage,10,2023-09-03 13:47:43,COUNT,,Cage,Cage
2026,9/3/2023 13:50:3,000000000338,Cage -> Shelf,8,2023-09-03 13:50:03,TRANSFER,Cage,Shelf,Shelf
2027,9/3/2023 13:50:14,000000000338,RECOUNT - Shelf,10,2023-09-03 13:50:14,COUNT,,Shelf,Shelf
2028,9/3/2023 13:52:0,000000000376,RECOUNT - Shelf,5,2023-09-03 13:52:00,COUNT,,Shelf,Shelf
2029,9/3/2023 13:54:5,000000000581,Cage -> Shelf,120,2023-09-03 13:54:05,TRANSFER,Cage,Shelf,Shelf
2030,9/3/2023 14:31:9,000000000468,RECOUNT - Shelf,4,2023-09-03 14:31:09,COUNT,,Shelf,Shelf
2031,9/3/2023 14:31:18,000000000475,RECOUNT - Shelf,1,2023-09-03 14:31:18,COUNT,,Shelf,Shelf
2032,9/3/2023 14:31:24,000000000482,RECOUNT - Shelf,3,2023-09-03 14:31:24,COUNT,,Shelf,Shelf
2033,9/3/2023 14:31:32,000000000499,RECOUNT - Shelf,2,2023-09-03 14:31:32,COUNT,,Shelf,Shelf
2034,9/3/2023 14:31:45,000000000505,RECOUNT - Shelf,1,2023-09-03 14:31:45,COUNT,,Shelf,Shelf
2035,9/3/2023 14:31:54,000000000512,RECOUNT - Shelf,3,2023-09-03 14:31:54,COUNT,,Shelf,Shelf
2036,9/3/2023 14:32:2,000000000529,RECOUNT - Shelf,3,2023-09-03 14:32:02,COUNT,,Shelf,Shelf
2037,9/3/2023 14:32:27,000000000147,RECOUNT - Shelf,2,2023-09-03 14:32:27,COUNT,,Shelf,Shelf
2038,9/3/2023 14:32:41,000000000154,RECOUNT - Shelf,2,2023-09-03 14:32:41,COUNT,,Shelf,Shelf
2039,9/3/2023 14:32:52,000000000161,RECOUNT - Shelf,1,2023-09-03 14:32:52,COUNT,,Shelf,Shelf
2040,9/3/2023 14:33:4,000000000178,RECOUNT - Shelf,2,2023-09-03 14:33:04,COUNT,,Shelf,Shelf
2041,9/3/2023 14:33:14,000000000185,RECOUNT - Shelf,2,2023-09-03 14:33:14,COUNT,,Shelf,Shelf
2042,9/3/2023 14:33:21,000000000192,RECOUNT - Shelf,3,2023-09-03 14:33:21,COUNT,,Shelf,Shelf
2043,9/3/2023 14:33:30,000000000208,RECOUNT - Shelf,1,2023-09-03 14:33:30,COUNT,,Shelf,Shelf
2044,9/3/2023 14:33:36,000000000215,RECOUNT - Shelf,2,2023-09-03 14:33:36,COUNT,,Shelf,Shelf
2045,9/3/2023 14:35:41,000000000260,Cage -> Shelf,2,2023-09-03 14:35:41,TRANSFER,Cage,Shelf,Shelf
2046,9/3/2023 14:36:29,000000000239,RECOUNT - Shelf,1,2023-09-03 14:36:29,COUNT,,Shelf,Shelf
2047,9/3/2023 14:36:35,000000000246,RECOUNT - Shelf,1,2023-09-03 14:36:35,COUNT,,Shelf,Shelf
2048,9/3/2023 14:36:44,000000000253,RECOUNT - Shelf,4,2023-09-03 14:36:44,COUNT,,Shelf,Shelf
2049,9/3/2023 14:36:54,000000000277,RECOUNT - Shelf,3,2023-09-03 14:36:54,COUNT,,Shelf,Shelf
2050,9/3/2023 14:37:2,000000000284,RECOUNT - Shelf,2,2023-09-03 14:37:02,COUNT,,Shelf,Shelf
2051,9/3/2023 14:37:8,000000000291,RECOUNT - Shelf,1,2023-09-03 14:37:08,COUNT,,Shelf,Shelf
2052,9/3/2023 14:37:14,000000000307,RECOUNT - Shelf,2,2023-09-03 14:37:14,COUNT,,Shelf,Shelf
2053,9/3/2023 14:37:20,000000000314,RECOUNT - Shelf,4,2023-09-03 14:37:20,COUNT,,Shelf,Shelf
2054,9/4/2023 1:42:12,000000000550,Shelf -> Other,1,2023-09-04 01:42:12,TAKEOUT,Shelf,,Shelf
2055,9/4/2023 10:1:7,000000000741,Shelf -> Other,1,2023-09-04 10:01:07,TAKEOUT,Shelf,,Shelf
2056,9/4/2023 10:5:21,000000000338,Shelf -> Other,1,2023-09-04 10:05:21,TAKEOUT,Shelf,,Shelf
2057,9/4/2023 10:5:28,000000000369,Shelf -> Other,1,2023-09-04 10:05:28,TAKEOUT,Shelf,,Shelf
2058,9/4/2023 10:9:12,000000000024,Shelf -> Other,4,2023-09-04 10:09:12,TAKEOUT,Shelf,,Shelf
2059,9/4/2023 10:9:46,000000000017,Shelf -> Other,1,2023-09-04 10:09:46,TAKEOUT,Shelf,,Shelf
2060,9/4/2023 10:9:51,000000000017,Shelf -> Other,1,2023-09-04 10:09:51,TAKEOUT,Shelf,,Shelf
2061,9/4/2023 20:40:39,000000000567,Shelf -> Other,1,2023-09-04 20:40:39,TAKEOUT,Shelf,,Shelf
2062,9/4/2023 20:41:13,000000000543,Shelf -> Other,1,2023-09-04 20:41:13,TAKEOUT,Shelf,,Shelf
2063,9/5/2023 18:41:45,000000000024,Shelf -> Other,2,2023-09-05 18:41:45,TAKEOUT,Shelf,,Shelf
2064,9/5/2023 18:42:1,000000000062,Shelf -> Other,1,2023-09-05 18:42:01,TAKEOUT,Shelf,,Shelf
2065,9/7/2023 12:54:36,000000000840,Shelf -> Other,2,2023-09-07 12:54:36,TAKEOUT,Shelf,,Shelf
2066,9/7/2023 12:54:56,000000000017,Shelf -> Other,1,2023-09-07 12:54:56,TAKEOUT,Shelf,,Shelf
2067,9/7/2023 13:0:25,000000000017,Shelf -> Other,1,2023-09-07 13:00:25,TAKEOUT,Shelf,,Shelf
2068,9/7/2023 13:1:39,000000000741,Shelf -> Other,1,2023-09-07 13:01:39,TAKEOUT,Shelf,,Shelf
2069,9/8/2023 10:52:28,000000000260,Shelf -> Other,1,2023-09-08 10:52:28,TAKEOUT,Shelf,,Shelf
2070,9/8/2023 11:44:59,000000000338,Shelf -> Other,3,2023-09-08 11:44:59,TAKEOUT,Shelf,,Shelf
2071,9/8/2023 11:45:10,000000000741,Shelf -> Other,1,2023-09-08 11:45:10,TAKEOUT,Shelf,,Shelf
2072,9/8/2023 11:46:2,000000000369,Shelf -> Other,1,2023-09-08 11:46:02,TAKEOUT,Shelf,,Shelf
2073,9/8/2023 11:46:14,000000000345,Shelf -> Other,1,2023-09-08 11:46:14,TAKEOUT,Shelf,,Shelf
2074,9/8/2023 11:46:24,000000000376,Shelf -> Other,2,2023-09-08 11:46:24,TAKEOUT,Shelf,,Shelf
2075,9/8/2023 11:53:2,000000000369,Shelf -> Other,2,2023-09-08 11:53:02,TAKEOUT,Shelf,,Shelf
2076,9/8/2023 17:13:38,000000000024,Shelf -> Other,4,2023-09-08 17:13:38,TAKEOUT,Shelf,,Shelf
2077,9/8/2023 17:13:46,000000000000,Shelf -> Other,1,2023-09-08 17:13:46,TAKEOUT,Shelf,,Shelf
2078,9/9/2023 16:59:52,000000000567,Delivery -> Cage,20,2023-09-09 16:59:52,RESTOCK,,Cage,Cage
2079,9/9/2023 17:0:1,000000000550,Delivery -> Cage,20,2023-09-09 17:00:01,RESTOCK,,Cage,Cage
2080,9/9/2023 17:0:24,000000000543,Delivery -> Cage,11,2023-09-09 17:00:24,RESTOCK,,Cage,Cage
2081,9/9/2023 17:4:43,000000000338,Delivery -> Cage,50,2023-09-09 17:04:43,RESTOCK,,Cage,Cage
2082,9/9/2023 17:6:57,000000000338,Cage -> Shelf,5,2023-09-09 17:06:57,TRANSFER,Cage,Shelf,Shelf
2083,9/9/2023 17:8:12,000000001120,Delivery -> Cage,48,2023-09-09 17:08:12,RESTOCK,,Cage,Cage
2084,9/9/2023 17:13:50,000000001120,Cage -> Shelf,10,2023-09-09 17:13:50,TRANSFER,Cage,Shelf,Shelf
2085,9/9/2023 17:20:6,000000000741,Delivery -> Cage,10,2023-09-09 17:20:06,RESTOCK,,Cage,Cage
2086,9/9/2023 17:20:16,000000000451,Delivery -> Cage,10,2023-09-09 17:20:16,RESTOCK,,Cage,Cage
2087,9/9/2023 17:20:29,000000000963,Delivery -> Cage,6,2023-09-09 17:20:29,RESTOCK,,Cage,Cage
2088,9/9/2023 17:20:43,000000000840,Delivery -> Cage,36,2023-09-09 17:20:43,RESTOCK,,Cage,Cage
2089,9/10/2023 6:25:28,000000001090,Shelf -> Other,2,2023-09-10 06:25:28,TAKEOUT,Shelf,,Shelf
2090,9/10/2023 13:25:56,000000000741,Shelf -> Other,1,2023-09-10 13:25:56,TAKEOUT,Shelf,,Shelf
2091,9/10/2023 13:26:8,000000000567,Shelf -> Other,2,2023-09-10 13:26:08,TAKEOUT,Shelf,,Shelf
2092,9/10/2023 23:2:18,000000000055,Shelf -> Other,1,2023-09-10 23:02:18,TAKEOUT,Shelf,,Shelf
2093,9/10/2023 23:2:35,000000000062,Shelf -> Other,3,2023-09-10 23:02:35,TAKEOUT,Shelf,,Shelf
2094,9/10/2023 23:2:58,000000001113,Shelf -> Other,2,2023-09-10 23:02:58,TAKEOUT,Shelf,,Shelf
2095,9/10/2023 23:3:10,000000001137,Shelf -> Other,1,2023-09-10 23:03:10,TAKEOUT,Shelf,,Shelf
2096,9/10/2023 23:3:15,000000001120,Shelf -> Other,1,2023-09-10 23:03:15,TAKEOUT,Shelf,,Shelf
2097,9/10/2023 23:4:7,000000000086,Shelf -> Other,1,2023-09-10 23:04:07,TAKEOUT,Shelf,,Shelf
2098,9/10/2023 23:4:11,000000000000,Shelf -> Other,1,2023-09-10 23:04:11,TAKEOUT,Shelf,,Shelf
2099,9/10/2023 23:4:16,000000000963,Shelf -> Other,1,2023-09-10 23:04:16,TAKEOUT,Shelf,,Shelf
2100,9/10/2023 23:4:42,000000001069,Shelf -> Other,1,2023-09-10 23:04:42,TAKEOUT,Shelf,,Shelf
2101,9/10/2023 23:4:44,000000000840,Shelf -> Other,1,2023-09-10 23:04:44,TAKEOUT,Shelf,,Shelf
2102,9/10/2023 23:5:10,000000000789,Shelf -> Other,1,2023-09-10 23:05:10,TAKEOUT,Shelf,,Shelf
2103,9/10/2023 23:5:13,000000000017,Shelf -> Other,2,2023-09-10 23:05:13,TAKEOUT,Shelf,,Shelf
2104,9/10/2023 23:5:47,000000000024,Shelf -> Other,1,2023-09-10 23:05:47,TAKEOUT,Shelf,,Shelf
2105,9/10/2023 23:5:59,000000000093,Shelf -> Other,1,2023-09-10 23:05:59,TAKEOUT,Shelf,,Shelf
2106,9/10/2023 23:8:31,000000001045,Shelf -> Other,1,2023-09-10 23:08:31,TAKEOUT,Shelf,,Shelf
2107,9/10/2023 23:11:50,000000000079,Shelf -> Other,1,2023-09-10 23:11:50,TAKEOUT,Shelf,,Shelf
2108,9/11/2023 13:47:53,000000000840,Shelf -> Other,2,2023-09-11 13:47:53,TAKEOUT,Shelf,,Shelf
2109,9/11/2023 20:38:48,000000000840,Shelf -> Other,1,2023-09-11 20:38:48,TAKEOUT,Shelf,,Shelf
2110,9/12/2023 17:20:18,000000000581,Shelf -> Other,12,2023-09-12 17:20:18,TAKEOUT,Shelf,,Shelf
2111,9/12/2023 17:20:24,000000000338,Shelf -> Other,1,2023-09-12 17:20:24,TAKEOUT,Shelf,,Shelf
2112,9/13/2023 15:49:44,000000001090,Shelf -> Other,1,2023-09-13 15:49:44,TAKEOUT,Shelf,,Shelf
2113,9/13/2023 15:59:35,000000000338,Shelf -> Other,2,2023-09-13 15:59:35,TAKEOUT,Shelf,,Shelf
2114,9/13/2023 15:59:49,000000000567,Shelf -> Other,1,2023-09-13 15:59:49,TAKEOUT,Shelf,,Shelf
2115,9/14/2023 15:26:25,000000001120,Shelf -> Other,4,2023-09-14 15:26:25,TAKEOUT,Shelf,,Shelf
2116,9/14/2023 23:19:27,000000000567,Shelf -> Other,1,2023-09-14 23:19:27,TAKEOUT,Shelf,,Shelf
2117,9/15/2023 19:54:3,000000000567,Shelf -> Other,5,2023-09-15 19:54:03,TAKEOUT,Shelf,,Shelf
2118,9/15/2023 23:27:54,000000000369,Shelf -> Other,1,2023-09-15 23:27:54,TAKEOUT,Shelf,,Shelf
2119,9/16/2023 2:54:2,000000001120,Shelf -> Other,1,2023-09-16 02:54:02,TAKEOUT,Shelf,,Shelf
2120,9/16/2023 19:1:34,000000001090,Shelf -> Other,1,2023-09-16 19:01:34,TAKEOUT,Shelf,,Shelf
2121,9/18/2023 16:53:9,000000001120,Shelf -> Other,1,2023-09-18 16:53:09,TAKEOUT,Shelf,,Shelf
2122,9/19/2023 15:8:47,000000001090,Cage -> Shelf,3,2023-09-19 15:08:47,TRANSFER,Cage,Shelf,Shelf
2123,9/19/2023 15:12:2,000000000000,Cage -> Shelf,3,2023-09-19 15:12:02,TRANSFER,Cage,Shelf,Shelf
2124,9/19/2023 15:12:43,000000000741,Cage -> Shelf,3,2023-09-19 15:12:43,TRANSFER,Cage,Shelf,Shelf
2125,9/19/2023 15:14:20,000000001120,Cage -> Shelf,3,2023-09-19 15:14:20,TRANSFER,Cage,Shelf,Shelf
2126,9/20/2023 18:26:8,000000000550,Shelf -> Other,2,2023-09-20 18:26:08,TAKEOUT,Shelf,,Shelf
2127,9/21/2023 14:48:35,000000000574,Shelf -> Other,1,2023-09-21 14:48:35,TAKEOUT,Shelf,,Shelf
2128,9/21/2023 14:53:19,000000000369,Shelf -> Other,2,2023-09-21 14:53:19,TAKEOUT,Shelf,,Shelf
2129,9/21/2023 16:58:13,000000000369,Shelf -> Other,1,2023-09-21 16:58:13,TAKEOUT,Shelf,,Shelf
2130,9/22/2023 0:6:57,000000000017,Shelf -> Other,1,2023-09-22 00:06:57,TAKEOUT,Shelf,,Shelf
2131,9/22/2023 9:10:52,000000000741,Shelf -> Other,1,2023-09-22 09:10:52,TAKEOUT,Shelf,,Shelf
2132,9/22/2023 10:52:37,000000000024,Shelf -> Other,7,2023-09-22 10:52:37,TAKEOUT,Shelf,,Shelf
2133,9/22/2023 10:52:57,000000000062,Shelf -> Other,2,2023-09-22 10:52:57,TAKEOUT,Shelf,,Shelf
2134,9/22/2023 10:53:10,000000001120,Shelf -> Other,1,2023-09-22 10:53:10,TAKEOUT,Shelf,,Shelf
2135,9/22/2023 10:53:20,000000000840,Shelf -> Other,2,2023-09-22 10:53:20,TAKEOUT,Shelf,,Shelf
2136,9/24/2023 12:13:21,000000000338,Shelf -> Other,1,2023-09-24 12:13:21,TAKEOUT,Shelf,,Shelf
2137,9/24/2023 22:17:30,000000000024,Shelf -> Other,1,2023-09-24 22:17:30,TAKEOUT,Shelf,,Shelf
2138,9/24/2023 22:17:53,000000000000,Shelf -> Other,1,2023-09-24 22:17:53,TAKEOUT,Shelf,,Shelf
2139,9/24/2023 22:18:26,000000000017,Shelf -> Other,2,2023-09-24 22:18:26,TAKEOUT,Shelf,,Shelf
2140,9/24/2023 22:18:39,000000000062,Shelf -> Other,2,2023-09-24 22:18:39,TAKEOUT,Shelf,,Shelf
2141,9/25/2023 11:29:18,000000000338,Shelf -> Other,1,2023-09-25 11:29:18,TAKEOUT,Shelf,,Shelf
2142,9/25/2023 11:29:45,000000000451,Shelf -> Other,1,2023-09-25 11:29:45,TAKEOUT,Shelf,,Shelf
2143,9/25/2023 11:30:13,000000000536,Shelf -> Other,1,2023-09-25 11:30:13,TAKEOUT,Shelf,,Shelf
2144,9/25/2023 11:30:50,000000000567,Shelf -> Other,1,2023-09-25 11:30:50,TAKEOUT,Shelf,,Shelf
2145,9/25/2023 11:31:39,000000000017,Shelf -> Other,1,2023-09-25 11:31:39,TAKEOUT,Shelf,,Shelf
2146,9/25/2023 11:32:12,000000000062,Shelf -> Other,1,2023-09-25 11:32:12,TAKEOUT,Shelf,,Shelf
2147,9/25/2023 19:9:56,000000000550,Shelf -> Other,1,2023-09-25 19:09:56,TAKEOUT,Shelf,,Shelf
2148,9/26/2023 8:52:42,000000000062,Shelf -> Other,5,2023-09-26 08:52:42,TAKEOUT,Shelf,,Shelf
2149,9/27/2023 8:40:59,000000000024,Shelf -> Other,1,2023-09-27 08:40:59,TAKEOUT,Shelf,,Shelf
2150,9/27/2023 13:24:48,000000000024,Shelf -> Other,6,2023-09-27 13:24:48,TAKEOUT,Shelf,,Shelf
2151,9/27/2023 13:25:5,000000000017,Shelf -> Other,4,2023-09-27 13:25:05,TAKEOUT,Shelf,,Shelf
2152,9/27/2023 13:25:30,000000000055,Shelf -> Other,4,2023-09-27 13:25:30,TAKEOUT,Shelf,,Shelf
2153,9/27/2023 13:26:9,000000000093,Shelf -> Other,1,2023-09-27 13:26:09,TAKEOUT,Shelf,,Shelf
2154,9/27/2023 15:24:26,000000000567,Shelf -> Other,1,2023-09-27 15:24:26,TAKEOUT,Shelf,,Shelf
2155,9/27/2023 15:24:34,000000000550,Shelf -> Other,1,2023-09-27 15:24:34,TAKEOUT,Shelf,,Shelf
2156,9/27/2023 17:5:18,000000001120,Shelf -> Other,4,2023-09-27 17:05:18,TAKEOUT,Shelf,,Shelf
2157,9/27/2023 17:44:36,000000000581,Shelf -> Other,1,2023-09-27 17:44:36,TAKEOUT,Shelf,,Shelf
2158,9/27/2023 21:13:21,000000000550,Cage -> Shelf,4,2023-09-27 21:13:21,TRANSFER,Cage,Shelf,Shelf
2159,9/27/2023 21:13:39,000000001120,Cage -> Shelf,11,2023-09-27 21:13:39,TRANSFER,Cage,Shelf,Shelf
2160,9/27/2023 21:15:10,000000000598,Cage -> Other,20,2023-09-27 21:15:10,TAKEOUT,Cage,,Cage
2161,9/27/2023 23:6:29,000000000369,Cage -> Other,1,2023-09-27 23:06:29,TAKEOUT,Cage,,Cage
2162,9/30/2023 13:12:58,000000000734,Cage -> Other,1,2023-09-30 13:12:58,TAKEOUT,Cage,,Cage
2163,9/30/2023 17:39:57,000000000017,Shelf -> Other,1,2023-09-30 17:39:57,TAKEOUT,Shelf,,Shelf
2164,9/30/2023 17:40:8,000000000840,Shelf -> Other,1,2023-09-30 17:40:08,TAKEOUT,Shelf,,Shelf
2165,9/30/2023 17:40:14,000000000000,Shelf -> Other,1,2023-09-30 17:40:14,TAKEOUT,Shelf,,Shelf
2166,9/30/2023 17:41:19,000000001120,Shelf -> Other,1,2023-09-30 17:41:19,TAKEOUT,Shelf,,Shelf
2167,10/1/2023 7:0:45,000000000024,Shelf -> Other,3,2023-10-01 07:00:45,TAKEOUT,Shelf,,Shelf
2168,10/2/2023 11:20:16,000000000741,Shelf -> Other,1,2023-10-02 11:20:16,TAKEOUT,Shelf,,Shelf
2169,10/2/2023 11:57:33,000000000338,Shelf -> Other,2,2023-10-02 11:57:33,TAKEOUT,Shelf,,Shelf
2170,10/2/2023 11:57:43,000000001120,Shelf -> Other,2,2023-10-02 11:57:43,TAKEOUT,Shelf,,Shelf
2171,10/2/2023 18:1:20,000000000741,Shelf -> Other,1,2023-10-02 18:01:20,TAKEOUT,Shelf,,Shelf
2172,10/3/2023 21:39:32,000000000598,Delivery -> Cage,80,2023-10-03 21:39:32,RESTOCK,,Cage,Cage
2173,10/3/2023 21:46:20,000000000970,Delivery -> Cage,10,2023-10-03 21:46:20,RESTOCK,,Cage,Cage
2174,10/3/2023 21:46:40,000000000581,Delivery -> Cage,300,2023-10-03 21:46:40,RESTOCK,,Cage,Cage
2175,10/3/2023 22:21:40,000000000338,Shelf -> Other,1,2023-10-03 22:21:40,TAKEOUT,Shelf,,Shelf
2176,10/3/2023 23:42:4,000000001090,Shelf -> Other,1,2023-10-03 23:42:04,TAKEOUT,Shelf,,Shelf
2177,10/3/2023 23:42:39,000000001090,Shelf -> Other,1,2023-10-03 23:42:39,TAKEOUT,Shelf,,Shelf
2178,10/4/2023 21:7:28,000000000918,Cage -> Other,1,2023-10-04 21:07:28,TAKEOUT,Cage,,Cage
2179,10/5/2023 9:2:1,011007649061,Shelf -> Other,1,2023-10-05 09:02:01,TAKEOUT,Shelf,,Shelf
2180,10/6/2023 15:7:12,000000000024,Shelf -> Other,1,2023-10-06 15:07:12,TAKEOUT,Shelf,,Shelf
2181,10/6/2023 15:16:35,000000000383,Shelf -> Other,1,2023-10-06 15:16:35,TAKEOUT,Shelf,,Shelf
2182,10/6/2023 16:24:53,000000000062,Shelf -> Other,3,2023-10-06 16:24:53,TAKEOUT,Shelf,,Shelf
2183,10/6/2023 16:29:31,000000000338,Shelf -> Other,2,2023-10-06 16:29:31,TAKEOUT,Shelf,,Shelf
2184,10/6/2023 16:32:49,000000001090,Shelf -> Other,1,2023-10-06 16:32:49,TAKEOUT,Shelf,,Shelf
2185,10/7/2023 0:22:18,000000000345,Shelf -> Other,1,2023-10-07 00:22:18,TAKEOUT,Shelf,,Shelf
2186,10/7/2023 0:25:28,000000000581,Shelf -> Other,20,2023-10-07 00:25:28,TAKEOUT,Shelf,,Shelf
2187,10/7/2023 1:52:15,000000000567,Shelf -> Other,2,2023-10-07 01:52:15,TAKEOUT,Shelf,,Shelf
2188,10/7/2023 10:58:56,000000000567,Cage -> Shelf,5,2023-10-07 10:58:56,TRANSFER,Cage,Shelf,Shelf
2189,10/7/2023 11:1:4,000000000383,Cage -> Shelf,1,2023-10-07 11:01:04,TRANSFER,Cage,Shelf,Shelf
2190,10/7/2023 11:3:31,000000000338,Cage -> Shelf,7,2023-10-07 11:03:31,TRANSFER,Cage,Shelf,Shelf
2191,10/7/2023 11:3:54,000000000741,Cage -> Shelf,2,2023-10-07 11:03:54,TRANSFER,Cage,Shelf,Shelf
2192,10/9/2023 12:33:15,000000000581,Shelf -> Other,1,2023-10-09 12:33:15,TAKEOUT,Shelf,,Shelf
2193,10/9/2023 19:13:1,000000000369,Shelf -> Other,2,2023-10-09 19:13:01,TAKEOUT,Shelf,,Shelf
2194,10/9/2023 19:19:59,000000000918,Delivery -> Cage,4,2023-10-09 19:19:59,RESTOCK,,Cage,Cage
2195,10/9/2023 19:22:26,000000000949,Delivery -> Cage,8,2023-10-09 19:22:26,RESTOCK,,Cage,Cage
2196,10/9/2023 19:22:37,000000000932,Delivery -> Cage,8,2023-10-09 19:22:37,RESTOCK,,Cage,Cage
2197,10/9/2023 19:40:29,000000000932,Shelf -> Other,4,2023-10-09 19:40:29,TAKEOUT,Shelf,,Shelf
2198,10/9/2023 19:40:38,000000000949,Shelf -> Other,4,2023-10-09 19:40:38,TAKEOUT,Shelf,,Shelf
2199,10/9/2023 22:9:2,000000000338,Shelf -> Other,0,2023-10-09 22:09:02,TAKEOUT,Shelf,,Shelf
2200,10/9/2023 22:9:13,000000000369,Shelf -> Other,1,2023-10-09 22:09:13,TAKEOUT,Shelf,,Shelf
2201,10/10/2023 18:57:33,000000000369,Shelf -> Other,1,2023-10-10 18:57:33,TAKEOUT,Shelf,,Shelf
2202,10/12/2023 20:39:19,000000000338,Shelf -> Other,1,2023-10-12 20:39:19,TAKEOUT,Shelf,,Shelf
2203,10/13/2023 12:57:53,000000000567,Shelf -> Other,1,2023-10-13 12:57:53,TAKEOUT,Shelf,,Shelf
2204,10/14/2023 13:7:21,000000000741,Shelf -> Other,1,2023-10-14 13:07:21,TAKEOUT,Shelf,,Shelf
2205,10/14/2023 13:7:54,000000000758,Shelf -> Other,1,2023-10-14 13:07:54,TAKEOUT,Shelf,,Shelf
2206,10/14/2023 13:8:39,000000001120,Shelf -> Other,1,2023-10-14 13:08:39,TAKEOUT,Shelf,,Shelf
2207,10/14/2023 21:40:31,000000000840,Shelf -> Other,1,2023-10-14 21:40:31,TAKEOUT,Shelf,,Shelf
2208,10/15/2023 17:52:26,000000000840,Cage -> Shelf,12,2023-10-15 17:52:26,TRANSFER,Cage,Shelf,Shelf
2209,10/15/2023 20:34:20,000000000857,Shelf -> Other,1,2023-10-15 20:34:20,TAKEOUT,Shelf,,Shelf
2210,10/16/2023 20:3:43,000000000338,Shelf -> Other,1,2023-10-16 20:03:43,TAKEOUT,Shelf,,Shelf
2211,10/16/2023 20:4:2,000000000345,Shelf -> Other,1,2023-10-16 20:04:02,TAKEOUT,Shelf,,Shelf
2212,10/16/2023 20:8:16,000000000567,Shelf -> Other,1,2023-10-16 20:08:16,TAKEOUT,Shelf,,Shelf
2213,10/16/2023 20:8:22,000000000550,Shelf -> Other,1,2023-10-16 20:08:22,TAKEOUT,Shelf,,Shelf
2214,10/16/2023 20:8:51,000000000543,Shelf -> Other,1,2023-10-16 20:08:51,TAKEOUT,Shelf,,Shelf
2215,10/18/2023 10:6:18,000000001090,Shelf -> Other,1,2023-10-18 10:06:18,TAKEOUT,Shelf,,Shelf
2216,10/18/2023 10:9:13,000000001090,Cage -> Shelf,4,2023-10-18 10:09:13,TRANSFER,Cage,Shelf,Shelf
2217,10/18/2023 10:14:3,000000000987,Cage -> Other,3,2023-10-18 10:14:03,TAKEOUT,Cage,,Cage
2218,10/19/2023 14:55:51,000000000741,Shelf -> Other,1,2023-10-19 14:55:51,TAKEOUT,Shelf,,Shelf
2219,10/19/2023 14:56:40,000000000451,Shelf -> Other,1,2023-10-19 14:56:40,TAKEOUT,Shelf,,Shelf
2220,10/20/2023 21:47:24,000000000581,Shelf -> Other,1,2023-10-20 21:47:24,TAKEOUT,Shelf,,Shelf
2221,10/21/2023 12:1:12,000000000840,Shelf -> Other,3,2023-10-21 12:01:12,TAKEOUT,Shelf,,Shelf
2222,10/21/2023 12:1:56,000000001120,Shelf -> Other,1,2023-10-21 12:01:56,TAKEOUT,Shelf,,Shelf
2223,10/21/2023 12:3:13,000000000000,Shelf -> Other,1,2023-10-21 12:03:13,TAKEOUT,Shelf,,Shelf
2224,10/21/2023 12:4:57,000000000338,Shelf -> Other,2,2023-10-21 12:04:57,TAKEOUT,Shelf,,Shelf
2225,10/21/2023 12:5:40,000000001090,Shelf -> Other,2,2023-10-21 12:05:40,TAKEOUT,Shelf,,Shelf
2226,10/21/2023 12:21:50,000000001090,Shelf -> Other,1,2023-10-21 12:21:50,TAKEOUT,Shelf,,Shelf
2227,10/21/2023 12:23:32,000000001144,Shelf -> Other,2,2023-10-21 12:23:32,TAKEOUT,Shelf,,Shelf
2228,10/21/2023 12:24:25,000000001120,Shelf -> Other,1,2023-10-21 12:24:25,TAKEOUT,Shelf,,Shelf
2229,10/21/2023 15:31:47,000000000918,Shelf -> Other,1,2023-10-21 15:31:47,TAKEOUT,Shelf,,Shelf
2230,10/21/2023 16:19:41,000000001120,Shelf -> Other,2,2023-10-21 16:19:41,TAKEOUT,Shelf,,Shelf
2231,10/22/2023 18:17:50,000000000338,Cage -> Shelf,5,2023-10-22 18:17:50,TRANSFER,Cage,Shelf,Shelf
2232,10/22/2023 18:18:17,000000000000,Cage -> Shelf,3,2023-10-22 18:18:17,TRANSFER,Cage,Shelf,Shelf
2233,10/23/2023 8:1:12,000000000338,Shelf -> Other,1,2023-10-23 08:01:12,TAKEOUT,Shelf,,Shelf
2234,10/23/2023 13:45:4,000000000567,Shelf -> Other,1,2023-10-23 13:45:04,TAKEOUT,Shelf,,Shelf
2235,10/23/2023 13:45:18,000000000024,Shelf -> Other,1,2023-10-23 13:45:18,TAKEOUT,Shelf,,Shelf
2236,10/23/2023 15:32:2,000000000574,Cage -> Shelf,2,2023-10-23 15:32:02,TRANSFER,Cage,Shelf,Shelf
2237,10/23/2023 15:32:9,000000000550,Cage -> Shelf,1,2023-10-23 15:32:09,TRANSFER,Cage,Shelf,Shelf
2238,10/23/2023 15:32:31,000000000451,Cage -> Shelf,4,2023-10-23 15:32:31,TRANSFER,Cage,Shelf,Shelf
2239,10/23/2023 15:35:10,000000001090,Cage -> Shelf,3,2023-10-23 15:35:10,TRANSFER,Cage,Shelf,Shelf
2240,10/23/2023 15:35:37,000000000567,Cage -> Shelf,3,2023-10-23 15:35:37,TRANSFER,Cage,Shelf,Shelf
2241,10/23/2023 17:20:58,000000000338,Shelf -> Other,1,2023-10-23 17:20:58,TAKEOUT,Shelf,,Shelf
2242,10/23/2023 17:26:14,000000000369,Shelf -> Other,1,2023-10-23 17:26:14,TAKEOUT,Shelf,,Shelf
2243,10/23/2023 19:52:32,000000000581,Shelf -> Other,1,2023-10-23 19:52:32,TAKEOUT,Shelf,,Shelf
2244,10/24/2023 4:20:50,000000000017,Shelf -> Other,1,2023-10-24 04:20:50,TAKEOUT,Shelf,,Shelf
2245,10/24/2023 4:59:31,000000001090,Shelf -> Other,1,2023-10-24 04:59:31,TAKEOUT,Shelf,,Shelf
2246,10/26/2023 15:54:10,000000000338,Shelf -> Other,1,2023-10-26 15:54:10,TAKEOUT,Shelf,,Shelf
2247,10/28/2023 6:12:21,000000000338,Shelf -> Other,5,2023-10-28 06:12:21,TAKEOUT,Shelf,,Shelf
2248,10/28/2023 9:11:21,000000000338,Cage -> Shelf,9,2023-10-28 09:11:21,TRANSFER,Cage,Shelf,Shelf
2249,10/28/2023 9:12:27,000000000369,Cage -> Shelf,14,2023-10-28 09:12:27,TRANSFER,Cage,Shelf,Shelf
2250,10/28/2023 13:0:5,000000000840,Shelf -> Other,2,2023-10-28 13:00:05,TAKEOUT,Shelf,,Shelf
2251,10/28/2023 22:51:1,000000000567,Shelf -> Other,1,2023-10-28 22:51:01,TAKEOUT,Shelf,,Shelf
2252,10/28/2023 22:51:4,000000000741,Shelf -> Other,1,2023-10-28 22:51:04,TAKEOUT,Shelf,,Shelf
2253,10/30/2023 20:15:15,000000001045,Shelf -> Other,1,2023-10-30 20:15:15,TAKEOUT,Shelf,,Shelf
2254,10/30/2023 20:15:39,000000000574,Shelf -> Other,1,2023-10-30 20:15:39,TAKEOUT,Shelf,,Shelf
2255,10/30/2023 20:16:17,000000000840,Shelf -> Other,1,2023-10-30 20:16:17,TAKEOUT,Shelf,,Shelf
2256,10/30/2023 20:17:36,000000000024,Shelf -> Other,8,2023-10-30 20:17:36,TAKEOUT,Shelf,,Shelf
2257,10/30/2023 22:21:15,000000000550,Shelf -> Other,1,2023-10-30 22:21:15,TAKEOUT,Shelf,,Shelf
2258,10/30/2023 22:21:22,000000000741,Shelf -> Other,1,2023-10-30 22:21:22,TAKEOUT,Shelf,,Shelf
2259,10/30/2023 22:24:44,000000000741,Shelf -> Other,1,2023-10-30 22:24:44,TAKEOUT,Shelf,,Shelf
2260,10/31/2023 2:32:0,000000000345,Shelf -> Other,2,2023-10-31 02:32:00,TAKEOUT,Shelf,,Shelf
2261,10/31/2023 11:6:32,000000001090,Shelf -> Other,1,2023-10-31 11:06:32,TAKEOUT,Shelf,,Shelf
2262,10/31/2023 18:23:25,000000000581,Cage -> Shelf,120,2023-10-31 18:23:25,TRANSFER,Cage,Shelf,Shelf
2263,10/31/2023 20:7:30,000000001137,Cage -> Shelf,1,2023-10-31 20:07:30,TRANSFER,Cage,Shelf,Shelf
2264,10/31/2023 20:7:35,000000001120,Cage -> Shelf,1,2023-10-31 20:07:35,TRANSFER,Cage,Shelf,Shelf
2265,10/31/2023 20:8:19,000000000369,Cage -> Shelf,1,2023-10-31 20:08:19,TRANSFER,Cage,Shelf,Shelf
2266,10/31/2023 22:51:15,000000001007,Cage -> Other,1,2023-10-31 22:51:15,TAKEOUT,Cage,,Cage
2267,10/31/2023 22:53:11,000000000208,Shelf -> Other,1,2023-10-31 22:53:11,TAKEOUT,Shelf,,Shelf
2268,10/31/2023 22:53:41,000000000185,Shelf -> Other,1,2023-10-31 22:53:41,TAKEOUT,Shelf,,Shelf
2269,10/31/2023 22:53:55,000000000970,Shelf -> Other,1,2023-10-31 22:53:55,TAKEOUT,Shelf,,Shelf
2270,10/31/2023 22:59:19,000000001120,Shelf -> Other,1,2023-10-31 22:59:19,TAKEOUT,Shelf,,Shelf
2271,10/31/2023 23:56:11,000000000383,Shelf -> Other,1,2023-10-31 23:56:11,TAKEOUT,Shelf,,Shelf
2272,11/3/2023 11:56:18,000000000208,Cage -> Shelf,2,2023-11-03 11:56:18,TRANSFER,Cage,Shelf,Shelf
2273,11/3/2023 17:3:24,000000000338,Shelf -> Other,1,2023-11-03 17:03:24,TAKEOUT,Shelf,,Shelf
2274,11/3/2023 17:3:38,000000000345,Shelf -> Other,1,2023-11-03 17:03:38,TAKEOUT,Shelf,,Shelf
2275,11/3/2023 17:4:21,000000000383,Shelf -> Other,1,2023-11-03 17:04:21,TAKEOUT,Shelf,,Shelf
2276,11/3/2023 17:36:22,000000001137,Shelf -> Other,1,2023-11-03 17:36:22,TAKEOUT,Shelf,,Shelf
2277,11/3/2023 17:36:28,000000001120,Shelf -> Other,1,2023-11-03 17:36:28,TAKEOUT,Shelf,,Shelf
2278,11/3/2023 17:44:53,000000001120,Cage -> Shelf,4,2023-11-03 17:44:53,TRANSFER,Cage,Shelf,Shelf
2279,11/3/2023 17:45:1,000000001137,Cage -> Shelf,5,2023-11-03 17:45:01,TRANSFER,Cage,Shelf,Shelf
2280,11/4/2023 23:47:41,000000001090,Shelf -> Other,1,2023-11-04 23:47:41,TAKEOUT,Shelf,,Shelf
2281,11/5/2023 7:43:32,000000000062,Shelf -> Other,1,2023-11-05 07:43:32,TAKEOUT,Shelf,,Shelf
2282,11/5/2023 7:43:37,000000000024,Shelf -> Other,3,2023-11-05 07:43:37,TAKEOUT,Shelf,,Shelf
2283,11/5/2023 7:44:46,000000000000,Shelf -> Other,1,2023-11-05 07:44:46,TAKEOUT,Shelf,,Shelf
2284,11/5/2023 10:49:8,000000000369,Shelf -> Other,1,2023-11-05 10:49:08,TAKEOUT,Shelf,,Shelf
2285,11/5/2023 16:21:34,000000000369,Shelf -> Other,1,2023-11-05 16:21:34,TAKEOUT,Shelf,,Shelf
2286,11/6/2023 15:49:10,000000000024,Shelf -> Other,4,2023-11-06 15:49:10,TAKEOUT,Shelf,,Shelf
2287,11/6/2023 15:57:58,000000000000,Shelf -> Other,1,2023-11-06 15:57:58,TAKEOUT,Shelf,,Shelf
2288,11/6/2023 20:28:50,000000000338,Shelf -> Other,1,2023-11-06 20:28:50,TAKEOUT,Shelf,,Shelf
2289,11/6/2023 20:28:55,000000000369,Shelf -> Other,1,2023-11-06 20:28:55,TAKEOUT,Shelf,,Shelf
2290,11/7/2023 5:31:45,000000000451,Shelf -> Other,1,2023-11-07 05:31:45,TAKEOUT,Shelf,,Shelf
2291,11/7/2023 5:32:12,000000000536,Shelf -> Other,1,2023-11-07 05:32:12,TAKEOUT,Shelf,,Shelf
2292,11/7/2023 5:44:58,000000000536,Cage -> Shelf,3,2023-11-07 05:44:58,TRANSFER,Cage,Shelf,Shelf
2293,11/7/2023 5:48:22,000000000550,Shelf -> Other,1,2023-11-07 05:48:22,TAKEOUT,Shelf,,Shelf
2294,11/7/2023 5:48:27,000000000567,Shelf -> Other,1,2023-11-07 05:48:27,TAKEOUT,Shelf,,Shelf
2295,11/7/2023 5:59:13,000000000970,Shelf -> Other,1,2023-11-07 05:59:13,TAKEOUT,Shelf,,Shelf
2296,11/7/2023 5:59:23,000000000338,Shelf -> Other,1,2023-11-07 05:59:23,TAKEOUT,Shelf,,Shelf
2297,11/7/2023 5:59:40,000000000383,Shelf -> Other,1,2023-11-07 05:59:40,TAKEOUT,Shelf,,Shelf
2298,11/7/2023 10:2:22,000000000840,Shelf -> Other,5,2023-11-07 10:02:22,TAKEOUT,Shelf,,Shelf
2299,11/7/2023 10:2:32,000000001120,Shelf -> Other,1,2023-11-07 10:02:32,TAKEOUT,Shelf,,Shelf
2300,11/7/2023 10:3:5,000000000789,Shelf -> Other,1,2023-11-07 10:03:05,TAKEOUT,Shelf,,Shelf
2301,11/8/2023 18:24:31,000000000567,Shelf -> Other,1,2023-11-08 18:24:31,TAKEOUT,Shelf,,Shelf
2302,11/11/2023 16:34:29,000000000192,Shelf -> Other,1,2023-11-11 16:34:29,TAKEOUT,Shelf,,Shelf
2303,11/11/2023 16:34:34,000000000208,Shelf -> Other,1,2023-11-11 16:34:34,TAKEOUT,Shelf,,Shelf
2304,11/11/2023 16:35:40,000000000451,Shelf -> Other,1,2023-11-11 16:35:40,TAKEOUT,Shelf,,Shelf
2305,11/11/2023 16:35:43,000000000536,Shelf -> Other,1,2023-11-11 16:35:43,TAKEOUT,Shelf,,Shelf
2306,11/11/2023 21:41:48,000000001120,Shelf -> Other,5,2023-11-11 21:41:48,TAKEOUT,Shelf,,Shelf
2307,11/12/2023 11:56:36,000000000055,Shelf -> Other,2,2023-11-12 11:56:36,TAKEOUT,Shelf,,Shelf
2308,11/12/2023 12:55:10,000000001120,Cage -> Shelf,5,2023-11-12 12:55:10,TRANSFER,Cage,Shelf,Shelf
2309,11/12/2023 12:59:52,000000000970,Cage -> Shelf,1,2023-11-12 12:59:52,TRANSFER,Cage,Shelf,Shelf
2310,11/13/2023 21:32:4,000000001120,Shelf -> Other,1,2023-11-13 21:32:04,TAKEOUT,Shelf,,Shelf
2311,11/13/2023 21:42:56,000000000369,Shelf -> Other,1,2023-11-13 21:42:56,TAKEOUT,Shelf,,Shelf
2312,11/14/2023 7:23:41,000000000369,Shelf -> Other,1,2023-11-14 07:23:41,TAKEOUT,Shelf,,Shelf
2313,11/14/2023 15:7:22,000000000550,Cage -> Shelf,5,2023-11-14 15:07:22,TRANSFER,Cage,Shelf,Shelf
2314,11/14/2023 15:9:0,000000000567,Cage -> Shelf,3,2023-11-14 15:09:00,TRANSFER,Cage,Shelf,Shelf
2315,11/14/2023 15:11:57,000000000789,Cage -> Shelf,1,2023-11-14 15:11:57,TRANSFER,Cage,Shelf,Shelf
2316,11/14/2023 15:12:4,000000000840,Cage -> Shelf,12,2023-11-14 15:12:04,TRANSFER,Cage,Shelf,Shelf
2317,11/14/2023 15:14:0,000000000383,Cage -> Shelf,3,2023-11-14 15:14:00,TRANSFER,Cage,Shelf,Shelf
2318,11/14/2023 15:19:54,000000000055,Cage -> Shelf,12,2023-11-14 15:19:54,TRANSFER,Cage,Shelf,Shelf
2319,11/14/2023 15:20:56,000000000017,Cage -> Shelf,20,2023-11-14 15:20:56,TRANSFER,Cage,Shelf,Shelf
2320,11/14/2023 15:41:4,000000000284,Cage -> Shelf,2,2023-11-14 15:41:04,TRANSFER,Cage,Shelf,Shelf
2321,11/14/2023 16:11:40,000000000338,Shelf -> Other,1,2023-11-14 16:11:40,TAKEOUT,Shelf,,Shelf
2322,11/14/2023 23:25:41,000000000055,Shelf -> Other,1,2023-11-14 23:25:41,TAKEOUT,Shelf,,Shelf
2323,11/14/2023 23:25:51,000000000017,Shelf -> Other,1,2023-11-14 23:25:51,TAKEOUT,Shelf,,Shelf
2324,11/14/2023 23:25:55,000000000024,Shelf -> Other,4,2023-11-14 23:25:55,TAKEOUT,Shelf,,Shelf
2325,11/15/2023 7:4:14,000000000338,Shelf -> Other,1,2023-11-15 07:04:14,TAKEOUT,Shelf,,Shelf
2326,11/15/2023 7:4:22,000000000369,Shelf -> Other,1,2023-11-15 07:04:22,TAKEOUT,Shelf,,Shelf
2327,11/15/2023 7:5:15,000000000383,Shelf -> Other,1,2023-11-15 07:05:15,TAKEOUT,Shelf,,Shelf
2328,11/15/2023 7:5:36,000000000567,Shelf -> Other,1,2023-11-15 07:05:36,TAKEOUT,Shelf,,Shelf
2329,11/15/2023 19:41:32,000000000963,Shelf -> Other,1,2023-11-15 19:41:32,TAKEOUT,Shelf,,Shelf
2330,11/16/2023 12:38:9,000000000840,Shelf -> Other,2,2023-11-16 12:38:09,TAKEOUT,Shelf,,Shelf
2331,11/16/2023 12:38:16,000000000789,Shelf -> Other,1,2023-11-16 12:38:16,TAKEOUT,Shelf,,Shelf
2332,11/16/2023 12:38:37,000000000741,Shelf -> Other,1,2023-11-16 12:38:37,TAKEOUT,Shelf,,Shelf
2333,11/16/2023 12:41:44,000000000789,Cage -> Shelf,1,2023-11-16 12:41:44,TRANSFER,Cage,Shelf,Shelf
2334,11/16/2023 15:4:14,000000000338,Cage -> Shelf,1,2023-11-16 15:04:14,TRANSFER,Cage,Shelf,Shelf
2335,11/16/2023 15:27:8,000000000567,Shelf -> Other,1,2023-11-16 15:27:08,TAKEOUT,Shelf,,Shelf
2336,11/16/2023 15:32:9,000000000581,Shelf -> Other,10,2023-11-16 15:32:09,TAKEOUT,Shelf,,Shelf
2337,11/17/2023 6:49:31,000000000697,Shelf -> Other,1,2023-11-17 06:49:31,TAKEOUT,Shelf,,Shelf
2338,11/17/2023 6:49:53,000000000192,Shelf -> Other,1,2023-11-17 06:49:53,TAKEOUT,Shelf,,Shelf
2339,11/17/2023 6:50:37,000000000000,Shelf -> Other,1,2023-11-17 06:50:37,TAKEOUT,Shelf,,Shelf
2340,11/17/2023 6:50:53,000000000383,Shelf -> Other,1,2023-11-17 06:50:53,TAKEOUT,Shelf,,Shelf
2341,11/17/2023 6:51:53,000000000536,Shelf -> Other,1,2023-11-17 06:51:53,TAKEOUT,Shelf,,Shelf
2342,11/17/2023 6:52:3,000000000451,Shelf -> Other,1,2023-11-17 06:52:03,TAKEOUT,Shelf,,Shelf
2343,11/17/2023 6:54:11,000000000956,Cage -> Other,1,2023-11-17 06:54:11,TAKEOUT,Cage,,Cage
2344,11/17/2023 6:54:58,000000000482,Shelf -> Other,1,2023-11-17 06:54:58,TAKEOUT,Shelf,,Shelf
2345,11/17/2023 10:37:40,000000000017,Shelf -> Other,1,2023-11-17 10:37:40,TAKEOUT,Shelf,,Shelf
2346,11/17/2023 10:38:1,000000000338,Shelf -> Other,1,2023-11-17 10:38:01,TAKEOUT,Shelf,,Shelf
2347,11/17/2023 16:23:57,000000000970,Shelf -> Other,1,2023-11-17 16:23:57,TAKEOUT,Shelf,,Shelf
2348,11/17/2023 16:26:5,000000000970,Cage -> Shelf,2,2023-11-17 16:26:05,TRANSFER,Cage,Shelf,Shelf
2349,11/17/2023 17:10:11,000000000000,Shelf -> Other,1,2023-11-17 17:10:11,TAKEOUT,Shelf,,Shelf
2350,11/17/2023 17:13:28,000000000024,Shelf -> Other,2,2023-11-17 17:13:28,TAKEOUT,Shelf,,Shelf
2351,11/18/2023 7:30:49,000000000369,Shelf -> Other,1,2023-11-18 07:30:49,TAKEOUT,Shelf,,Shelf
2352,11/18/2023 7:31:14,000000000369,Shelf -> Other,1,2023-11-18 07:31:14,TAKEOUT,Shelf,,Shelf
2353,11/18/2023 7:31:23,000000000338,Shelf -> Other,1,2023-11-18 07:31:23,TAKEOUT,Shelf,,Shelf
2354,11/18/2023 8:9:48,000000000840,Shelf -> Other,2,2023-11-18 08:09:48,TAKEOUT,Shelf,,Shelf
2355,11/18/2023 8:10:39,000000000024,Shelf -> Other,4,2023-11-18 08:10:39,TAKEOUT,Shelf,,Shelf
2356,11/18/2023 8:11:54,000000000093,Shelf -> Other,1,2023-11-18 08:11:54,TAKEOUT,Shelf,,Shelf
2357,11/18/2023 8:14:41,000000000055,Shelf -> Other,3,2023-11-18 08:14:41,TAKEOUT,Shelf,,Shelf
2358,11/18/2023 8:32:7,000000001090,Shelf -> Other,1,2023-11-18 08:32:07,TAKEOUT,Shelf,,Shelf
2359,11/19/2023 4:15:12,000000000345,Shelf -> Other,1,2023-11-19 04:15:12,TAKEOUT,Shelf,,Shelf
2360,11/19/2023 4:15:45,000000000338,Shelf -> Other,1,2023-11-19 04:15:45,TAKEOUT,Shelf,,Shelf
2361,11/19/2023 11:10:48,000000001090,Shelf -> Other,1,2023-11-19 11:10:48,TAKEOUT,Shelf,,Shelf
2362,11/19/2023 14:27:32,000000000000,Cage -> Shelf,4,2023-11-19 14:27:32,TRANSFER,Cage,Shelf,Shelf
2363,11/19/2023 14:28:40,000000001090,Cage -> Shelf,4,2023-11-19 14:28:40,TRANSFER,Cage,Shelf,Shelf
2364,11/19/2023 22:4:45,000000000369,Shelf -> Other,1,2023-11-19 22:04:45,TAKEOUT,Shelf,,Shelf
2365,11/20/2023 21:11:3,000000001090,Shelf -> Other,1,2023-11-20 21:11:03,TAKEOUT,Shelf,,Shelf
2366,11/21/2023 11:58:34,000000000574,Shelf -> Other,1,2023-11-21 11:58:34,TAKEOUT,Shelf,,Shelf
2367,11/21/2023 12:47:47,000000000338,Cage -> Shelf,10,2023-11-21 12:47:47,TRANSFER,Cage,Shelf,Shelf
2368,11/21/2023 18:30:51,000000000345,Shelf -> Other,1,2023-11-21 18:30:51,TAKEOUT,Shelf,,Shelf
2369,11/22/2023 6:49:11,000000001144,Shelf -> Other,1,2023-11-22 06:49:11,TAKEOUT,Shelf,,Shelf
2370,11/22/2023 6:49:42,000000001090,Shelf -> Other,1,2023-11-22 06:49:42,TAKEOUT,Shelf,,Shelf
2371,11/22/2023 22:17:44,000000000024,Shelf -> Other,3,2023-11-22 22:17:44,TAKEOUT,Shelf,,Shelf
2372,11/22/2023 22:18:21,000000000550,Shelf -> Other,1,2023-11-22 22:18:21,TAKEOUT,Shelf,,Shelf
2373,11/22/2023 22:19:34,000000000536,Shelf -> Other,1,2023-11-22 22:19:34,TAKEOUT,Shelf,,Shelf
2374,11/23/2023 1:25:0,000000000338,Shelf -> Other,1,2023-11-23 01:25:00,TAKEOUT,Shelf,,Shelf
2375,11/23/2023 1:25:9,000000000345,Shelf -> Other,1,2023-11-23 01:25:09,TAKEOUT,Shelf,,Shelf
2376,11/24/2023 0:22:7,000000000963,Shelf -> Other,1,2023-11-24 00:22:07,TAKEOUT,Shelf,,Shelf
2377,11/24/2023 0:30:54,000000000963,Cage -> Shelf,2,2023-11-24 00:30:54,TRANSFER,Cage,Shelf,Shelf
2378,11/24/2023 8:41:45,000000000369,Shelf -> Other,1,2023-11-24 08:41:45,TAKEOUT,Shelf,,Shelf
2379,11/24/2023 14:8:27,000000000536,Cage -> Shelf,3,2023-11-24 14:08:27,TRANSFER,Cage,Shelf,Shelf
2380,11/24/2023 14:10:27,000000001090,Cage -> Shelf,2,2023-11-24 14:10:27,TRANSFER,Cage,Shelf,Shelf
2381,11/24/2023 14:11:4,000000000574,Cage -> Shelf,10,2023-11-24 14:11:04,TRANSFER,Cage,Shelf,Shelf
2382,11/24/2023 14:11:11,000000000567,Cage -> Shelf,4,2023-11-24 14:11:11,TRANSFER,Cage,Shelf,Shelf
2383,11/25/2023 14:40:35,000000000338,Shelf -> Other,2,2023-11-25 14:40:35,TAKEOUT,Shelf,,Shelf
2384,11/25/2023 14:45:41,000000001120,Shelf -> Other,1,2023-11-25 14:45:41,TAKEOUT,Shelf,,Shelf
2385,11/25/2023 14:45:47,000000000581,Shelf -> Other,1,2023-11-25 14:45:47,TAKEOUT,Shelf,,Shelf
2386,11/25/2023 14:46:20,000000000574,Shelf -> Other,1,2023-11-25 14:46:20,TAKEOUT,Shelf,,Shelf
2387,11/25/2023 14:51:14,000000000000,Shelf -> Other,1,2023-11-25 14:51:14,TAKEOUT,Shelf,,Shelf
2388,11/25/2023 14:52:24,000000000345,Shelf -> Other,1,2023-11-25 14:52:24,TAKEOUT,Shelf,,Shelf
2389,11/25/2023 14:53:6,000000000376,Shelf -> Other,1,2023-11-25 14:53:06,TAKEOUT,Shelf,,Shelf
2390,11/27/2023 6:51:11,000000000338,Shelf -> Other,1,2023-11-27 06:51:11,TAKEOUT,Shelf,,Shelf
2391,11/27/2023 10:40:4,000000000024,Shelf -> Other,2,2023-11-27 10:40:04,TAKEOUT,Shelf,,Shelf
2392,11/27/2023 10:41:8,000000000017,Shelf -> Other,1,2023-11-27 10:41:08,TAKEOUT,Shelf,,Shelf
2393,11/27/2023 19:41:10,000000000246,Shelf -> Other,1,2023-11-27 19:41:10,TAKEOUT,Shelf,,Shelf
2394,11/27/2023 20:44:52,000000000383,Shelf -> Other,1,2023-11-27 20:44:52,TAKEOUT,Shelf,,Shelf
2395,11/27/2023 20:45:3,000000000376,Shelf -> Other,1,2023-11-27 20:45:03,TAKEOUT,Shelf,,Shelf
2396,11/27/2023 20:46:4,000000000970,Shelf -> Other,1,2023-11-27 20:46:04,TAKEOUT,Shelf,,Shelf
2397,11/27/2023 21:6:6,000000000451,Shelf -> Other,1,2023-11-27 21:06:06,TAKEOUT,Shelf,,Shelf
2398,11/27/2023 21:11:51,000000000765,Shelf -> Other,1,2023-11-27 21:11:51,TAKEOUT,Shelf,,Shelf
2399,11/27/2023 21:12:1,000000000772,Shelf -> Other,1,2023-11-27 21:12:01,TAKEOUT,Shelf,,Shelf
2400,11/27/2023 21:28:28,000000000536,Shelf -> Other,1,2023-11-27 21:28:28,TAKEOUT,Shelf,,Shelf
2401,11/29/2023 12:47:49,000000000567,Shelf -> Other,1,2023-11-29 12:47:49,TAKEOUT,Shelf,,Shelf
2402,11/29/2023 12:47:56,000000000574,Shelf -> Other,1,2023-11-29 12:47:56,TAKEOUT,Shelf,,Shelf
2403,11/30/2023 20:22:9,000000000741,Shelf -> Other,1,2023-11-30 20:22:09,TAKEOUT,Shelf,,Shelf
2404,11/30/2023 23:16:38,000000001120,Shelf -> Other,1,2023-11-30 23:16:38,TAKEOUT,Shelf,,Shelf
2405,12/1/2023 16:45:46,000000001014,Shelf -> Other,1,2023-12-01 16:45:46,TAKEOUT,Shelf,,Shelf
2406,12/1/2023 16:45:52,000000001045,Shelf -> Other,1,2023-12-01 16:45:52,TAKEOUT,Shelf,,Shelf
2407,12/1/2023 16:46:9,000000000963,Shelf -> Other,1,2023-12-01 16:46:09,TAKEOUT,Shelf,,Shelf
2408,12/1/2023 16:46:15,000000001069,Shelf -> Other,2,2023-12-01 16:46:15,TAKEOUT,Shelf,,Shelf
2409,12/1/2023 16:47:27,000000000000,Shelf -> Other,1,2023-12-01 16:47:27,TAKEOUT,Shelf,,Shelf
2410,12/1/2023 16:47:37,000000001113,Shelf -> Other,1,2023-12-01 16:47:37,TAKEOUT,Shelf,,Shelf
2411,12/1/2023 16:48:3,000000000581,Shelf -> Other,1,2023-12-01 16:48:03,TAKEOUT,Shelf,,Shelf
2412,12/1/2023 16:49:13,000000000062,Shelf -> Other,3,2023-12-01 16:49:13,TAKEOUT,Shelf,,Shelf
2413,12/1/2023 16:49:39,000000000116,Shelf -> Other,1,2023-12-01 16:49:39,TAKEOUT,Shelf,,Shelf
2414,12/1/2023 16:49:47,000000000017,Shelf -> Other,6,2023-12-01 16:49:47,TAKEOUT,Shelf,,Shelf
2415,12/1/2023 16:50:6,000000001137,Shelf -> Other,1,2023-12-01 16:50:06,TAKEOUT,Shelf,,Shelf
2416,12/1/2023 16:50:15,000000001120,Shelf -> Other,1,2023-12-01 16:50:15,TAKEOUT,Shelf,,Shelf
2417,12/1/2023 16:50:43,000000001083,Shelf -> Other,1,2023-12-01 16:50:43,TAKEOUT,Shelf,,Shelf
2418,12/1/2023 16:50:53,000000000567,Shelf -> Other,1,2023-12-01 16:50:53,TAKEOUT,Shelf,,Shelf
2419,12/1/2023 16:51:48,000000000086,Shelf -> Other,1,2023-12-01 16:51:48,TAKEOUT,Shelf,,Shelf
2420,12/1/2023 16:52:14,000000000789,Shelf -> Other,1,2023-12-01 16:52:14,TAKEOUT,Shelf,,Shelf
2421,12/1/2023 16:52:22,000000000840,Shelf -> Other,3,2023-12-01 16:52:22,TAKEOUT,Shelf,,Shelf
2422,12/1/2023 16:54:13,000000000628,Shelf -> Other,1,2023-12-01 16:54:13,TAKEOUT,Shelf,,Shelf
2423,12/1/2023 16:54:28,000000000604,Shelf -> Other,1,2023-12-01 16:54:28,TAKEOUT,Shelf,,Shelf
2424,12/1/2023 16:54:36,000000000642,Shelf -> Other,1,2023-12-01 16:54:36,TAKEOUT,Shelf,,Shelf
2425,12/1/2023 16:55:9,000000001021,Shelf -> Other,1,2023-12-01 16:55:09,TAKEOUT,Shelf,,Shelf
2426,12/2/2023 9:35:45,000000001113,Shelf -> Other,1,2023-12-02 09:35:45,TAKEOUT,Shelf,,Shelf
2427,12/2/2023 9:35:49,000000000024,Shelf -> Other,2,2023-12-02 09:35:49,TAKEOUT,Shelf,,Shelf
2428,12/2/2023 9:54:7,000000000376,Cage -> Shelf,5,2023-12-02 09:54:07,TRANSFER,Cage,Shelf,Shelf
2429,12/2/2023 9:54:20,000000000369,Cage -> Shelf,5,2023-12-02 09:54:20,TRANSFER,Cage,Shelf,Shelf
2430,12/2/2023 9:55:48,000000000345,Cage -> Shelf,5,2023-12-02 09:55:48,TRANSFER,Cage,Shelf,Shelf
2431,12/2/2023 9:57:10,000000000789,Cage -> Shelf,1,2023-12-02 09:57:10,TRANSFER,Cage,Shelf,Shelf
2432,12/2/2023 9:57:32,000000001120,Cage -> Shelf,3,2023-12-02 09:57:32,TRANSFER,Cage,Shelf,Shelf
2433,12/2/2023 9:59:26,000000000383,Cage -> Shelf,3,2023-12-02 09:59:26,TRANSFER,Cage,Shelf,Shelf
2434,12/2/2023 10:0:20,000000001014,Cage -> Shelf,2,2023-12-02 10:00:20,TRANSFER,Cage,Shelf,Shelf
2435,12/2/2023 20:8:59,000000001120,Shelf -> Other,1,2023-12-02 20:08:59,TAKEOUT,Shelf,,Shelf
2436,12/2/2023 20:9:17,000000000338,Shelf -> Other,1,2023-12-02 20:09:17,TAKEOUT,Shelf,,Shelf
2437,12/2/2023 20:9:39,000000000840,Shelf -> Other,1,2023-12-02 20:09:39,TAKEOUT,Shelf,,Shelf
2438,12/2/2023 20:9:56,000000000017,Shelf -> Other,1,2023-12-02 20:09:56,TAKEOUT,Shelf,,Shelf
2439,12/2/2023 20:10:36,000000000024,Shelf -> Other,10,2023-12-02 20:10:36,TAKEOUT,Shelf,,Shelf
2440,12/4/2023 21:25:22,000000000581,Shelf -> Other,1,2023-12-04 21:25:22,TAKEOUT,Shelf,,Shelf
2441,12/5/2023 6:27:8,000000000567,Shelf -> Other,1,2023-12-05 06:27:08,TAKEOUT,Shelf,,Shelf
2442,12/5/2023 6:27:41,000000000550,Shelf -> Other,2,2023-12-05 06:27:41,TAKEOUT,Shelf,,Shelf
2443,12/6/2023 22:1:22,000000000451,Shelf -> Other,2,2023-12-06 22:01:22,TAKEOUT,Shelf,,Shelf
2444,12/6/2023 22:1:49,000000000970,Shelf -> Other,1,2023-12-06 22:01:49,TAKEOUT,Shelf,,Shelf
2445,12/6/2023 22:2:1,000000000185,Shelf -> Other,1,2023-12-06 22:02:01,TAKEOUT,Shelf,,Shelf
2446,12/7/2023 0:22:11,000000000338,Shelf -> Other,2,2023-12-07 00:22:11,TAKEOUT,Shelf,,Shelf
2447,12/7/2023 0:22:35,000000000369,Shelf -> Other,2,2023-12-07 00:22:35,TAKEOUT,Shelf,,Shelf
2448,12/7/2023 0:23:57,000000000383,Shelf -> Other,1,2023-12-07 00:23:57,TAKEOUT,Shelf,,Shelf
2449,12/7/2023 13:10:6,000000000970,Cage -> Shelf,1,2023-12-07 13:10:06,TRANSFER,Cage,Shelf,Shelf
2450,12/7/2023 13:10:18,000000000338,Cage -> Shelf,3,2023-12-07 13:10:18,TRANSFER,Cage,Shelf,Shelf
2451,12/7/2023 13:12:58,000000000451,Cage -> Shelf,2,2023-12-07 13:12:58,TRANSFER,Cage,Shelf,Shelf
2452,12/7/2023 13:14:46,000000000550,Cage -> Shelf,5,2023-12-07 13:14:46,TRANSFER,Cage,Shelf,Shelf
2453,12/8/2023 14:50:8,000000000017,Shelf -> Other,2,2023-12-08 14:50:08,TAKEOUT,Shelf,,Shelf
2454,12/8/2023 15:50:57,000000000185,Cage -> Shelf,2,2023-12-08 15:50:57,TRANSFER,Cage,Shelf,Shelf
2455,12/9/2023 21:46:8,000000000055,Shelf -> Other,1,2023-12-09 21:46:08,TAKEOUT,Shelf,,Shelf
2456,12/10/2023 14:6:22,000000000369,Shelf -> Other,1,2023-12-10 14:06:22,TAKEOUT,Shelf,,Shelf
2457,12/10/2023 19:13:32,000000001090,Shelf -> Other,1,2023-12-10 19:13:32,TAKEOUT,Shelf,,Shelf
2458,12/10/2023 19:14:26,000000001144,Shelf -> Other,1,2023-12-10 19:14:26,TAKEOUT,Shelf,,Shelf
2459,12/11/2023 20:5:26,000000000567,Shelf -> Other,1,2023-12-11 20:05:26,TAKEOUT,Shelf,,Shelf
2460,12/11/2023 20:21:18,000000000024,Shelf -> Other,15,2023-12-11 20:21:18,TAKEOUT,Shelf,,Shelf
2461,12/11/2023 23:28:33,000000000741,Shelf -> Other,1,2023-12-11 23:28:33,TAKEOUT,Shelf,,Shelf
2462,12/11/2023 23:32:46,000000000765,Cage -> Shelf,1,2023-12-11 23:32:46,TRANSFER,Cage,Shelf,Shelf
2463,12/12/2023 2:54:27,000000001144,Shelf -> Other,1,2023-12-12 02:54:27,TAKEOUT,Shelf,,Shelf
2464,12/12/2023 5:46:48,000000000024,Shelf -> Other,1,2023-12-12 05:46:48,TAKEOUT,Shelf,,Shelf
2465,12/12/2023 5:47:11,000000000000,Shelf -> Other,1,2023-12-12 05:47:11,TAKEOUT,Shelf,,Shelf
2466,12/12/2023 5:47:28,000000000062,Shelf -> Other,2,2023-12-12 05:47:28,TAKEOUT,Shelf,,Shelf
2467,12/12/2023 18:56:45,000000000567,Shelf -> Other,1,2023-12-12 18:56:45,TAKEOUT,Shelf,,Shelf
2468,12/13/2023 5:24:20,000000000338,Shelf -> Other,1,2023-12-13 05:24:20,TAKEOUT,Shelf,,Shelf
2469,12/13/2023 5:26:4,000000000338,Shelf -> Other,2,2023-12-13 05:26:04,TAKEOUT,Shelf,,Shelf
2470,12/15/2023 5:21:35,000000000000,Shelf -> Other,1,2023-12-15 05:21:35,TAKEOUT,Shelf,,Shelf
2471,12/15/2023 5:21:42,000000000017,Shelf -> Other,3,2023-12-15 05:21:42,TAKEOUT,Shelf,,Shelf
2472,12/15/2023 5:27:30,000000000338,Shelf -> Other,2,2023-12-15 05:27:30,TAKEOUT,Shelf,,Shelf
2473,12/15/2023 19:52:4,000000001090,Shelf -> Other,1,2023-12-15 19:52:04,TAKEOUT,Shelf,,Shelf
2474,12/15/2023 19:52:11,000000000338,Shelf -> Other,1,2023-12-15 19:52:11,TAKEOUT,Shelf,,Shelf
2475,12/15/2023 23:5:0,000000000338,Cage -> Shelf,10,2023-12-15 23:05:00,TRANSFER,Cage,Shelf,Shelf
2476,12/18/2023 1:17:17,000000000369,Shelf -> Other,1,2023-12-18 01:17:17,TAKEOUT,Shelf,,Shelf
2477,12/19/2023 14:17:16,000000000581,Shelf -> Other,1,2023-12-19 14:17:16,TAKEOUT,Shelf,,Shelf
2478,12/19/2023 21:2:54,000000000963,Shelf -> Other,1,2023-12-19 21:02:54,TAKEOUT,Shelf,,Shelf
2479,12/19/2023 21:4:28,000000000963,Cage -> Shelf,2,2023-12-19 21:04:28,TRANSFER,Cage,Shelf,Shelf
2480,12/19/2023 21:5:52,000000000963,Shelf -> Other,1,2023-12-19 21:05:52,TAKEOUT,Shelf,,Shelf
2481,12/20/2023 8:45:22,000000000338,Shelf -> Other,1,2023-12-20 08:45:22,TAKEOUT,Shelf,,Shelf
2482,12/20/2023 12:47:2,000000000840,Shelf -> Other,1,2023-12-20 12:47:02,TAKEOUT,Shelf,,Shelf
2483,12/20/2023 12:48:15,000000001120,Shelf -> Other,1,2023-12-20 12:48:15,TAKEOUT,Shelf,,Shelf
2484,12/20/2023 14:9:23,000000001090,Shelf -> Other,1,2023-12-20 14:09:23,TAKEOUT,Shelf,,Shelf
2485,12/20/2023 14:20:14,000000000338,Shelf -> Other,4,2023-12-20 14:20:14,TAKEOUT,Shelf,,Shelf
2486,12/20/2023 14:20:21,000000000369,Shelf -> Other,3,2023-12-20 14:20:21,TAKEOUT,Shelf,,Shelf
2487,12/20/2023 14:21:2,000000000345,Shelf -> Other,1,2023-12-20 14:21:02,TAKEOUT,Shelf,,Shelf
2488,12/20/2023 14:26:27,000000001120,Shelf -> Other,1,2023-12-20 14:26:27,TAKEOUT,Shelf,,Shelf
2489,12/20/2023 14:27:19,000000000840,Shelf -> Other,4,2023-12-20 14:27:19,TAKEOUT,Shelf,,Shelf
2490,12/20/2023 14:38:46,000000001120,Shelf -> Other,1,2023-12-20 14:38:46,TAKEOUT,Shelf,,Shelf
2491,12/20/2023 14:39:43,000000000017,Shelf -> Other,2,2023-12-20 14:39:43,TAKEOUT,Shelf,,Shelf
2492,12/20/2023 14:40:29,000000000024,Shelf -> Other,2,2023-12-20 14:40:29,TAKEOUT,Shelf,,Shelf
2493,12/20/2023 14:42:39,000000000963,Shelf -> Other,1,2023-12-20 14:42:39,TAKEOUT,Shelf,,Shelf
2494,12/20/2023 14:42:55,000000000024,Shelf -> Other,4,2023-12-20 14:42:55,TAKEOUT,Shelf,,Shelf
2495,12/20/2023 14:51:1,000000000000,Shelf -> Other,1,2023-12-20 14:51:01,TAKEOUT,Shelf,,Shelf
2496,12/20/2023 14:52:24,000000000970,Shelf -> Other,1,2023-12-20 14:52:24,TAKEOUT,Shelf,,Shelf
2497,12/21/2023 10:33:54,000000000567,Shelf -> Other,1,2023-12-21 10:33:54,TAKEOUT,Shelf,,Shelf
2498,12/21/2023 14:57:41,000000000970,Cage -> Shelf,2,2023-12-21 14:57:41,TRANSFER,Cage,Shelf,Shelf
2499,12/21/2023 14:58:7,000000000338,Cage -> Shelf,5,2023-12-21 14:58:07,TRANSFER,Cage,Shelf,Shelf
2500,12/21/2023 15:1:9,000000000840,Cage -> Shelf,12,2023-12-21 15:01:09,TRANSFER,Cage,Shelf,Shelf
2501,12/21/2023 15:3:33,000000001120,Cage -> Shelf,9,2023-12-21 15:03:33,TRANSFER,Cage,Shelf,Shelf
2502,12/22/2023 17:43:54,000000000970,Shelf -> Other,1,2023-12-22 17:43:54,TAKEOUT,Shelf,,Shelf
2503,12/22/2023 17:57:44,000000000970,Shelf -> Other,1,2023-12-22 17:57:44,TAKEOUT,Shelf,,Shelf
2504,12/22/2023 18:12:29,000000000970,Cage -> Shelf,1,2023-12-22 18:12:29,TRANSFER,Cage,Shelf,Shelf
2505,12/23/2023 20:50:9,000000000024,Shelf -> Other,2,2023-12-23 20:50:09,TAKEOUT,Shelf,,Shelf
2506,12/24/2023 10:46:45,000000000741,Shelf -> Other,1,2023-12-24 10:46:45,TAKEOUT,Shelf,,Shelf
2507,12/24/2023 10:46:52,000000000369,Shelf -> Other,1,2023-12-24 10:46:52,TAKEOUT,Shelf,,Shelf
2508,12/24/2023 10:47:5,000000000338,Shelf -> Other,1,2023-12-24 10:47:05,TAKEOUT,Shelf,,Shelf
2509,12/24/2023 10:47:16,000000000741,Shelf -> Other,1,2023-12-24 10:47:16,TAKEOUT,Shelf,,Shelf
2510,12/24/2023 12:36:54,000000000338,Shelf -> Other,2,2023-12-24 12:36:54,TAKEOUT,Shelf,,Shelf
2511,12/24/2023 12:37:29,000000000062,Shelf -> Other,1,2023-12-24 12:37:29,TAKEOUT,Shelf,,Shelf
2512,12/24/2023 17:38:41,000000000741,Cage -> Shelf,4,2023-12-24 17:38:41,TRANSFER,Cage,Shelf,Shelf
2513,12/24/2023 17:41:28,000000000383,Cage -> Shelf,2,2023-12-24 17:41:28,TRANSFER,Cage,Shelf,Shelf
2514,12/24/2023 17:41:44,000000000765,Cage -> Shelf,1,2023-12-24 17:41:44,TRANSFER,Cage,Shelf,Shelf
2515,12/24/2023 19:23:47,000000000581,Shelf -> Other,5,2023-12-24 19:23:47,TAKEOUT,Shelf,,Shelf
2516,12/24/2023 22:19:2,000000000000,Shelf -> Other,3,2023-12-24 22:19:02,TAKEOUT,Shelf,,Shelf
2517,12/25/2023 7:7:23,000000000338,Shelf -> Other,3,2023-12-25 07:07:23,TAKEOUT,Shelf,,Shelf
2518,12/25/2023 7:8:36,000000000369,Shelf -> Other,2,2023-12-25 07:08:36,TAKEOUT,Shelf,,Shelf
2519,12/25/2023 7:9:28,000000000345,Shelf -> Other,3,2023-12-25 07:09:28,TAKEOUT,Shelf,,Shelf
2520,12/26/2023 6:55:32,000000000581,Shelf -> Other,12,2023-12-26 06:55:32,TAKEOUT,Shelf,,Shelf
2521,12/26/2023 23:38:32,000000000024,Shelf -> Other,1,2023-12-26 23:38:32,TAKEOUT,Shelf,,Shelf
2522,12/27/2023 8:33:14,000000000369,Cage -> Shelf,10,2023-12-27 08:33:14,TRANSFER,Cage,Shelf,Shelf
2523,12/27/2023 14:47:12,000000000024,Shelf -> Other,6,2023-12-27 14:47:12,TAKEOUT,Shelf,,Shelf
2524,12/27/2023 16:27:25,000000000338,Shelf -> Other,1,2023-12-27 16:27:25,TAKEOUT,Shelf,,Shelf
2525,12/27/2023 23:9:19,000000001090,Shelf -> Other,1,2023-12-27 23:09:19,TAKEOUT,Shelf,,Shelf
2526,12/28/2023 16:45:55,000000000369,Shelf -> Other,1,2023-12-28 16:45:55,TAKEOUT,Shelf,,Shelf
2527,12/28/2023 20:39:23,000000000550,Shelf -> Other,1,2023-12-28 20:39:23,TAKEOUT,Shelf,,Shelf
2528,12/29/2023 13:0:9,000000001069,RECOUNT - Cage,700,2023-12-29 13:00:09,COUNT,,Cage,Cage
2529,12/29/2023 13:0:33,000000000840,RECOUNT - Cage,12,2023-12-29 13:00:33,COUNT,,Cage,Cage
2530,12/29/2023 13:1:3,000000000024,RECOUNT - Cage,1200,2023-12-29 13:01:03,COUNT,,Cage,Cage
2531,12/29/2023 13:1:20,000000000017,RECOUNT - Cage,40,2023-12-29 13:01:20,COUNT,,Cage,Cage
2532,12/29/2023 13:1:39,000000001038,RECOUNT - Cage,2,2023-12-29 13:01:39,COUNT,,Cage,Cage
2533,12/29/2023 13:2:7,000000001014,RECOUNT - Cage,11,2023-12-29 13:02:07,COUNT,,Cage,Cage
2534,12/29/2023 13:2:12,000000000055,RECOUNT - Cage,48,2023-12-29 13:02:12,COUNT,,Cage,Cage
2535,12/29/2023 13:3:20,000000000062,RECOUNT - Cage,48,2023-12-29 13:03:20,COUNT,,Cage,Cage
2536,12/29/2023 13:3:25,000000000789,RECOUNT - Cage,2,2023-12-29 13:03:25,COUNT,,Cage,Cage
2537,12/29/2023 13:3:47,000000000086,RECOUNT - Cage,200,2023-12-29 13:03:47,COUNT,,Cage,Cage
2538,12/29/2023 13:4:19,000000001083,RECOUNT - Cage,12,2023-12-29 13:04:19,COUNT,,Cage,Cage
2539,12/29/2023 13:4:41,000000000109,RECOUNT - Cage,60,2023-12-29 13:04:41,COUNT,,Cage,Cage
2540,12/29/2023 13:4:51,000000000093,RECOUNT - Cage,36,2023-12-29 13:04:51,COUNT,,Cage,Cage
2541,12/29/2023 13:5:1,000000000116,RECOUNT - Cage,24,2023-12-29 13:05:01,COUNT,,Cage,Cage
2542,12/29/2023 13:5:10,000000000123,RECOUNT - Cage,18,2023-12-29 13:05:10,COUNT,,Cage,Cage
2543,12/29/2023 13:5:24,000000000130,RECOUNT - Cage,48,2023-12-29 13:05:24,COUNT,,Cage,Cage
2544,12/29/2023 13:5:33,000000001151,RECOUNT - Cage,1,2023-12-29 13:05:33,COUNT,,Cage,Cage
2545,12/29/2023 13:5:43,000000000956,RECOUNT - Cage,13,2023-12-29 13:05:43,COUNT,,Cage,Cage
2546,12/29/2023 13:5:51,000000000932,RECOUNT - Cage,10,2023-12-29 13:05:51,COUNT,,Cage,Cage
2547,12/29/2023 13:6:0,000000000949,RECOUNT - Cage,4,2023-12-29 13:06:00,COUNT,,Cage,Cage
2548,12/29/2023 13:6:12,000000000048,RECOUNT - Cage,8,2023-12-29 13:06:12,COUNT,,Cage,Cage
2549,12/29/2023 13:6:38,000000000963,RECOUNT - Cage,3,2023-12-29 13:06:38,COUNT,,Cage,Cage
2550,12/29/2023 13:6:46,000000000925,RECOUNT - Cage,4,2023-12-29 13:06:46,COUNT,,Cage,Cage
2551,12/29/2023 13:6:56,000000000079,RECOUNT - Cage,2,2023-12-29 13:06:56,COUNT,,Cage,Cage
2552,12/29/2023 13:7:8,000000001168,RECOUNT - Cage,3,2023-12-29 13:07:08,COUNT,,Cage,Cage
2553,12/29/2023 13:7:16,000000000031,RECOUNT - Cage,11,2023-12-29 13:07:16,COUNT,,Cage,Cage
2554,12/29/2023 13:7:34,000000001052,RECOUNT - Cage,25,2023-12-29 13:07:34,COUNT,,Cage,Cage
2555,12/29/2023 13:7:47,000000001045,RECOUNT - Cage,9,2023-12-29 13:07:47,COUNT,,Cage,Cage
2556,12/29/2023 13:7:56,000000001175,RECOUNT - Cage,5,2023-12-29 13:07:56,COUNT,,Cage,Cage
2557,12/29/2023 13:8:15,000000001021,RECOUNT - Cage,6,2023-12-29 13:08:15,COUNT,,Cage,Cage
2558,12/29/2023 13:8:20,000000001106,RECOUNT - Cage,5,2023-12-29 13:08:20,COUNT,,Cage,Cage
2559,12/29/2023 13:8:43,000000000635,RECOUNT - Cage,3,2023-12-29 13:08:43,COUNT,,Cage,Cage
2560,12/29/2023 13:9:16,000000000581,RECOUNT - Cage,660,2023-12-29 13:09:16,COUNT,,Cage,Cage
2561,12/29/2023 13:9:45,000000000598,RECOUNT - Cage,200,2023-12-29 13:09:45,COUNT,,Cage,Cage
2562,12/29/2023 13:9:56,000000001144,RECOUNT - Cage,150,2023-12-29 13:09:56,COUNT,,Cage,Cage
2563,12/29/2023 13:10:9,000000000628,RECOUNT - Cage,135,2023-12-29 13:10:09,COUNT,,Cage,Cage
2564,12/29/2023 13:10:27,000000000611,RECOUNT - Cage,24,2023-12-29 13:10:27,COUNT,,Cage,Cage
2565,12/29/2023 13:10:33,000000000604,RECOUNT - Cage,2,2023-12-29 13:10:33,COUNT,,Cage,Cage
2566,12/29/2023 13:10:59,000000000451,RECOUNT - Cage,8,2023-12-29 13:10:59,COUNT,,Cage,Cage
2567,12/29/2023 13:11:8,000000000406,RECOUNT - Cage,3,2023-12-29 13:11:08,COUNT,,Cage,Cage
2568,12/29/2023 13:11:27,000000000390,RECOUNT - Cage,7,2023-12-29 13:11:27,COUNT,,Cage,Cage
2569,12/29/2023 13:11:43,000000000321,RECOUNT - Cage,136,2023-12-29 13:11:43,COUNT,,Cage,Cage
2570,12/29/2023 13:12:5,000000000383,RECOUNT - Cage,7,2023-12-29 13:12:05,COUNT,,Cage,Cage
2571,12/29/2023 13:12:13,000000000468,RECOUNT - Cage,5,2023-12-29 13:12:13,COUNT,,Cage,Cage
2572,12/29/2023 13:12:22,000000000475,RECOUNT - Cage,13,2023-12-29 13:12:22,COUNT,,Cage,Cage
2573,12/29/2023 13:12:29,000000000482,RECOUNT - Cage,8,2023-12-29 13:12:29,COUNT,,Cage,Cage
2574,12/29/2023 13:12:36,000000000499,RECOUNT - Cage,14,2023-12-29 13:12:36,COUNT,,Cage,Cage
2575,12/29/2023 13:12:41,000000000505,RECOUNT - Cage,6,2023-12-29 13:12:41,COUNT,,Cage,Cage
2576,12/29/2023 13:12:47,000000000512,RECOUNT - Cage,11,2023-12-29 13:12:47,COUNT,,Cage,Cage
2577,12/29/2023 13:12:59,000000000529,RECOUNT - Cage,20,2023-12-29 13:12:59,COUNT,,Cage,Cage
2578,12/29/2023 13:13:22,000000000550,RECOUNT - Cage,15,2023-12-29 13:13:22,COUNT,,Cage,Cage
2579,12/29/2023 13:13:36,000000000543,RECOUNT - Cage,10,2023-12-29 13:13:36,COUNT,,Cage,Cage
2580,12/29/2023 13:13:41,000000000734,RECOUNT - Cage,2,2023-12-29 13:13:41,COUNT,,Cage,Cage
2581,12/29/2023 13:14:14,000000000710,RECOUNT - Cage,3,2023-12-29 13:14:14,COUNT,,Cage,Cage
2582,12/29/2023 13:14:52,000000000703,RECOUNT - Cage,9,2023-12-29 13:14:52,COUNT,,Cage,Cage
2583,12/29/2023 13:14:59,000000000147,RECOUNT - Cage,9,2023-12-29 13:14:59,COUNT,,Cage,Cage
2584,12/29/2023 13:15:5,000000000154,RECOUNT - Cage,5,2023-12-29 13:15:05,COUNT,,Cage,Cage
2585,12/29/2023 13:15:9,000000000161,RECOUNT - Cage,16,2023-12-29 13:15:09,COUNT,,Cage,Cage
2586,12/29/2023 13:15:14,000000000178,RECOUNT - Cage,5,2023-12-29 13:15:14,COUNT,,Cage,Cage
2587,12/29/2023 13:15:18,000000000185,RECOUNT - Cage,11,2023-12-29 13:15:18,COUNT,,Cage,Cage
2588,12/29/2023 13:15:26,000000000192,RECOUNT - Cage,5,2023-12-29 13:15:26,COUNT,,Cage,Cage
2589,12/29/2023 13:15:30,000000000208,RECOUNT - Cage,8,2023-12-29 13:15:30,COUNT,,Cage,Cage
2590,12/29/2023 13:15:36,000000000215,RECOUNT - Cage,14,2023-12-29 13:15:36,COUNT,,Cage,Cage
2591,12/29/2023 13:15:58,000000000222,RECOUNT - Cage,6,2023-12-29 13:15:58,COUNT,,Cage,Cage
2592,12/29/2023 13:16:13,000000000239,RECOUNT - Cage,9,2023-12-29 13:16:13,COUNT,,Cage,Cage
2593,12/29/2023 13:16:18,000000000246,RECOUNT - Cage,6,2023-12-29 13:16:18,COUNT,,Cage,Cage
2594,12/29/2023 13:16:24,000000000253,RECOUNT - Cage,4,2023-12-29 13:16:24,COUNT,,Cage,Cage
2595,12/29/2023 13:16:29,000000000260,RECOUNT - Cage,7,2023-12-29 13:16:29,COUNT,,Cage,Cage
2596,12/29/2023 13:16:36,000000000277,RECOUNT - Cage,4,2023-12-29 13:16:36,COUNT,,Cage,Cage
2597,12/29/2023 13:16:40,000000000284,RECOUNT - Cage,8,2023-12-29 13:16:40,COUNT,,Cage,Cage
2598,12/29/2023 13:16:46,000000000291,RECOUNT - Cage,12,2023-12-29 13:16:46,COUNT,,Cage,Cage
2599,12/29/2023 13:16:50,000000000307,RECOUNT - Cage,6,2023-12-29 13:16:50,COUNT,,Cage,Cage
2600,12/29/2023 13:17:23,000000000314,RECOUNT - Cage,14,2023-12-29 13:17:23,COUNT,,Cage,Cage
2601,12/29/2023 13:17:47,000000001090,RECOUNT - Cage,3,2023-12-29 13:17:47,COUNT,,Cage,Cage
2602,12/29/2023 13:17:55,000000000338,RECOUNT - Cage,13,2023-12-29 13:17:55,COUNT,,Cage,Cage
2603,12/29/2023 13:18:4,000000000369,RECOUNT - Cage,25,2023-12-29 13:18:04,COUNT,,Cage,Cage
2604,12/29/2023 13:18:10,000000000376,RECOUNT - Cage,32,2023-12-29 13:18:10,COUNT,,Cage,Cage
2605,12/29/2023 13:18:22,000000000345,RECOUNT - Cage,50,2023-12-29 13:18:22,COUNT,,Cage,Cage
2606,12/29/2023 13:18:29,000000001137,RECOUNT - Cage,19,2023-12-29 13:18:29,COUNT,,Cage,Cage
2607,12/29/2023 13:18:46,000000001120,RECOUNT - Cage,0,2023-12-29 13:18:46,COUNT,,Cage,Cage
2608,12/29/2023 13:19:33,000000000000,RECOUNT - Cage,0,2023-12-29 13:19:33,COUNT,,Cage,Cage
2609,12/29/2023 13:19:37,000000000970,RECOUNT - Cage,3,2023-12-29 13:19:37,COUNT,,Cage,Cage
2610,12/29/2023 13:20:10,000000000987,RECOUNT - Cage,2,2023-12-29 13:20:10,COUNT,,Cage,Cage
2611,12/29/2023 13:20:26,000000001007,RECOUNT - Cage,4,2023-12-29 13:20:26,COUNT,,Cage,Cage
2612,12/29/2023 13:20:34,000000000918,RECOUNT - Cage,6,2023-12-29 13:20:34,COUNT,,Cage,Cage
2613,12/29/2023 13:20:42,000000000901,RECOUNT - Cage,4,2023-12-29 13:20:42,COUNT,,Cage,Cage
2614,12/29/2023 13:20:50,000000000857,RECOUNT - Cage,2,2023-12-29 13:20:50,COUNT,,Cage,Cage
2615,12/29/2023 13:21:5,000000000864,RECOUNT - Cage,2,2023-12-29 13:21:05,COUNT,,Cage,Cage
2616,12/29/2023 13:21:10,000000000888,RECOUNT - Cage,3,2023-12-29 13:21:10,COUNT,,Cage,Cage
2617,12/29/2023 13:21:14,000000000895,RECOUNT - Cage,6,2023-12-29 13:21:14,COUNT,,Cage,Cage
2618,12/29/2023 13:21:47,000000000871,RECOUNT - Cage,3,2023-12-29 13:21:47,COUNT,,Cage,Cage
2619,12/29/2023 13:22:51,000000000352,RECOUNT - Cage,15,2023-12-29 13:22:51,COUNT,,Cage,Cage
2620,12/29/2023 13:23:3,000000000741,RECOUNT - Cage,28,2023-12-29 13:23:03,COUNT,,Cage,Cage
2621,12/29/2023 13:23:14,000000000758,RECOUNT - Cage,12,2023-12-29 13:23:14,COUNT,,Cage,Cage
2622,12/29/2023 13:23:37,000000000437,RECOUNT - Cage,2,2023-12-29 13:23:37,COUNT,,Cage,Cage
2623,12/29/2023 13:24:27,000000000444,RECOUNT - Cage,10,2023-12-29 13:24:27,COUNT,,Cage,Cage
2624,12/29/2023 13:24:45,000000000420,RECOUNT - Cage,10,2023-12-29 13:24:45,COUNT,,Cage,Cage
2625,12/29/2023 13:24:54,000000000413,RECOUNT - Cage,12,2023-12-29 13:24:54,COUNT,,Cage,Cage
2626,12/29/2023 13:28:35,000000000581,RECOUNT - Shelf,140,2023-12-29 13:28:35,COUNT,,Shelf,Shelf
2627,12/29/2023 13:31:2,000000001090,RECOUNT - Shelf,2,2023-12-29 13:31:02,COUNT,,Shelf,Shelf
2628,12/29/2023 13:31:55,000000000246,Cage -> Shelf,2,2023-12-29 13:31:55,TRANSFER,Cage,Shelf,Shelf
2629,12/29/2023 13:32:32,000000000543,RECOUNT - Shelf,4,2023-12-29 13:32:32,COUNT,,Shelf,Shelf
2630,12/29/2023 13:32:41,000000000550,RECOUNT - Shelf,7,2023-12-29 13:32:41,COUNT,,Shelf,Shelf
2631,12/29/2023 13:32:46,000000000567,RECOUNT - Shelf,2,2023-12-29 13:32:46,COUNT,,Shelf,Shelf
2632,12/29/2023 13:32:53,000000000574,RECOUNT - Shelf,10,2023-12-29 13:32:53,COUNT,,Shelf,Shelf
2633,12/29/2023 13:33:16,000000001144,RECOUNT - Shelf,110,2023-12-29 13:33:16,COUNT,,Shelf,Shelf
2634,12/29/2023 13:33:24,000000001090,RECOUNT - Shelf,2,2023-12-29 13:33:24,COUNT,,Shelf,Shelf
2635,12/29/2023 13:34:44,000000000338,RECOUNT - Shelf,3,2023-12-29 13:34:44,COUNT,,Shelf,Shelf
2636,12/29/2023 13:34:56,000000000369,RECOUNT - Shelf,10,2023-12-29 13:34:56,COUNT,,Shelf,Shelf
2637,12/29/2023 13:35:9,000000000345,RECOUNT - Shelf,5,2023-12-29 13:35:09,COUNT,,Shelf,Shelf
2638,12/29/2023 13:35:42,000000000376,RECOUNT - Shelf,6,2023-12-29 13:35:42,COUNT,,Shelf,Shelf
2639,12/29/2023 13:35:54,000000001045,RECOUNT - Shelf,0,2023-12-29 13:35:54,COUNT,,Shelf,Shelf
2640,12/29/2023 13:36:5,000000001014,RECOUNT - Shelf,2,2023-12-29 13:36:05,COUNT,,Shelf,Shelf
2641,12/29/2023 13:36:12,000000001045,RECOUNT - Shelf,2,2023-12-29 13:36:12,COUNT,,Shelf,Shelf
2642,12/29/2023 13:36:20,000000001120,RECOUNT - Shelf,9,2023-12-29 13:36:20,COUNT,,Shelf,Shelf
2643,12/29/2023 13:36:28,000000001137,RECOUNT - Shelf,5,2023-12-29 13:36:28,COUNT,,Shelf,Shelf
2644,12/29/2023 13:36:39,000000000413,RECOUNT - Shelf,4,2023-12-29 13:36:39,COUNT,,Shelf,Shelf
2645,12/29/2023 13:37:9,000000000086,RECOUNT - Shelf,1,2023-12-29 13:37:09,COUNT,,Shelf,Shelf
2646,12/29/2023 13:37:14,000000000086,RECOUNT - Shelf,1,2023-12-29 13:37:14,COUNT,,Shelf,Shelf
2647,12/29/2023 13:37:30,000000001113,RECOUNT - Shelf,500,2023-12-29 13:37:30,COUNT,,Shelf,Shelf
2648,12/29/2023 13:37:37,000000000000,RECOUNT - Shelf,0,2023-12-29 13:37:37,COUNT,,Shelf,Shelf
2649,12/29/2023 13:37:43,000000000963,RECOUNT - Shelf,0,2023-12-29 13:37:43,COUNT,,Shelf,Shelf
2650,12/29/2023 13:37:58,000000001069,RECOUNT - Shelf,11,2023-12-29 13:37:58,COUNT,,Shelf,Shelf
2651,12/29/2023 13:38:3,000000001021,RECOUNT - Shelf,1,2023-12-29 13:38:03,COUNT,,Shelf,Shelf
2652,12/29/2023 13:38:10,000000001038,RECOUNT - Shelf,0,2023-12-29 13:38:10,COUNT,,Shelf,Shelf
2653,12/29/2023 13:38:16,000000000840,RECOUNT - Shelf,12,2023-12-29 13:38:16,COUNT,,Shelf,Shelf
2654,12/29/2023 13:38:20,000000000789,RECOUNT - Shelf,1,2023-12-29 13:38:20,COUNT,,Shelf,Shelf
2655,12/29/2023 13:38:54,000000001083,RECOUNT - Shelf,11,2023-12-29 13:38:54,COUNT,,Shelf,Shelf
2656,12/29/2023 13:39:6,000000000017,RECOUNT - Shelf,12,2023-12-29 13:39:06,COUNT,,Shelf,Shelf
2657,12/29/2023 13:39:14,000000000055,RECOUNT - Shelf,7,2023-12-29 13:39:14,COUNT,,Shelf,Shelf
2658,12/29/2023 13:39:31,000000000062,RECOUNT - Shelf,40,2023-12-29 13:39:31,COUNT,,Shelf,Shelf
2659,12/29/2023 13:39:51,000000000093,RECOUNT - Shelf,5,2023-12-29 13:39:51,COUNT,,Shelf,Shelf
2660,12/29/2023 13:40:8,000000000024,RECOUNT - Shelf,300,2023-12-29 13:40:08,COUNT,,Shelf,Shelf
2661,12/29/2023 13:40:11,000000000970,RECOUNT - Shelf,1,2023-12-29 13:40:11,COUNT,,Shelf,Shelf
2662,12/29/2023 13:40:17,000000000987,RECOUNT - Shelf,1,2023-12-29 13:40:17,COUNT,,Shelf,Shelf
2663,12/29/2023 13:40:22,000000000437,RECOUNT - Shelf,0,2023-12-29 13:40:22,COUNT,,Shelf,Shelf
2664,12/29/2023 13:40:35,000000000444,RECOUNT - Shelf,1,2023-12-29 13:40:35,COUNT,,Shelf,Shelf
2665,12/29/2023 13:40:55,000000000772,RECOUNT - Shelf,0,2023-12-29 13:40:55,COUNT,,Shelf,Shelf
2666,12/29/2023 13:41:11,000000000765,RECOUNT - Shelf,2,2023-12-29 13:41:11,COUNT,,Shelf,Shelf
2667,12/29/2023 13:41:17,000000000383,RECOUNT - Shelf,4,2023-12-29 13:41:17,COUNT,,Shelf,Shelf
2668,12/29/2023 13:41:39,000000000390,RECOUNT - Shelf,2,2023-12-29 13:41:39,COUNT,,Shelf,Shelf
2669,12/29/2023 13:41:44,000000000406,RECOUNT - Shelf,1,2023-12-29 13:41:44,COUNT,,Shelf,Shelf
2670,12/29/2023 13:42:18,000000000420,RECOUNT - Shelf,1,2023-12-29 13:42:18,COUNT,,Shelf,Shelf
2671,12/29/2023 13:42:35,000000000758,RECOUNT - Shelf,1,2023-12-29 13:42:35,COUNT,,Shelf,Shelf
2672,12/29/2023 13:43:8,000000000741,RECOUNT - Shelf,5,2023-12-29 13:43:08,COUNT,,Shelf,Shelf
2673,12/29/2023 13:43:31,000000000451,RECOUNT - Shelf,3,2023-12-29 13:43:31,COUNT,,Shelf,Shelf
2674,12/29/2023 13:43:47,000000001151,RECOUNT - Shelf,1,2023-12-29 13:43:47,COUNT,,Shelf,Shelf
2675,12/29/2023 13:43:52,000000000697,RECOUNT - Shelf,1,2023-12-29 13:43:52,COUNT,,Shelf,Shelf
2676,12/29/2023 13:44:5,000000000536,RECOUNT - Shelf,2,2023-12-29 13:44:05,COUNT,,Shelf,Shelf
2677,12/29/2023 13:44:37,000000001168,RECOUNT - Shelf,1,2023-12-29 13:44:37,COUNT,,Shelf,Shelf
2678,12/29/2023 13:45:32,000000000031,RECOUNT - Shelf,0,2023-12-29 13:45:32,COUNT,,Shelf,Shelf
2679,12/29/2023 13:45:52,000000000628,RECOUNT - Shelf,3,2023-12-29 13:45:52,COUNT,,Shelf,Shelf
2680,12/29/2023 13:46:3,000000000642,RECOUNT - Shelf,2,2023-12-29 13:46:03,COUNT,,Shelf,Shelf
2681,12/29/2023 13:46:8,000000000604,RECOUNT - Shelf,2,2023-12-29 13:46:08,COUNT,,Shelf,Shelf
2682,12/29/2023 13:46:28,000000000635,RECOUNT - Shelf,1,2023-12-29 13:46:28,COUNT,,Shelf,Shelf
2683,12/29/2023 13:46:59,000000000963,Cage -> Shelf,2,2023-12-29 13:46:59,TRANSFER,Cage,Shelf,Shelf
2684,12/29/2023 13:47:8,000000000758,Cage -> Shelf,1,2023-12-29 13:47:08,TRANSFER,Cage,Shelf,Shelf
2685,12/29/2023 13:47:22,000000000031,Cage -> Shelf,2,2023-12-29 13:47:22,TRANSFER,Cage,Shelf,Shelf
2686,12/29/2023 13:47:43,000000000772,Cage -> Shelf,1,2023-12-29 13:47:43,TRANSFER,Cage,Shelf,Shelf
2687,12/29/2023 20:43:38,000000000734,Cage -> Shelf,1,2023-12-29 20:43:38,TRANSFER,Cage,Shelf,Shelf
2688,12/30/2023 14:16:15,000000000581,Shelf -> Other,1,2023-12-30 14:16:15,TAKEOUT,Shelf,,Shelf
2689,12/30/2023 16:43:29,000000000567,Shelf -> Other,1,2023-12-30 16:43:29,TAKEOUT,Shelf,,Shelf
2690,12/30/2023 16:43:42,000000000840,Shelf -> Other,4,2023-12-30 16:43:42,TAKEOUT,Shelf,,Shelf
2691,12/31/2023 15:28:8,000000000024,Shelf -> Other,2,2023-12-31 15:28:08,TAKEOUT,Shelf,,Shelf
2692,12/31/2023 15:28:24,000000000062,Shelf -> Other,1,2023-12-31 15:28:24,TAKEOUT,Shelf,,Shelf
2693,1/1/2024 5:28:53,000000000369,Shelf -> Other,2,2024-01-01 05:28:53,TAKEOUT,Shelf,,Shelf
2694,1/1/2024 5:30:12,000000000338,Shelf -> Other,2,2024-01-01 05:30:12,TAKEOUT,Shelf,,Shelf
2695,1/1/2024 20:46:47,000000000024,Shelf -> Other,12,2024-01-01 20:46:47,TAKEOUT,Shelf,,Shelf
2696,1/1/2024 21:13:54,000000000338,Shelf -> Other,1,2024-01-01 21:13:54,TAKEOUT,Shelf,,Shelf
2697,1/1/2024 21:14:21,000000000338,Cage -> Shelf,10,2024-01-01 21:14:21,TRANSFER,Cage,Shelf,Shelf
2698,1/1/2024 21:17:50,000000000598,Cage -> Shelf,20,2024-01-01 21:17:50,TRANSFER,Cage,Shelf,Shelf
2699,1/1/2024 21:27:50,000000001120,Shelf -> Other,1,2024-01-01 21:27:50,TAKEOUT,Shelf,,Shelf
2700,1/2/2024 8:42:2,000000000277,Shelf -> Other,1,2024-01-02 08:42:02,TAKEOUT,Shelf,,Shelf
2701,1/2/2024 8:44:27,000000000338,Shelf -> Other,1,2024-01-02 08:44:27,TAKEOUT,Shelf,,Shelf
2702,1/2/2024 14:54:40,000000001120,Shelf -> Other,1,2024-01-02 14:54:40,TAKEOUT,Shelf,,Shelf
2703,1/2/2024 14:54:53,000000000840,Shelf -> Other,2,2024-01-02 14:54:53,TAKEOUT,Shelf,,Shelf
2704,1/2/2024 14:55:4,000000000017,Shelf -> Other,2,2024-01-02 14:55:04,TAKEOUT,Shelf,,Shelf
2705,1/2/2024 14:55:23,000000000055,Shelf -> Other,2,2024-01-02 14:55:23,TAKEOUT,Shelf,,Shelf
2706,1/3/2024 13:19:54,000000000741,Shelf -> Other,2,2024-01-03 13:19:54,TAKEOUT,Shelf,,Shelf
2707,1/3/2024 13:19:59,000000000055,Shelf -> Other,1,2024-01-03 13:19:59,TAKEOUT,Shelf,,Shelf
2708,1/3/2024 13:20:20,000000000062,Shelf -> Other,1,2024-01-03 13:20:20,TAKEOUT,Shelf,,Shelf
2709,1/3/2024 13:20:35,000000000789,Shelf -> Other,1,2024-01-03 13:20:35,TAKEOUT,Shelf,,Shelf
2710,1/3/2024 21:53:30,000000000536,Shelf -> Other,1,2024-01-03 21:53:30,TAKEOUT,Shelf,,Shelf
2711,1/4/2024 9:12:1,000000000369,Shelf -> Other,1,2024-01-04 09:12:01,TAKEOUT,Shelf,,Shelf
2712,1/4/2024 12:39:1,000000000550,Shelf -> Other,2,2024-01-04 12:39:01,TAKEOUT,Shelf,,Shelf
2713,1/4/2024 12:41:10,000000000369,Shelf -> Other,2,2024-01-04 12:41:10,TAKEOUT,Shelf,,Shelf
2714,1/4/2024 12:42:22,000000000062,Shelf -> Other,1,2024-01-04 12:42:22,TAKEOUT,Shelf,,Shelf
2715,1/4/2024 12:42:26,000000000017,Shelf -> Other,1,2024-01-04 12:42:26,TAKEOUT,Shelf,,Shelf
2716,1/4/2024 12:43:13,000000001014,Shelf -> Other,1,2024-01-04 12:43:13,TAKEOUT,Shelf,,Shelf
2717,1/4/2024 12:44:29,000000000093,Shelf -> Other,2,2024-01-04 12:44:29,TAKEOUT,Shelf,,Shelf
2718,1/4/2024 15:26:26,000000000338,Shelf -> Other,1,2024-01-04 15:26:26,TAKEOUT,Shelf,,Shelf
2719,1/4/2024 16:1:19,000000000451,Shelf -> Other,1,2024-01-04 16:01:19,TAKEOUT,Shelf,,Shelf
2720,1/4/2024 16:13:35,000000000383,Shelf -> Other,1,2024-01-04 16:13:35,TAKEOUT,Shelf,,Shelf
2721,1/4/2024 16:16:6,000000000567,Delivery -> Cage,30,2024-01-04 16:16:06,RESTOCK,,Cage,Cage
2722,1/4/2024 16:16:26,000000000567,Cage -> Shelf,10,2024-01-04 16:16:26,TRANSFER,Cage,Shelf,Shelf
2723,1/4/2024 16:20:28,000000000451,Cage -> Shelf,4,2024-01-04 16:20:28,TRANSFER,Cage,Shelf,Shelf
2724,1/4/2024 16:21:8,000000001120,Delivery -> Cage,48,2024-01-04 16:21:08,RESTOCK,,Cage,Cage
2725,1/4/2024 16:21:49,000000001137,Delivery -> Cage,24,2024-01-04 16:21:49,RESTOCK,,Cage,Cage
2726,1/4/2024 16:24:28,000000000338,Cage -> Shelf,3,2024-01-04 16:24:28,TRANSFER,Cage,Shelf,Shelf
2727,1/4/2024 16:25:39,000000000369,Cage -> Shelf,10,2024-01-04 16:25:39,TRANSFER,Cage,Shelf,Shelf
2728,1/4/2024 16:26:25,000000000567,Delivery -> Cage,20,2024-01-04 16:26:25,RESTOCK,,Cage,Cage
2729,1/4/2024 16:26:36,000000000574,Delivery -> Cage,20,2024-01-04 16:26:36,RESTOCK,,Cage,Cage
2730,1/4/2024 16:26:48,000000000550,Delivery -> Cage,10,2024-01-04 16:26:48,RESTOCK,,Cage,Cage
2731,1/4/2024 16:28:50,000000000550,Cage -> Shelf,5,2024-01-04 16:28:50,TRANSFER,Cage,Shelf,Shelf
2732,1/4/2024 16:31:34,000000001090,Cage -> Shelf,3,2024-01-04 16:31:34,TRANSFER,Cage,Shelf,Shelf
2733,1/4/2024 16:33:59,000000000383,Delivery -> Cage,12,2024-01-04 16:33:59,RESTOCK,,Cage,Cage
2734,1/4/2024 16:37:58,000000001090,Delivery -> Cage,20,2024-01-04 16:37:58,RESTOCK,,Cage,Cage
2735,1/4/2024 16:39:7,000000001151,Delivery -> Cage,5,2024-01-04 16:39:07,RESTOCK,,Cage,Cage
2736,1/4/2024 16:44:32,000000000581,Cage -> Shelf,120,2024-01-04 16:44:32,TRANSFER,Cage,Shelf,Shelf
2737,1/4/2024 16:47:24,000000000581,Delivery -> Cage,1500,2024-01-04 16:47:24,RESTOCK,,Cage,Cage
2738,1/4/2024 16:48:11,000000000581,Delivery -> Cage,1504,2024-01-04 16:48:11,RESTOCK,,Cage,Cage
2739,1/4/2024 16:48:47,000000000581,Delivery -> Cage,1500,2024-01-04 16:48:47,RESTOCK,,Cage,Cage
2740,1/4/2024 16:51:10,000000000383,Delivery -> Cage,8,2024-01-04 16:51:10,RESTOCK,,Cage,Cage
2741,1/4/2024 16:54:38,000000000840,Delivery -> Cage,60,2024-01-04 16:54:38,RESTOCK,,Cage,Cage
2742,1/4/2024 16:55:34,000000000963,Delivery -> Cage,9,2024-01-04 16:55:34,RESTOCK,,Cage,Cage
2743,1/4/2024 16:55:54,000000000062,Delivery -> Cage,36,2024-01-04 16:55:54,RESTOCK,,Cage,Cage
2744,1/4/2024 16:56:3,000000000055,Delivery -> Cage,36,2024-01-04 16:56:03,RESTOCK,,Cage,Cage
2745,1/4/2024 17:16:12,000000000550,Delivery -> Cage,10,2024-01-04 17:16:12,RESTOCK,,Cage,Cage
2746,1/4/2024 17:24:33,000000000970,Delivery -> Cage,10,2024-01-04 17:24:33,RESTOCK,,Cage,Cage
2747,1/4/2024 17:24:47,000000000338,Delivery -> Cage,100,2024-01-04 17:24:47,RESTOCK,,Cage,Cage
2748,1/4/2024 17:26:56,000000000369,Delivery -> Cage,50,2024-01-04 17:26:56,RESTOCK,,Cage,Cage
2749,1/4/2024 17:27:3,000000000451,Delivery -> Cage,10,2024-01-04 17:27:03,RESTOCK,,Cage,Cage
2750,1/4/2024 17:29:30,000000000536,Delivery -> Cage,20,2024-01-04 17:29:30,RESTOCK,,Cage,Cage
2751,1/4/2024 17:30:20,000000000017,Delivery -> Cage,40,2024-01-04 17:30:20,RESTOCK,,Cage,Cage
2752,1/4/2024 17:30:52,000000000789,Delivery -> Cage,9,2024-01-04 17:30:52,RESTOCK,,Cage,Cage
2753,1/5/2024 4:38:17,000000000369,Shelf -> Other,1,2024-01-05 04:38:17,TAKEOUT,Shelf,,Shelf
2754,1/6/2024 12:49:35,000000000550,Shelf -> Other,1,2024-01-06 12:49:35,TAKEOUT,Shelf,,Shelf
2755,1/7/2024 4:46:12,000000000338,Shelf -> Other,3,2024-01-07 04:46:12,TAKEOUT,Shelf,,Shelf
2756,1/7/2024 8:58:35,000000000338,Shelf -> Other,1,2024-01-07 08:58:35,TAKEOUT,Shelf,,Shelf
2757,1/7/2024 14:36:55,000000001144,Shelf -> Other,1,2024-01-07 14:36:55,TAKEOUT,Shelf,,Shelf
2758,1/8/2024 4:41:29,000000000567,Shelf -> Other,1,2024-01-08 04:41:29,TAKEOUT,Shelf,,Shelf
2759,1/8/2024 4:43:36,000000000550,Shelf -> Other,1,2024-01-08 04:43:36,TAKEOUT,Shelf,,Shelf
2760,1/8/2024 7:45:35,000000000840,Shelf -> Other,1,2024-01-08 07:45:35,TAKEOUT,Shelf,,Shelf
2761,1/8/2024 7:49:31,000000000789,Shelf -> Other,1,2024-01-08 07:49:31,TAKEOUT,Shelf,,Shelf
2762,1/8/2024 7:52:45,000000000338,Shelf -> Other,2,2024-01-08 07:52:45,TAKEOUT,Shelf,,Shelf
2763,1/8/2024 20:13:20,000000000741,Shelf -> Other,1,2024-01-08 20:13:20,TAKEOUT,Shelf,,Shelf
2764,1/8/2024 20:14:12,000000000567,Shelf -> Other,1,2024-01-08 20:14:12,TAKEOUT,Shelf,,Shelf
2765,1/8/2024 20:15:59,000000000338,Shelf -> Other,1,2024-01-08 20:15:59,TAKEOUT,Shelf,,Shelf
2766,1/8/2024 20:20:2,000000000758,Shelf -> Other,1,2024-01-08 20:20:02,TAKEOUT,Shelf,,Shelf
2767,1/8/2024 20:21:2,000000001090,Shelf -> Other,1,2024-01-08 20:21:02,TAKEOUT,Shelf,,Shelf
2768,1/9/2024 13:53:16,000000000024,Shelf -> Other,4,2024-01-09 13:53:16,TAKEOUT,Shelf,,Shelf
2769,1/9/2024 13:53:49,000000000055,Shelf -> Other,1,2024-01-09 13:53:49,TAKEOUT,Shelf,,Shelf
2770,1/9/2024 14:50:54,000000001120,Shelf -> Other,1,2024-01-09 14:50:54,TAKEOUT,Shelf,,Shelf
2771,1/9/2024 21:30:17,000000000093,RECOUNT - Cage,186,2024-01-09 21:30:17,COUNT,,Cage,Cage
2772,1/9/2024 21:30:31,000000000109,RECOUNT - Cage,0,2024-01-09 21:30:31,COUNT,,Cage,Cage
2773,1/9/2024 21:30:42,000000000116,RECOUNT - Cage,0,2024-01-09 21:30:42,COUNT,,Cage,Cage
2774,1/9/2024 21:30:52,000000000123,RECOUNT - Cage,0,2024-01-09 21:30:52,COUNT,,Cage,Cage
2775,1/9/2024 21:31:0,000000000130,RECOUNT - Cage,0,2024-01-09 21:31:00,COUNT,,Cage,Cage
2776,1/9/2024 21:32:29,000000000093,RECOUNT - Shelf,4,2024-01-09 21:32:29,COUNT,,Shelf,Shelf
2777,1/9/2024 21:33:13,000000000109,RECOUNT - Shelf,0,2024-01-09 21:33:13,COUNT,,Shelf,Shelf
2778,1/9/2024 21:33:23,000000000116,RECOUNT - Shelf,0,2024-01-09 21:33:23,COUNT,,Shelf,Shelf
2779,1/9/2024 21:33:31,000000000123,RECOUNT - Shelf,0,2024-01-09 21:33:31,COUNT,,Shelf,Shelf
2780,1/9/2024 21:33:39,000000000130,RECOUNT - Shelf,0,2024-01-09 21:33:39,COUNT,,Shelf,Shelf
2781,1/10/2024 11:15:0,000000000017,Shelf -> Other,1,2024-01-10 11:15:00,TAKEOUT,Shelf,,Shelf
2782,1/12/2024 6:24:52,000000000338,Shelf -> Other,2,2024-01-12 06:24:52,TAKEOUT,Shelf,,Shelf
2783,1/12/2024 6:25:0,000000000369,Shelf -> Other,3,2024-01-12 06:25:00,TAKEOUT,Shelf,,Shelf
2784,1/12/2024 11:54:24,000000000338,Cage -> Shelf,8,2024-01-12 11:54:24,TRANSFER,Cage,Shelf,Shelf
2785,1/12/2024 12:8:0,000000000741,Cage -> Shelf,4,2024-01-12 12:08:00,TRANSFER,Cage,Shelf,Shelf
2786,1/12/2024 12:8:4,000000000758,Cage -> Shelf,1,2024-01-12 12:08:04,TRANSFER,Cage,Shelf,Shelf
2787,1/12/2024 12:9:8,000000000017,Cage -> Shelf,20,2024-01-12 12:09:08,TRANSFER,Cage,Shelf,Shelf
2788,1/12/2024 12:9:30,000000000055,Cage -> Shelf,12,2024-01-12 12:09:30,TRANSFER,Cage,Shelf,Shelf
2789,1/12/2024 12:9:34,000000000093,Cage -> Shelf,6,2024-01-12 12:09:34,TRANSFER,Cage,Shelf,Shelf
2790,1/13/2024 2:14:25,000000000192,Shelf -> Other,1,2024-01-13 02:14:25,TAKEOUT,Shelf,,Shelf
2791,1/13/2024 2:17:39,000000000383,Shelf -> Other,1,2024-01-13 02:17:39,TAKEOUT,Shelf,,Shelf
2792,1/13/2024 2:18:23,000000000970,Shelf -> Other,1,2024-01-13 02:18:23,TAKEOUT,Shelf,,Shelf
2793,1/13/2024 2:19:58,000000000451,Shelf -> Other,1,2024-01-13 02:19:58,TAKEOUT,Shelf,,Shelf
2794,1/13/2024 4:12:21,000000001120,Shelf -> Other,1,2024-01-13 04:12:21,TAKEOUT,Shelf,,Shelf
2795,1/13/2024 4:12:46,000000001090,Shelf -> Other,1,2024-01-13 04:12:46,TAKEOUT,Shelf,,Shelf
2796,1/13/2024 15:13:41,000000000970,Cage -> Shelf,2,2024-01-13 15:13:41,TRANSFER,Cage,Shelf,Shelf
2797,1/13/2024 15:13:56,000000000192,Cage -> Shelf,2,2024-01-13 15:13:56,TRANSFER,Cage,Shelf,Shelf
2798,1/13/2024 17:25:57,000000000055,Shelf -> Other,1,2024-01-13 17:25:57,TAKEOUT,Shelf,,Shelf
2799,1/13/2024 17:26:13,000000000017,Shelf -> Other,1,2024-01-13 17:26:13,TAKEOUT,Shelf,,Shelf
2800,1/13/2024 17:45:29,000000001120,Shelf -> Other,2,2024-01-13 17:45:29,TAKEOUT,Shelf,,Shelf
2801,1/13/2024 17:45:37,000000000055,Shelf -> Other,2,2024-01-13 17:45:37,TAKEOUT,Shelf,,Shelf
2802,1/13/2024 17:45:46,000000000338,Shelf -> Other,1,2024-01-13 17:45:46,TAKEOUT,Shelf,,Shelf
2803,1/13/2024 18:1:49,000000000017,Shelf -> Other,2,2024-01-13 18:01:49,TAKEOUT,Shelf,,Shelf
2804,1/13/2024 18:1:55,000000000000,Shelf -> Other,1,2024-01-13 18:01:55,TAKEOUT,Shelf,,Shelf
2805,1/15/2024 22:34:8,000000000338,Shelf -> Other,3,2024-01-15 22:34:08,TAKEOUT,Shelf,,Shelf
2806,1/15/2024 22:35:9,000000000581,Shelf -> Other,17,2024-01-15 22:35:09,TAKEOUT,Shelf,,Shelf
2807,1/16/2024 2:3:55,000000000741,Shelf -> Other,1,2024-01-16 02:03:55,TAKEOUT,Shelf,,Shelf
2808,1/16/2024 4:15:58,000000001007,Shelf -> Other,1,2024-01-16 04:15:58,TAKEOUT,Shelf,,Shelf
2809,1/16/2024 4:18:49,000000000383,Shelf -> Other,1,2024-01-16 04:18:49,TAKEOUT,Shelf,,Shelf
2810,1/17/2024 17:40:40,000000000338,Shelf -> Other,1,2024-01-17 17:40:40,TAKEOUT,Shelf,,Shelf
2811,1/17/2024 17:40:48,000000000383,Shelf -> Other,1,2024-01-17 17:40:48,TAKEOUT,Shelf,,Shelf
2812,1/17/2024 17:40:55,000000000451,Shelf -> Other,1,2024-01-17 17:40:55,TAKEOUT,Shelf,,Shelf
2813,1/17/2024 17:43:0,000000000482,Shelf -> Other,1,2024-01-17 17:43:00,TAKEOUT,Shelf,,Shelf
2814,1/17/2024 21:5:57,000000000840,Shelf -> Other,2,2024-01-17 21:05:57,TAKEOUT,Shelf,,Shelf
2815,1/17/2024 21:6:21,000000000017,Shelf -> Other,4,2024-01-17 21:06:21,TAKEOUT,Shelf,,Shelf
2816,1/17/2024 21:6:52,000000000055,Shelf -> Other,3,2024-01-17 21:06:52,TAKEOUT,Shelf,,Shelf
2817,1/17/2024 21:7:5,000000000062,Shelf -> Other,3,2024-01-17 21:07:05,TAKEOUT,Shelf,,Shelf
2818,1/17/2024 21:11:14,000000001083,Shelf -> Other,2,2024-01-17 21:11:14,TAKEOUT,Shelf,,Shelf
2819,1/17/2024 21:12:26,000000000086,Shelf -> Other,1,2024-01-17 21:12:26,TAKEOUT,Shelf,,Shelf
2820,1/18/2024 16:53:14,000000000840,Shelf -> Other,3,2024-01-18 16:53:14,TAKEOUT,Shelf,,Shelf
2821,1/18/2024 16:53:26,000000000338,Shelf -> Other,1,2024-01-18 16:53:26,TAKEOUT,Shelf,,Shelf
2822,1/19/2024 16:33:58,000000000550,Shelf -> Other,1,2024-01-19 16:33:58,TAKEOUT,Shelf,,Shelf
2823,1/19/2024 18:55:12,000000000338,Shelf -> Other,1,2024-01-19 18:55:12,TAKEOUT,Shelf,,Shelf
2824,1/20/2024 6:19:49,000000000567,Shelf -> Other,1,2024-01-20 06:19:49,TAKEOUT,Shelf,,Shelf
2825,1/20/2024 10:17:44,000000000062,Shelf -> Other,3,2024-01-20 10:17:44,TAKEOUT,Shelf,,Shelf
2826,1/20/2024 16:17:18,000000000062,Shelf -> Other,1,2024-01-20 16:17:18,TAKEOUT,Shelf,,Shelf
2827,1/20/2024 16:17:36,000000000017,Shelf -> Other,1,2024-01-20 16:17:36,TAKEOUT,Shelf,,Shelf
2828,1/20/2024 16:18:9,000000000024,Shelf -> Other,1,2024-01-20 16:18:09,TAKEOUT,Shelf,,Shelf
2829,1/20/2024 23:54:47,000000001090,Shelf -> Other,3,2024-01-20 23:54:47,TAKEOUT,Shelf,,Shelf
2830,1/20/2024 23:58:32,000000000338,Shelf -> Other,3,2024-01-20 23:58:32,TAKEOUT,Shelf,,Shelf
2831,1/22/2024 19:50:40,000000000567,Shelf -> Other,1,2024-01-22 19:50:40,TAKEOUT,Shelf,,Shelf
2832,1/22/2024 20:27:51,000000000369,Shelf -> Other,1,2024-01-22 20:27:51,TAKEOUT,Shelf,,Shelf
2833,1/22/2024 20:28:24,000000000000,Shelf -> Other,1,2024-01-22 20:28:24,TAKEOUT,Shelf,,Shelf
2834,1/22/2024 20:30:43,000000000345,Shelf -> Other,1,2024-01-22 20:30:43,TAKEOUT,Shelf,,Shelf
2835,1/22/2024 20:32:37,000000000055,Shelf -> Other,1,2024-01-22 20:32:37,TAKEOUT,Shelf,,Shelf
2836,1/23/2024 18:15:25,000000000338,Cage -> Shelf,10,2024-01-23 18:15:25,TRANSFER,Cage,Shelf,Shelf
2837,1/23/2024 18:16:54,000000001090,Cage -> Shelf,6,2024-01-23 18:16:54,TRANSFER,Cage,Shelf,Shelf
2838,1/23/2024 18:19:51,000000000840,Cage -> Shelf,12,2024-01-23 18:19:51,TRANSFER,Cage,Shelf,Shelf
2839,1/23/2024 18:20:31,000000000383,Cage -> Shelf,1,2024-01-23 18:20:31,TRANSFER,Cage,Shelf,Shelf
2840,1/24/2024 13:19:52,000000000338,Shelf -> Other,1,2024-01-24 13:19:52,TAKEOUT,Shelf,,Shelf
2841,1/24/2024 13:25:22,000000000574,Shelf -> Other,2,2024-01-24 13:25:22,TAKEOUT,Shelf,,Shelf
2842,1/24/2024 19:58:5,000000000369,Shelf -> Other,1,2024-01-24 19:58:05,TAKEOUT,Shelf,,Shelf
2843,1/25/2024 21:26:12,000000000550,Shelf -> Other,1,2024-01-25 21:26:12,TAKEOUT,Shelf,,Shelf
2844,1/26/2024 10:56:54,000000000338,Shelf -> Other,1,2024-01-26 10:56:54,TAKEOUT,Shelf,,Shelf
2845,1/26/2024 10:57:33,000000000369,Shelf -> Other,1,2024-01-26 10:57:33,TAKEOUT,Shelf,,Shelf
2846,1/26/2024 20:48:54,000000001120,Shelf -> Other,1,2024-01-26 20:48:54,TAKEOUT,Shelf,,Shelf
2847,1/27/2024 11:41:32,000000000024,Shelf -> Other,4,2024-01-27 11:41:32,TAKEOUT,Shelf,,Shelf
2848,1/27/2024 11:42:49,000000000000,Shelf -> Other,1,2024-01-27 11:42:49,TAKEOUT,Shelf,,Shelf
2849,1/27/2024 14:29:56,000000001090,Shelf -> Other,1,2024-01-27 14:29:56,TAKEOUT,Shelf,,Shelf
2850,1/28/2024 18:14:27,000000001090,Shelf -> Other,1,2024-01-28 18:14:27,TAKEOUT,Shelf,,Shelf
2851,1/29/2024 20:58:58,000000000840,Shelf -> Other,1,2024-01-29 20:58:58,TAKEOUT,Shelf,,Shelf
2852,1/29/2024 21:1:27,000000000062,Shelf -> Other,2,2024-01-29 21:01:27,TAKEOUT,Shelf,,Shelf
2853,1/29/2024 21:5:16,000000001090,Shelf -> Other,3,2024-01-29 21:05:16,TAKEOUT,Shelf,,Shelf
2854,1/29/2024 21:9:47,000000000345,Shelf -> Other,1,2024-01-29 21:09:47,TAKEOUT,Shelf,,Shelf
2855,1/30/2024 15:19:13,000000000383,Shelf -> Other,1,2024-01-30 15:19:13,TAKEOUT,Shelf,,Shelf
2856,1/30/2024 15:32:9,000000000550,Shelf -> Other,1,2024-01-30 15:32:09,TAKEOUT,Shelf,,Shelf
2857,1/30/2024 15:35:43,000000000741,Shelf -> Other,2,2024-01-30 15:35:43,TAKEOUT,Shelf,,Shelf
2858,1/30/2024 16:6:57,000000000369,Shelf -> Other,2,2024-01-30 16:06:57,TAKEOUT,Shelf,,Shelf
2859,1/30/2024 20:16:43,000000000840,Shelf -> Other,2,2024-01-30 20:16:43,TAKEOUT,Shelf,,Shelf
2860,1/31/2024 12:2:2,000000001120,Shelf -> Other,1,2024-01-31 12:02:02,TAKEOUT,Shelf,,Shelf
2861,1/31/2024 18:1:33,000000001120,Shelf -> Other,1,2024-01-31 18:01:33,TAKEOUT,Shelf,,Shelf
2862,1/31/2024 18:41:51,000000001090,Cage -> Shelf,3,2024-01-31 18:41:51,TRANSFER,Cage,Shelf,Shelf
2863,1/31/2024 18:42:30,000000000055,Cage -> Shelf,12,2024-01-31 18:42:30,TRANSFER,Cage,Shelf,Shelf
2864,1/31/2024 18:42:38,000000000383,Cage -> Shelf,3,2024-01-31 18:42:38,TRANSFER,Cage,Shelf,Shelf
2865,1/31/2024 18:44:32,000000001120,Cage -> Shelf,6,2024-01-31 18:44:32,TRANSFER,Cage,Shelf,Shelf
2866,1/31/2024 18:44:54,000000000369,Cage -> Shelf,5,2024-01-31 18:44:54,TRANSFER,Cage,Shelf,Shelf
2867,1/31/2024 18:47:9,000000000345,Cage -> Shelf,5,2024-01-31 18:47:09,TRANSFER,Cage,Shelf,Shelf
2868,1/31/2024 18:48:49,000000000741,Cage -> Shelf,3,2024-01-31 18:48:49,TRANSFER,Cage,Shelf,Shelf
2869,2/1/2024 10:4:52,000000000369,Shelf -> Other,1,2024-02-01 10:04:52,TAKEOUT,Shelf,,Shelf
2870,2/1/2024 20:4:18,000000000550,Shelf -> Other,1,2024-02-01 20:04:18,TAKEOUT,Shelf,,Shelf
2871,2/1/2024 21:4:37,000000000567,Shelf -> Other,1,2024-02-01 21:04:37,TAKEOUT,Shelf,,Shelf
2872,2/2/2024 7:33:20,000000000574,Shelf -> Other,1,2024-02-02 07:33:20,TAKEOUT,Shelf,,Shelf
2873,2/2/2024 7:33:28,000000000567,Shelf -> Other,1,2024-02-02 07:33:28,TAKEOUT,Shelf,,Shelf
2874,2/3/2024 2:21:17,000000000338,Shelf -> Other,2,2024-02-03 02:21:17,TAKEOUT,Shelf,,Shelf
2875,2/3/2024 7:50:12,000000001120,Shelf -> Other,1,2024-02-03 07:50:12,TAKEOUT,Shelf,,Shelf
2876,2/3/2024 15:56:6,000000001144,Shelf -> Other,3,2024-02-03 15:56:06,TAKEOUT,Shelf,,Shelf
2877,2/4/2024 21:49:55,000000000741,Shelf -> Other,1,2024-02-04 21:49:55,TAKEOUT,Shelf,,Shelf
2878,2/4/2024 22:53:41,000000000321,Shelf -> Other,1,2024-02-04 22:53:41,TAKEOUT,Shelf,,Shelf
2879,2/5/2024 1:9:38,000000000567,Shelf -> Other,2,2024-02-05 01:09:38,TAKEOUT,Shelf,,Shelf
2880,2/5/2024 20:49:27,000000000369,Shelf -> Other,1,2024-02-05 20:49:27,TAKEOUT,Shelf,,Shelf
2881,2/6/2024 14:7:17,000000000338,Shelf -> Other,2,2024-02-06 14:07:17,TAKEOUT,Shelf,,Shelf
2882,2/6/2024 14:7:27,000000000369,Shelf -> Other,2,2024-02-06 14:07:27,TAKEOUT,Shelf,,Shelf
2883,2/6/2024 14:8:23,000000000383,Shelf -> Other,1,2024-02-06 14:08:23,TAKEOUT,Shelf,,Shelf
2884,2/6/2024 14:9:17,000000000406,Shelf -> Other,1,2024-02-06 14:09:17,TAKEOUT,Shelf,,Shelf
2885,2/6/2024 14:9:47,000000000345,Shelf -> Other,1,2024-02-06 14:09:47,TAKEOUT,Shelf,,Shelf
2886,2/6/2024 14:9:53,000000000376,Shelf -> Other,1,2024-02-06 14:09:53,TAKEOUT,Shelf,,Shelf
2887,2/7/2024 9:10:9,000000000772,Shelf -> Other,1,2024-02-07 09:10:09,TAKEOUT,Shelf,,Shelf
2888,2/7/2024 9:20:18,000000001090,Shelf -> Other,1,2024-02-07 09:20:18,TAKEOUT,Shelf,,Shelf
2889,2/7/2024 9:23:37,000000000369,Shelf -> Other,1,2024-02-07 09:23:37,TAKEOUT,Shelf,,Shelf
2890,2/7/2024 9:23:40,000000000338,Shelf -> Other,1,2024-02-07 09:23:40,TAKEOUT,Shelf,,Shelf
2891,2/8/2024 12:50:28,000000000567,Shelf -> Other,1,2024-02-08 12:50:28,TAKEOUT,Shelf,,Shelf
2892,2/9/2024 10:27:43,000000000567,Cage -> Shelf,3,2024-02-09 10:27:43,TRANSFER,Cage,Shelf,Shelf
2893,2/9/2024 10:32:11,000000000406,Cage -> Shelf,1,2024-02-09 10:32:11,TRANSFER,Cage,Shelf,Shelf
2894,2/9/2024 10:48:45,000000000581,Shelf -> Other,15,2024-02-09 10:48:45,TAKEOUT,Shelf,,Shelf
2895,2/9/2024 14:38:28,000000000338,Cage -> Shelf,6,2024-02-09 14:38:28,TRANSFER,Cage,Shelf,Shelf
2896,2/10/2024 22:40:45,000000000741,Shelf -> Other,1,2024-02-10 22:40:45,TAKEOUT,Shelf,,Shelf
2897,2/11/2024 19:23:50,000000000338,Shelf -> Other,1,2024-02-11 19:23:50,TAKEOUT,Shelf,,Shelf
2898,2/12/2024 4:30:36,000000001090,Shelf -> Other,1,2024-02-12 04:30:36,TAKEOUT,Shelf,,Shelf
2899,2/12/2024 5:20:17,000000000024,Shelf -> Other,4,2024-02-12 05:20:17,TAKEOUT,Shelf,,Shelf
2900,2/12/2024 5:20:56,000000000741,Shelf -> Other,1,2024-02-12 05:20:56,TAKEOUT,Shelf,,Shelf
2901,2/12/2024 5:21:11,000000000338,Shelf -> Other,1,2024-02-12 05:21:11,TAKEOUT,Shelf,,Shelf
2902,2/12/2024 5:21:59,000000000000,Shelf -> Other,1,2024-02-12 05:21:59,TAKEOUT,Shelf,,Shelf
2903,2/12/2024 19:34:42,000000000055,Shelf -> Other,2,2024-02-12 19:34:42,TAKEOUT,Shelf,,Shelf
2904,2/12/2024 19:51:14,000000000437,Cage -> Other,1,2024-02-12 19:51:14,TAKEOUT,Cage,,Cage
2905,2/12/2024 21:26:17,000000000741,Shelf -> Other,1,2024-02-12 21:26:17,TAKEOUT,Shelf,,Shelf
2906,2/12/2024 22:27:55,000000000789,Shelf -> Other,1,2024-02-12 22:27:55,TAKEOUT,Shelf,,Shelf
2907,2/12/2024 22:28:8,000000000062,Shelf -> Other,1,2024-02-12 22:28:08,TAKEOUT,Shelf,,Shelf
2908,2/13/2024 6:46:53,000000000369,Shelf -> Other,1,2024-02-13 06:46:53,TAKEOUT,Shelf,,Shelf
2909,2/13/2024 6:47:5,000000000338,Shelf -> Other,2,2024-02-13 06:47:05,TAKEOUT,Shelf,,Shelf
2910,2/13/2024 11:55:10,000000000789,Cage -> Shelf,1,2024-02-13 11:55:10,TRANSFER,Cage,Shelf,Shelf
2911,2/13/2024 11:57:27,000000000741,Cage -> Shelf,3,2024-02-13 11:57:27,TRANSFER,Cage,Shelf,Shelf
2912,2/13/2024 12:4:45,000000001090,Cage -> Shelf,1,2024-02-13 12:04:45,TRANSFER,Cage,Shelf,Shelf
2913,2/13/2024 23:47:16,000000001144,Shelf -> Other,1,2024-02-13 23:47:16,TAKEOUT,Shelf,,Shelf
2914,2/14/2024 14:24:42,000000000338,Shelf -> Other,1,2024-02-14 14:24:42,TAKEOUT,Shelf,,Shelf
2915,2/15/2024 16:31:43,000000000369,Shelf -> Other,1,2024-02-15 16:31:43,TAKEOUT,Shelf,,Shelf
2916,2/16/2024 16:58:41,000000000338,Cage -> Shelf,5,2024-02-16 16:58:41,TRANSFER,Cage,Shelf,Shelf
2917,2/16/2024 16:59:30,000000000369,Cage -> Shelf,10,2024-02-16 16:59:30,TRANSFER,Cage,Shelf,Shelf
2918,2/16/2024 18:43:41,000000000437,Cage -> Shelf,1,2024-02-16 18:43:41,TRANSFER,Cage,Shelf,Shelf
2919,2/16/2024 18:43:57,000000000437,Shelf -> Other,1,2024-02-16 18:43:57,TAKEOUT,Shelf,,Shelf
2920,2/17/2024 3:57:17,000000001090,Shelf -> Other,1,2024-02-17 03:57:17,TAKEOUT,Shelf,,Shelf
2921,2/17/2024 3:57:30,000000000024,Shelf -> Other,1,2024-02-17 03:57:30,TAKEOUT,Shelf,,Shelf
2922,2/17/2024 19:44:18,000000000581,Shelf -> Other,1,2024-02-17 19:44:18,TAKEOUT,Shelf,,Shelf
2923,2/17/2024 21:46:3,000000001120,Shelf -> Other,1,2024-02-17 21:46:03,TAKEOUT,Shelf,,Shelf
2924,2/17/2024 22:56:8,000000000338,Shelf -> Other,2,2024-02-17 22:56:08,TAKEOUT,Shelf,,Shelf
2925,2/17/2024 22:56:14,000000000369,Shelf -> Other,1,2024-02-17 22:56:14,TAKEOUT,Shelf,,Shelf
2926,2/18/2024 21:55:2,000000001120,Shelf -> Other,1,2024-02-18 21:55:02,TAKEOUT,Shelf,,Shelf
2927,2/19/2024 9:16:26,000000000338,Shelf -> Other,1,2024-02-19 09:16:26,TAKEOUT,Shelf,,Shelf
2928,2/19/2024 9:18:11,000000000369,Shelf -> Other,1,2024-02-19 09:18:11,TAKEOUT,Shelf,,Shelf
2929,2/19/2024 18:46:37,000000000338,Shelf -> Other,1,2024-02-19 18:46:37,TAKEOUT,Shelf,,Shelf
2930,2/19/2024 18:46:45,000000000840,Shelf -> Other,2,2024-02-19 18:46:45,TAKEOUT,Shelf,,Shelf
2931,2/19/2024 18:47:1,000000001151,Shelf -> Other,1,2024-02-19 18:47:01,TAKEOUT,Shelf,,Shelf
2932,2/19/2024 18:49:7,000000000055,Shelf -> Other,3,2024-02-19 18:49:07,TAKEOUT,Shelf,,Shelf
2933,2/20/2024 9:17:58,000000001120,Cage -> Shelf,4,2024-02-20 09:17:58,TRANSFER,Cage,Shelf,Shelf
2934,2/20/2024 9:22:56,000000001090,Cage -> Shelf,1,2024-02-20 09:22:56,TRANSFER,Cage,Shelf,Shelf
2935,2/20/2024 9:33:32,000000000338,Shelf -> Other,1,2024-02-20 09:33:32,TAKEOUT,Shelf,,Shelf
2936,2/20/2024 9:33:37,000000000369,Shelf -> Other,1,2024-02-20 09:33:37,TAKEOUT,Shelf,,Shelf
2937,2/20/2024 9:33:48,000000000338,Shelf -> Other,1,2024-02-20 09:33:48,TAKEOUT,Shelf,,Shelf
2938,2/20/2024 15:35:54,000000000017,Cage -> Shelf,20,2024-02-20 15:35:54,TRANSFER,Cage,Shelf,Shelf
2939,2/20/2024 15:36:11,000000000024,Cage -> Shelf,100,2024-02-20 15:36:11,TRANSFER,Cage,Shelf,Shelf
2940,2/20/2024 15:36:25,000000000048,Cage -> Shelf,1,2024-02-20 15:36:25,TRANSFER,Cage,Shelf,Shelf
2941,2/22/2024 12:27:41,000000000338,Cage -> Shelf,6,2024-02-22 12:27:41,TRANSFER,Cage,Shelf,Shelf
2942,2/22/2024 19:27:15,000000000017,Shelf -> Other,1,2024-02-22 19:27:15,TAKEOUT,Shelf,,Shelf
2943,2/22/2024 19:27:24,000000000000,Shelf -> Other,1,2024-02-22 19:27:24,TAKEOUT,Shelf,,Shelf
2944,2/22/2024 21:38:21,000000000338,Shelf -> Other,1,2024-02-22 21:38:21,TAKEOUT,Shelf,,Shelf
2945,2/22/2024 21:38:33,000000000369,Shelf -> Other,1,2024-02-22 21:38:33,TAKEOUT,Shelf,,Shelf
2946,2/22/2024 23:50:55,000000001007,Shelf -> Other,1,2024-02-22 23:50:55,TAKEOUT,Shelf,,Shelf
2947,2/22/2024 23:51:19,000000000253,Shelf -> Other,1,2024-02-22 23:51:19,TAKEOUT,Shelf,,Shelf
2948,2/22/2024 23:51:23,000000000260,Shelf -> Other,1,2024-02-22 23:51:23,TAKEOUT,Shelf,,Shelf
2949,2/22/2024 23:53:38,000000000192,Shelf -> Other,1,2024-02-22 23:53:38,TAKEOUT,Shelf,,Shelf
2950,2/23/2024 11:42:1,000000001045,Cage -> Other,1,2024-02-23 11:42:01,TAKEOUT,Cage,,Cage
2951,2/23/2024 11:42:22,000000001045,Cage -> Shelf,1,2024-02-23 11:42:22,TRANSFER,Cage,Shelf,Shelf
2952,2/23/2024 11:42:42,000000001045,Shelf -> Other,1,2024-02-23 11:42:42,TAKEOUT,Shelf,,Shelf
2953,2/23/2024 11:51:51,000000000161,Cage -> Shelf,1,2024-02-23 11:51:51,TRANSFER,Cage,Shelf,Shelf
2954,2/23/2024 11:52:0,000000000208,Cage -> Shelf,1,2024-02-23 11:52:00,TRANSFER,Cage,Shelf,Shelf
2955,2/23/2024 23:32:1,000000000338,Shelf -> Other,1,2024-02-23 23:32:01,TAKEOUT,Shelf,,Shelf
2956,2/24/2024 3:54:15,000000001090,Shelf -> Other,1,2024-02-24 03:54:15,TAKEOUT,Shelf,,Shelf
2957,2/24/2024 3:55:12,000000001144,Shelf -> Other,1,2024-02-24 03:55:12,TAKEOUT,Shelf,,Shelf
2958,2/24/2024 22:28:53,000000000741,Shelf -> Other,1,2024-02-24 22:28:53,TAKEOUT,Shelf,,Shelf
2959,2/26/2024 19:53:8,000000000543,Shelf -> Other,1,2024-02-26 19:53:08,TAKEOUT,Shelf,,Shelf
2960,2/26/2024 20:28:47,000000001120,Shelf -> Other,2,2024-02-26 20:28:47,TAKEOUT,Shelf,,Shelf
2961,2/28/2024 17:21:46,000000000741,Cage -> Shelf,2,2024-02-28 17:21:46,TRANSFER,Cage,Shelf,Shelf
2962,2/28/2024 17:21:52,000000001090,Cage -> Shelf,1,2024-02-28 17:21:52,TRANSFER,Cage,Shelf,Shelf
2963,2/28/2024 18:13:38,000000000437,Delivery -> Cage,5,2024-02-28 18:13:38,RESTOCK,,Cage,Cage
2964,2/28/2024 18:14:12,000000000437,Cage -> Other,1,2024-02-28 18:14:12,TAKEOUT,Cage,,Cage
2965,2/28/2024 18:21:40,000000000000,Delivery -> Cage,24,2024-02-28 18:21:40,RESTOCK,,Cage,Cage
2966,2/28/2024 18:32:32,000000000000,RECOUNT - Shelf,2,2024-02-28 18:32:32,COUNT,,Shelf,Shelf
2967,2/28/2024 22:14:11,000000001137,Shelf -> Other,1,2024-02-28 22:14:11,TAKEOUT,Shelf,,Shelf
2968,2/29/2024 10:34:47,000000000017,Shelf -> Other,1,2024-02-29 10:34:47,TAKEOUT,Shelf,,Shelf
2969,3/1/2024 11:47:5,000000001144,Shelf -> Other,2,2024-03-01 11:47:05,TAKEOUT,Shelf,,Shelf
2970,3/1/2024 14:9:55,000000000581,Shelf -> Other,1,2024-03-01 14:09:55,TAKEOUT,Shelf,,Shelf
2971,3/1/2024 15:17:16,000000001083,Shelf -> Other,1,2024-03-01 15:17:16,TAKEOUT,Shelf,,Shelf
2972,3/1/2024 16:9:37,000000000338,Shelf -> Other,1,2024-03-01 16:09:37,TAKEOUT,Shelf,,Shelf
2973,3/2/2024 22:58:44,000000001090,Shelf -> Other,1,2024-03-02 22:58:44,TAKEOUT,Shelf,,Shelf
2974,3/4/2024 21:37:21,000000000369,Shelf -> Other,1,2024-03-04 21:37:21,TAKEOUT,Shelf,,Shelf
2975,3/5/2024 2:52:18,000000000369,Shelf -> Other,1,2024-03-05 02:52:18,TAKEOUT,Shelf,,Shelf
2976,3/5/2024 14:53:37,000000000567,Cage -> Shelf,1,2024-03-05 14:53:37,TRANSFER,Cage,Shelf,Shelf
2977,3/5/2024 14:53:43,000000001090,Cage -> Shelf,1,2024-03-05 14:53:43,TRANSFER,Cage,Shelf,Shelf
2978,3/5/2024 15:0:52,000000000369,Cage -> Shelf,2,2024-03-05 15:00:52,TRANSFER,Cage,Shelf,Shelf
2979,3/5/2024 19:45:48,000000000550,Shelf -> Other,1,2024-03-05 19:45:48,TAKEOUT,Shelf,,Shelf
2980,3/6/2024 9:30:18,000000001144,Shelf -> Other,3,2024-03-06 09:30:18,TAKEOUT,Shelf,,Shelf
2981,3/6/2024 15:38:6,000000000574,Shelf -> Other,1,2024-03-06 15:38:06,TAKEOUT,Shelf,,Shelf
2982,3/6/2024 15:38:15,000000000550,Shelf -> Other,1,2024-03-06 15:38:15,TAKEOUT,Shelf,,Shelf
2983,3/8/2024 16:16:21,000000000550,Cage -> Shelf,2,2024-03-08 16:16:21,TRANSFER,Cage,Shelf,Shelf
2984,3/10/2024 18:55:23,000000000369,Shelf -> Other,1,2024-03-10 18:55:23,TAKEOUT,Shelf,,Shelf
2985,3/11/2024 18:0:54,000000000024,Shelf -> Other,10,2024-03-11 18:00:54,TAKEOUT,Shelf,,Shelf
2986,3/11/2024 18:1:55,000000000055,Shelf -> Other,6,2024-03-11 18:01:55,TAKEOUT,Shelf,,Shelf
2987,3/11/2024 18:3:57,000000000543,Shelf -> Other,1,2024-03-11 18:03:57,TAKEOUT,Shelf,,Shelf
2988,3/11/2024 18:11:33,000000000543,Cage -> Shelf,1,2024-03-11 18:11:33,TRANSFER,Cage,Shelf,Shelf
2989,3/11/2024 18:11:38,000000001090,Cage -> Shelf,1,2024-03-11 18:11:38,TRANSFER,Cage,Shelf,Shelf
2990,3/11/2024 19:3:17,000000000543,Shelf -> Other,1,2024-03-11 19:03:17,TAKEOUT,Shelf,,Shelf
2991,3/11/2024 19:38:12,000000000024,Shelf -> Other,16,2024-03-11 19:38:12,TAKEOUT,Shelf,,Shelf
2992,3/12/2024 12:48:51,000000000024,Shelf -> Other,1,2024-03-12 12:48:51,TAKEOUT,Shelf,,Shelf
2993,3/12/2024 12:49:4,000000000017,Shelf -> Other,2,2024-03-12 12:49:04,TAKEOUT,Shelf,,Shelf
2994,3/12/2024 12:49:23,000000000000,Shelf -> Other,1,2024-03-12 12:49:23,TAKEOUT,Shelf,,Shelf
2995,3/12/2024 12:50:48,000000000055,Shelf -> Other,1,2024-03-12 12:50:48,TAKEOUT,Shelf,,Shelf
2996,3/12/2024 16:41:25,000000000741,Shelf -> Other,1,2024-03-12 16:41:25,TAKEOUT,Shelf,,Shelf
2997,3/13/2024 0:25:19,000000000567,Shelf -> Other,1,2024-03-13 00:25:19,TAKEOUT,Shelf,,Shelf
2998,3/13/2024 11:56:49,000000000543,Cage -> Shelf,1,2024-03-13 11:56:49,TRANSFER,Cage,Shelf,Shelf
2999,3/13/2024 11:56:55,000000000567,Cage -> Shelf,1,2024-03-13 11:56:55,TRANSFER,Cage,Shelf,Shelf
3000,3/13/2024 11:57:3,000000000741,Cage -> Shelf,1,2024-03-13 11:57:03,TRANSFER,Cage,Shelf,Shelf
3001,3/13/2024 20:12:52,000000000055,Shelf -> Other,5,2024-03-13 20:12:52,TAKEOUT,Shelf,,Shelf
3002,3/13/2024 20:26:3,000000000543,Shelf -> Other,1,2024-03-13 20:26:03,TAKEOUT,Shelf,,Shelf
3003,3/14/2024 6:58:34,000000000338,Shelf -> Other,1,2024-03-14 06:58:34,TAKEOUT,Shelf,,Shelf
3004,3/14/2024 7:28:30,000000000567,Shelf -> Other,1,2024-03-14 07:28:30,TAKEOUT,Shelf,,Shelf
3005,3/14/2024 23:14:22,000000000024,Shelf -> Other,7,2024-03-14 23:14:22,TAKEOUT,Shelf,,Shelf
3006,3/14/2024 23:14:57,000000000567,Shelf -> Other,2,2024-03-14 23:14:57,TAKEOUT,Shelf,,Shelf
3007,3/14/2024 23:15:30,000000000550,Shelf -> Other,1,2024-03-14 23:15:30,TAKEOUT,Shelf,,Shelf
3008,3/15/2024 11:34:38,000000000956,Cage -> Other,2,2024-03-15 11:34:38,TAKEOUT,Cage,,Cage
3009,3/15/2024 11:47:33,000000000543,Cage -> Shelf,2,2024-03-15 11:47:33,TRANSFER,Cage,Shelf,Shelf
3010,3/15/2024 11:47:42,000000000550,Cage -> Shelf,2,2024-03-15 11:47:42,TRANSFER,Cage,Shelf,Shelf
3011,3/15/2024 11:47:50,000000000567,Cage -> Shelf,4,2024-03-15 11:47:50,TRANSFER,Cage,Shelf,Shelf
3012,3/15/2024 11:55:44,000000000055,Cage -> Shelf,12,2024-03-15 11:55:44,TRANSFER,Cage,Shelf,Shelf
3013,3/15/2024 11:59:50,000000001120,Shelf -> Other,1,2024-03-15 11:59:50,TAKEOUT,Shelf,,Shelf
3014,3/15/2024 12:0:28,000000000758,Shelf -> Other,1,2024-03-15 12:00:28,TAKEOUT,Shelf,,Shelf
3015,3/15/2024 12:6:23,000000001120,Cage -> Shelf,2,2024-03-15 12:06:23,TRANSFER,Cage,Shelf,Shelf
3016,3/15/2024 12:6:36,000000000758,Cage -> Shelf,1,2024-03-15 12:06:36,TRANSFER,Cage,Shelf,Shelf
3017,3/17/2024 14:59:4,000000000338,Shelf -> Other,2,2024-03-17 14:59:04,TAKEOUT,Shelf,,Shelf
3018,3/17/2024 14:59:10,000000000369,Shelf -> Other,1,2024-03-17 14:59:10,TAKEOUT,Shelf,,Shelf
3019,3/17/2024 15:4:18,000000000055,Other -> Shelf,12,2024-03-17 15:04:18,TRANSFER,Other,Shelf,Shelf
3020,3/17/2024 15:4:37,000000000055,Delivery -> Cage,60,2024-03-17 15:04:37,RESTOCK,,Cage,Cage
3021,3/18/2024 10:45:36,000000000963,Shelf -> Other,1,2024-03-18 10:45:36,TAKEOUT,Shelf,,Shelf
3022,3/18/2024 21:4:56,000000000369,Shelf -> Other,2,2024-03-18 21:04:56,TAKEOUT,Shelf,,Shelf
3023,3/18/2024 21:5:0,000000000345,Shelf -> Other,1,2024-03-18 21:05:00,TAKEOUT,Shelf,,Shelf
3024,3/18/2024 21:7:6,000000000284,Shelf -> Other,1,2024-03-18 21:07:06,TAKEOUT,Shelf,,Shelf
3025,3/18/2024 21:10:22,000000000017,Shelf -> Other,2,2024-03-18 21:10:22,TAKEOUT,Shelf,,Shelf
3026,3/18/2024 21:14:7,000000001120,Shelf -> Other,1,2024-03-18 21:14:07,TAKEOUT,Shelf,,Shelf
3027,3/18/2024 22:31:55,000000001120,Shelf -> Other,1,2024-03-18 22:31:55,TAKEOUT,Shelf,,Shelf
3028,3/18/2024 22:32:3,000000000017,Shelf -> Other,3,2024-03-18 22:32:03,TAKEOUT,Shelf,,Shelf
3029,3/18/2024 22:32:11,000000000024,Shelf -> Other,5,2024-03-18 22:32:11,TAKEOUT,Shelf,,Shelf
3030,3/18/2024 22:32:56,000000000093,Shelf -> Other,1,2024-03-18 22:32:56,TAKEOUT,Shelf,,Shelf
3031,3/18/2024 22:42:16,000000000550,Shelf -> Other,1,2024-03-18 22:42:16,TAKEOUT,Shelf,,Shelf
3032,3/20/2024 19:44:5,000000000567,Shelf -> Other,1,2024-03-20 19:44:05,TAKEOUT,Shelf,,Shelf
3033,3/20/2024 19:44:10,000000000574,Shelf -> Other,1,2024-03-20 19:44:10,TAKEOUT,Shelf,,Shelf
3034,3/20/2024 19:44:16,000000000543,Shelf -> Other,1,2024-03-20 19:44:16,TAKEOUT,Shelf,,Shelf
3035,3/21/2024 13:20:11,000000001137,Shelf -> Other,3,2024-03-21 13:20:11,TAKEOUT,Shelf,,Shelf
3036,3/21/2024 13:20:23,000000000338,Shelf -> Other,3,2024-03-21 13:20:23,TAKEOUT,Shelf,,Shelf
3037,3/22/2024 19:32:49,000000000741,Shelf -> Other,1,2024-03-22 19:32:49,TAKEOUT,Shelf,,Shelf
3038,3/23/2024 11:5:9,000000000581,Shelf -> Other,1,2024-03-23 11:05:09,TAKEOUT,Shelf,,Shelf
3039,3/24/2024 15:13:45,000000000024,Shelf -> Other,4,2024-03-24 15:13:45,TAKEOUT,Shelf,,Shelf
3040,3/24/2024 15:14:2,000000001120,Shelf -> Other,2,2024-03-24 15:14:02,TAKEOUT,Shelf,,Shelf
3041,3/25/2024 6:8:33,000000000451,Shelf -> Other,1,2024-03-25 06:08:33,TAKEOUT,Shelf,,Shelf
3042,3/25/2024 6:8:56,000000000369,Shelf -> Other,1,2024-03-25 06:08:56,TAKEOUT,Shelf,,Shelf
3043,3/25/2024 7:10:43,000000000338,Shelf -> Other,1,2024-03-25 07:10:43,TAKEOUT,Shelf,,Shelf
3044,3/25/2024 7:10:50,000000000369,Shelf -> Other,1,2024-03-25 07:10:50,TAKEOUT,Shelf,,Shelf
3045,3/25/2024 9:0:23,000000000758,Shelf -> Other,1,2024-03-25 09:00:23,TAKEOUT,Shelf,,Shelf
3046,3/25/2024 11:37:6,000000000024,Shelf -> Other,4,2024-03-25 11:37:06,TAKEOUT,Shelf,,Shelf
3047,3/25/2024 11:51:18,000000000338,Cage -> Shelf,5,2024-03-25 11:51:18,TRANSFER,Cage,Shelf,Shelf
3048,3/25/2024 11:51:53,000000000369,Cage -> Shelf,5,2024-03-25 11:51:53,TRANSFER,Cage,Shelf,Shelf
3049,3/25/2024 11:56:7,000000001137,Cage -> Shelf,4,2024-03-25 11:56:07,TRANSFER,Cage,Shelf,Shelf
3050,3/25/2024 11:56:25,000000001120,Cage -> Shelf,5,2024-03-25 11:56:25,TRANSFER,Cage,Shelf,Shelf
3051,3/25/2024 11:59:38,000000000741,Cage -> Shelf,2,2024-03-25 11:59:38,TRANSFER,Cage,Shelf,Shelf
3052,3/25/2024 11:59:45,000000000758,Cage -> Shelf,2,2024-03-25 11:59:45,TRANSFER,Cage,Shelf,Shelf
3053,3/25/2024 12:3:42,000000001090,Cage -> Shelf,2,2024-03-25 12:03:42,TRANSFER,Cage,Shelf,Shelf
3054,3/25/2024 20:18:50,000000000338,Shelf -> Other,1,2024-03-25 20:18:50,TAKEOUT,Shelf,,Shelf
3055,3/25/2024 20:20:31,000000000000,Shelf -> Other,1,2024-03-25 20:20:31,TAKEOUT,Shelf,,Shelf
3056,3/25/2024 20:22:55,000000000840,Shelf -> Other,1,2024-03-25 20:22:55,TAKEOUT,Shelf,,Shelf
3057,3/25/2024 20:23:43,000000000277,Shelf -> Other,1,2024-03-25 20:23:43,TAKEOUT,Shelf,,Shelf
3058,3/25/2024 20:23:49,000000000291,Shelf -> Other,1,2024-03-25 20:23:49,TAKEOUT,Shelf,,Shelf
3059,3/25/2024 20:25:17,000000000277,Shelf -> Other,1,2024-03-25 20:25:17,TAKEOUT,Shelf,,Shelf
3060,3/25/2024 20:28:15,000000000277,RECOUNT - Shelf,2,2024-03-25 20:28:15,COUNT,,Shelf,Shelf
3061,3/25/2024 20:28:25,000000000291,RECOUNT - Shelf,2,2024-03-25 20:28:25,COUNT,,Shelf,Shelf
3062,3/25/2024 20:28:33,000000000284,RECOUNT - Shelf,2,2024-03-25 20:28:33,COUNT,,Shelf,Shelf
3063,3/25/2024 20:28:42,000000000260,RECOUNT - Shelf,2,2024-03-25 20:28:42,COUNT,,Shelf,Shelf
3064,3/27/2024 0:40:26,000000001090,Shelf -> Other,1,2024-03-27 00:40:26,TAKEOUT,Shelf,,Shelf
3065,3/27/2024 3:32:56,000000001137,Shelf -> Other,4,2024-03-27 03:32:56,TAKEOUT,Shelf,,Shelf
3066,3/27/2024 11:9:36,000000001137,Cage -> Shelf,2,2024-03-27 11:09:36,TRANSFER,Cage,Shelf,Shelf
3067,3/27/2024 11:15:38,000000001090,Cage -> Shelf,1,2024-03-27 11:15:38,TRANSFER,Cage,Shelf,Shelf
3068,3/27/2024 13:58:40,000000000550,Shelf -> Other,1,2024-03-27 13:58:40,TAKEOUT,Shelf,,Shelf
3069,3/27/2024 14:17:56,000000001083,Shelf -> Other,2,2024-03-27 14:17:56,TAKEOUT,Shelf,,Shelf
3070,3/27/2024 14:18:12,000000001137,Shelf -> Other,1,2024-03-27 14:18:12,TAKEOUT,Shelf,,Shelf
3071,3/27/2024 20:18:38,000000000550,Cage -> Shelf,2,2024-03-27 20:18:38,TRANSFER,Cage,Shelf,Shelf
3072,3/27/2024 22:22:57,000000000260,Shelf -> Other,1,2024-03-27 22:22:57,TAKEOUT,Shelf,,Shelf
3073,3/27/2024 22:23:2,000000000277,Shelf -> Other,1,2024-03-27 22:23:02,TAKEOUT,Shelf,,Shelf
3074,3/27/2024 22:23:6,000000000284,Shelf -> Other,1,2024-03-27 22:23:06,TAKEOUT,Shelf,,Shelf
3075,3/27/2024 22:32:17,000000000260,Shelf -> Other,2,2024-03-27 22:32:17,TAKEOUT,Shelf,,Shelf
3076,3/27/2024 22:32:22,000000000277,Shelf -> Other,1,2024-03-27 22:32:22,TAKEOUT,Shelf,,Shelf
3077,3/27/2024 22:51:24,000000000260,Cage -> Shelf,3,2024-03-27 22:51:24,TRANSFER,Cage,Shelf,Shelf
3078,3/27/2024 22:51:30,000000000277,Cage -> Shelf,1,2024-03-27 22:51:30,TRANSFER,Cage,Shelf,Shelf
3079,3/27/2024 22:51:44,000000000260,Shelf -> Other,3,2024-03-27 22:51:44,TAKEOUT,Shelf,,Shelf
3080,3/27/2024 22:51:50,000000000277,Shelf -> Other,1,2024-03-27 22:51:50,TAKEOUT,Shelf,,Shelf
3081,3/27/2024 22:52:29,000000000260,Other -> Shelf,2,2024-03-27 22:52:29,TRANSFER,Other,Shelf,Shelf
3082,3/28/2024 13:39:42,000000000536,Shelf -> Other,1,2024-03-28 13:39:42,TAKEOUT,Shelf,,Shelf
3083,3/28/2024 13:40:22,000000000536,Cage -> Shelf,1,2024-03-28 13:40:22,TRANSFER,Cage,Shelf,Shelf
3084,3/29/2024 11:35:40,000000000345,Shelf -> Other,3,2024-03-29 11:35:40,TAKEOUT,Shelf,,Shelf
3085,4/1/2024 12:34:34,000000000338,Shelf -> Other,1,2024-04-01 12:34:34,TAKEOUT,Shelf,,Shelf
3086,4/4/2024 10:13:27,000000000574,Shelf -> Other,1,2024-04-04 10:13:27,TAKEOUT,Shelf,,Shelf
3087,4/4/2024 15:3:39,000000000338,Shelf -> Other,1,2024-04-04 15:03:39,TAKEOUT,Shelf,,Shelf
3088,4/4/2024 15:3:48,000000000369,Shelf -> Other,2,2024-04-04 15:03:48,TAKEOUT,Shelf,,Shelf
3089,4/4/2024 16:21:9,000000000048,Cage -> Other,1,2024-04-04 16:21:09,TAKEOUT,Cage,,Cage
3090,4/4/2024 16:50:58,000000000369,Cage -> Shelf,3,2024-04-04 16:50:58,TRANSFER,Cage,Shelf,Shelf
3091,4/4/2024 16:51:35,000000000338,Cage -> Shelf,3,2024-04-04 16:51:35,TRANSFER,Cage,Shelf,Shelf
3092,4/5/2024 3:28:3,000000001090,Shelf -> Other,1,2024-04-05 03:28:03,TAKEOUT,Shelf,,Shelf
3093,4/5/2024 3:28:47,000000000338,Shelf -> Other,3,2024-04-05 03:28:47,TAKEOUT,Shelf,,Shelf
3094,4/5/2024 17:8:36,000000000383,Shelf -> Other,1,2024-04-05 17:08:36,TAKEOUT,Shelf,,Shelf
3095,4/5/2024 17:50:42,000000000550,Shelf -> Other,1,2024-04-05 17:50:42,TAKEOUT,Shelf,,Shelf
3096,4/5/2024 17:53:8,000000000451,Shelf -> Other,1,2024-04-05 17:53:08,TAKEOUT,Shelf,,Shelf
3097,4/5/2024 17:55:17,000000000536,Cage -> Shelf,3,2024-04-05 17:55:17,TRANSFER,Cage,Shelf,Shelf
3098,4/5/2024 17:56:58,000000000383,Cage -> Shelf,2,2024-04-05 17:56:58,TRANSFER,Cage,Shelf,Shelf
3099,4/5/2024 18:17:55,000000000970,Shelf -> Other,1,2024-04-05 18:17:55,TAKEOUT,Shelf,,Shelf
3100,4/6/2024 11:52:59,000000001151,Shelf -> Other,1,2024-04-06 11:52:59,TAKEOUT,Shelf,,Shelf
3101,4/7/2024 17:28:37,000000000055,Shelf -> Other,1,2024-04-07 17:28:37,TAKEOUT,Shelf,,Shelf
3102,4/8/2024 13:22:24,000000000741,Shelf -> Other,1,2024-04-08 13:22:24,TAKEOUT,Shelf,,Shelf
3103,4/8/2024 17:34:50,000000000062,Shelf -> Other,3,2024-04-08 17:34:50,TAKEOUT,Shelf,,Shelf
3104,4/8/2024 17:35:35,000000000062,Shelf -> Other,2,2024-04-08 17:35:35,TAKEOUT,Shelf,,Shelf
3105,4/8/2024 17:41:41,000000000024,Shelf -> Other,6,2024-04-08 17:41:41,TAKEOUT,Shelf,,Shelf
3106,4/8/2024 17:59:24,000000000840,Shelf -> Other,4,2024-04-08 17:59:24,TAKEOUT,Shelf,,Shelf
3107,4/8/2024 19:20:41,000000000840,Shelf -> Other,1,2024-04-08 19:20:41,TAKEOUT,Shelf,,Shelf
3108,4/8/2024 20:53:0,000000001120,Shelf -> Other,1,2024-04-08 20:53:00,TAKEOUT,Shelf,,Shelf
3109,4/9/2024 10:47:55,000000000369,Shelf -> Other,1,2024-04-09 10:47:55,TAKEOUT,Shelf,,Shelf
3110,4/9/2024 10:48:10,000000000024,Shelf -> Other,5,2024-04-09 10:48:10,TAKEOUT,Shelf,,Shelf
3111,4/9/2024 10:48:20,000000000000,Shelf -> Other,1,2024-04-09 10:48:20,TAKEOUT,Shelf,,Shelf
3112,4/9/2024 10:48:55,000000001120,Shelf -> Other,1,2024-04-09 10:48:55,TAKEOUT,Shelf,,Shelf
3113,4/11/2024 14:56:46,000000001120,Shelf -> Other,1,2024-04-11 14:56:46,TAKEOUT,Shelf,,Shelf
3114,4/11/2024 18:53:16,000000000024,Shelf -> Other,1,2024-04-11 18:53:16,TAKEOUT,Shelf,,Shelf
3115,4/11/2024 18:53:25,000000000062,Shelf -> Other,1,2024-04-11 18:53:25,TAKEOUT,Shelf,,Shelf
3116,4/12/2024 1:14:0,000000000970,Shelf -> Other,1,2024-04-12 01:14:00,TAKEOUT,Shelf,,Shelf
3117,4/12/2024 1:14:6,000000000550,Shelf -> Other,1,2024-04-12 01:14:06,TAKEOUT,Shelf,,Shelf
3118,4/12/2024 1:14:14,000000000567,Shelf -> Other,1,2024-04-12 01:14:14,TAKEOUT,Shelf,,Shelf
3119,4/12/2024 1:37:7,000000000338,Shelf -> Other,2,2024-04-12 01:37:07,TAKEOUT,Shelf,,Shelf
3120,4/12/2024 1:37:16,000000000369,Shelf -> Other,1,2024-04-12 01:37:16,TAKEOUT,Shelf,,Shelf
3121,4/12/2024 1:37:23,000000001090,Shelf -> Other,1,2024-04-12 01:37:23,TAKEOUT,Shelf,,Shelf
3122,4/12/2024 1:38:29,000000001090,Shelf -> Other,1,2024-04-12 01:38:29,TAKEOUT,Shelf,,Shelf
3123,4/12/2024 1:57:32,000000000383,Shelf -> Other,1,2024-04-12 01:57:32,TAKEOUT,Shelf,,Shelf
3124,4/12/2024 11:38:2,000000000567,Cage -> Shelf,3,2024-04-12 11:38:02,TRANSFER,Cage,Shelf,Shelf
3125,4/12/2024 11:40:41,000000000543,Cage -> Shelf,1,2024-04-12 11:40:41,TRANSFER,Cage,Shelf,Shelf
3126,4/12/2024 11:40:47,000000000550,Cage -> Shelf,2,2024-04-12 11:40:47,TRANSFER,Cage,Shelf,Shelf
3127,4/12/2024 11:44:7,000000000338,Cage -> Shelf,4,2024-04-12 11:44:07,TRANSFER,Cage,Shelf,Shelf
3128,4/12/2024 11:44:40,000000000369,Cage -> Shelf,3,2024-04-12 11:44:40,TRANSFER,Cage,Shelf,Shelf
3129,4/12/2024 11:47:4,000000000345,Cage -> Shelf,4,2024-04-12 11:47:04,TRANSFER,Cage,Shelf,Shelf
3130,4/12/2024 11:47:14,000000000376,Cage -> Shelf,1,2024-04-12 11:47:14,TRANSFER,Cage,Shelf,Shelf
3131,4/12/2024 11:49:48,000000001120,Cage -> Shelf,2,2024-04-12 11:49:48,TRANSFER,Cage,Shelf,Shelf
3132,4/12/2024 11:57:26,000000000840,Cage -> Shelf,12,2024-04-12 11:57:26,TRANSFER,Cage,Shelf,Shelf
3133,4/12/2024 11:58:11,000000000970,Cage -> Shelf,2,2024-04-12 11:58:11,TRANSFER,Cage,Shelf,Shelf
3134,4/12/2024 12:3:13,000000000963,Cage -> Shelf,1,2024-04-12 12:03:13,TRANSFER,Cage,Shelf,Shelf
3135,4/12/2024 12:3:22,000000001151,Cage -> Shelf,1,2024-04-12 12:03:22,TRANSFER,Cage,Shelf,Shelf
3136,4/12/2024 12:13:7,000000000772,Cage -> Shelf,1,2024-04-12 12:13:07,TRANSFER,Cage,Shelf,Shelf
3137,4/12/2024 12:18:49,000000001090,Cage -> Shelf,1,2024-04-12 12:18:49,TRANSFER,Cage,Shelf,Shelf
3138,4/12/2024 12:19:0,000000001014,Cage -> Shelf,1,2024-04-12 12:19:00,TRANSFER,Cage,Shelf,Shelf
3139,4/12/2024 13:22:12,000000000550,Cage -> Shelf,2,2024-04-12 13:22:12,TRANSFER,Cage,Shelf,Shelf
3140,4/12/2024 13:22:29,000000000567,Cage -> Shelf,3,2024-04-12 13:22:29,TRANSFER,Cage,Shelf,Shelf
3141,4/12/2024 13:25:34,000000000338,Cage -> Shelf,3,2024-04-12 13:25:34,TRANSFER,Cage,Shelf,Shelf
3142,4/12/2024 13:26:27,000000001120,Cage -> Shelf,5,2024-04-12 13:26:27,TRANSFER,Cage,Shelf,Shelf
3143,4/12/2024 13:28:22,000000001090,Cage -> Shelf,1,2024-04-12 13:28:22,TRANSFER,Cage,Shelf,Shelf
3144,4/12/2024 13:47:54,000000000239,Cage -> Shelf,1,2024-04-12 13:47:54,TRANSFER,Cage,Shelf,Shelf
3145,4/13/2024 22:0:46,000000000741,Shelf -> Other,1,2024-04-13 22:00:46,TAKEOUT,Shelf,,Shelf
3146,4/14/2024 8:13:15,000000000574,Shelf -> Other,1,2024-04-14 08:13:15,TAKEOUT,Shelf,,Shelf
3147,4/14/2024 8:54:4,000000000369,Shelf -> Other,1,2024-04-14 08:54:04,TAKEOUT,Shelf,,Shelf
3148,4/14/2024 8:55:17,000000000567,Shelf -> Other,1,2024-04-14 08:55:17,TAKEOUT,Shelf,,Shelf
3149,4/14/2024 13:34:12,000000000024,Shelf -> Other,4,2024-04-14 13:34:12,TAKEOUT,Shelf,,Shelf
3150,4/14/2024 23:38:44,000000000741,Shelf -> Other,2,2024-04-14 23:38:44,TAKEOUT,Shelf,,Shelf
3151,4/14/2024 23:40:9,000000000024,Shelf -> Other,1,2024-04-14 23:40:09,TAKEOUT,Shelf,,Shelf
3152,4/15/2024 13:53:44,000000000369,Shelf -> Other,1,2024-04-15 13:53:44,TAKEOUT,Shelf,,Shelf
3153,4/15/2024 19:17:55,000000000741,Shelf -> Other,1,2024-04-15 19:17:55,TAKEOUT,Shelf,,Shelf
3154,4/16/2024 19:11:32,000000000277,Delivery -> Cage,10,2024-04-16 19:11:32,RESTOCK,,Cage,Cage
3155,4/16/2024 19:11:42,000000000277,Cage -> Shelf,2,2024-04-16 19:11:42,TRANSFER,Cage,Shelf,Shelf
3156,4/16/2024 19:47:39,000000000284,Delivery -> Cage,4,2024-04-16 19:47:39,RESTOCK,,Cage,Cage
3157,4/16/2024 19:47:50,000000000260,Delivery -> Cage,4,2024-04-16 19:47:50,RESTOCK,,Cage,Cage
3158,4/16/2024 19:48:8,000000000741,Delivery -> Cage,20,2024-04-16 19:48:08,RESTOCK,,Cage,Cage
3159,4/16/2024 19:48:15,000000000758,Delivery -> Cage,10,2024-04-16 19:48:15,RESTOCK,,Cage,Cage
3160,4/16/2024 19:49:30,000000000567,Delivery -> Cage,20,2024-04-16 19:49:30,RESTOCK,,Cage,Cage
3161,4/17/2024 10:3:3,000000001120,Shelf -> Other,1,2024-04-17 10:03:03,TAKEOUT,Shelf,,Shelf
3162,4/17/2024 20:20:2,000000000024,Shelf -> Other,6,2024-04-17 20:20:02,TAKEOUT,Shelf,,Shelf
3163,4/19/2024 1:30:27,000000000062,Shelf -> Other,2,2024-04-19 01:30:27,TAKEOUT,Shelf,,Shelf
3164,4/19/2024 1:30:40,000000000017,Shelf -> Other,2,2024-04-19 01:30:40,TAKEOUT,Shelf,,Shelf
3165,4/19/2024 1:30:51,000000000093,Shelf -> Other,2,2024-04-19 01:30:51,TAKEOUT,Shelf,,Shelf
3166,4/19/2024 1:31:0,000000000741,Shelf -> Other,1,2024-04-19 01:31:00,TAKEOUT,Shelf,,Shelf
3167,4/19/2024 1:31:26,000000001090,Shelf -> Other,1,2024-04-19 01:31:26,TAKEOUT,Shelf,,Shelf
3168,4/19/2024 14:39:58,000000000741,Cage -> Shelf,4,2024-04-19 14:39:58,TRANSFER,Cage,Shelf,Shelf
3169,4/19/2024 14:44:45,000000000574,Cage -> Shelf,1,2024-04-19 14:44:45,TRANSFER,Cage,Shelf,Shelf
3170,4/20/2024 14:56:36,000000000789,Shelf -> Other,1,2024-04-20 14:56:36,TAKEOUT,Shelf,,Shelf
3171,4/20/2024 14:57:29,000000000062,Shelf -> Other,1,2024-04-20 14:57:29,TAKEOUT,Shelf,,Shelf
3172,4/21/2024 5:0:10,000000000864,Cage -> Other,1,2024-04-21 05:00:10,TAKEOUT,Cage,,Cage
3173,4/21/2024 10:43:44,000000000369,Shelf -> Other,1,2024-04-21 10:43:44,TAKEOUT,Shelf,,Shelf
3174,4/21/2024 18:27:34,000000000369,Shelf -> Other,1,2024-04-21 18:27:34,TAKEOUT,Shelf,,Shelf
3175,4/22/2024 16:27:42,000000001090,Other -> Shelf,4,2024-04-22 16:27:42,TRANSFER,Other,Shelf,Shelf
3176,4/22/2024 16:28:1,000000001090,Delivery -> Cage,26,2024-04-22 16:28:01,RESTOCK,,Cage,Cage
3177,4/22/2024 16:31:32,000000000734,Delivery -> Cage,5,2024-04-22 16:31:32,RESTOCK,,Cage,Cage
3178,4/22/2024 20:58:31,000000000963,Shelf -> Other,1,2024-04-22 20:58:31,TAKEOUT,Shelf,,Shelf
3179,4/22/2024 20:58:36,000000001090,Shelf -> Other,1,2024-04-22 20:58:36,TAKEOUT,Shelf,,Shelf
3180,4/22/2024 20:58:43,000000000024,Shelf -> Other,1,2024-04-22 20:58:43,TAKEOUT,Shelf,,Shelf
3181,4/23/2024 12:51:18,000000000550,Shelf -> Other,1,2024-04-23 12:51:18,TAKEOUT,Shelf,,Shelf
3182,4/23/2024 12:51:57,000000000338,Shelf -> Other,2,2024-04-23 12:51:57,TAKEOUT,Shelf,,Shelf
3183,4/23/2024 12:52:3,000000000369,Shelf -> Other,2,2024-04-23 12:52:03,TAKEOUT,Shelf,,Shelf
3184,4/23/2024 12:52:9,000000000345,Shelf -> Other,2,2024-04-23 12:52:09,TAKEOUT,Shelf,,Shelf
3185,4/23/2024 19:43:43,000000000550,Shelf -> Other,2,2024-04-23 19:43:43,TAKEOUT,Shelf,,Shelf
3186,4/23/2024 19:59:39,000000000017,Shelf -> Other,1,2024-04-23 19:59:39,TAKEOUT,Shelf,,Shelf
3187,4/23/2024 20:7:6,000000000079,RECOUNT - Shelf,2,2024-04-23 20:07:06,COUNT,,Shelf,Shelf
3188,4/23/2024 19:53:3,000000000079,RECOUNT - Shelf,0,2024-04-23 19:53:03,COUNT,,Shelf,Shelf
3189,4/23/2024 20:13:9,000000000079,Shelf -> Cage,1,2024-04-23 20:13:09,TRANSFER,Shelf,Cage,Cage
3190,4/23/2024 20:13:42,000000000079,Cage -> Shelf,1,2024-04-23 20:13:42,TRANSFER,Cage,Shelf,Shelf
3191,4/23/2024 20:14:6,000000000079,Cage -> Shelf,1,2024-04-23 20:14:06,TRANSFER,Cage,Shelf,Shelf
3192,4/23/2024 20:14:20,000000000079,RECOUNT - Shelf,1,2024-04-23 20:14:20,COUNT,,Shelf,Shelf
3193,4/23/2024 20:14:27,000000000079,RECOUNT - Cage,1,2024-04-23 20:14:27,COUNT,,Cage,Cage
3194,4/23/2024 20:14:34,000000000079,Shelf -> Other,1,2024-04-23 20:14:34,TAKEOUT,Shelf,,Shelf
3195,4/23/2024 20:14:53,000000001175,Shelf -> Other,1,2024-04-23 20:14:53,TAKEOUT,Shelf,,Shelf
3196,4/23/2024 22:11:32,000000000567,Shelf -> Other,1,2024-04-23 22:11:32,TAKEOUT,Shelf,,Shelf
3197,4/24/2024 17:6:13,000000001090,Shelf -> Other,1,2024-04-24 17:06:13,TAKEOUT,Shelf,,Shelf
3198,4/24/2024 17:6:22,000000000338,Shelf -> Other,2,2024-04-24 17:06:22,TAKEOUT,Shelf,,Shelf
3199,4/24/2024 17:8:23,000000001144,Shelf -> Other,5,2024-04-24 17:08:23,TAKEOUT,Shelf,,Shelf
3200,4/24/2024 17:10:10,000000000741,Shelf -> Other,1,2024-04-24 17:10:10,TAKEOUT,Shelf,,Shelf
3201,4/24/2024 17:14:11,000000000840,Shelf -> Other,1,2024-04-24 17:14:11,TAKEOUT,Shelf,,Shelf
3202,4/24/2024 17:17:0,000000000550,Shelf -> Other,1,2024-04-24 17:17:00,TAKEOUT,Shelf,,Shelf
3203,4/24/2024 17:17:50,000000000567,Shelf -> Other,1,2024-04-24 17:17:50,TAKEOUT,Shelf,,Shelf
3204,4/24/2024 17:33:42,000000000864,Cage -> Other,1,2024-04-24 17:33:42,TAKEOUT,Cage,,Cage
3205,4/25/2024 9:59:1,000000000369,Shelf -> Other,1,2024-04-25 09:59:01,TAKEOUT,Shelf,,Shelf
3206,4/26/2024 10:58:41,000000000550,Cage -> Shelf,2,2024-04-26 10:58:41,TRANSFER,Cage,Shelf,Shelf
3207,4/26/2024 11:3:21,000000000741,Cage -> Shelf,1,2024-04-26 11:03:21,TRANSFER,Cage,Shelf,Shelf
3208,4/27/2024 13:29:52,000000001090,Shelf -> Other,1,2024-04-27 13:29:52,TAKEOUT,Shelf,,Shelf
3209,4/27/2024 13:29:59,000000000000,Shelf -> Other,1,2024-04-27 13:29:59,TAKEOUT,Shelf,,Shelf
3210,4/27/2024 13:32:56,000000000000,Cage -> Shelf,4,2024-04-27 13:32:56,TRANSFER,Cage,Shelf,Shelf
3211,4/27/2024 22:27:48,000000000246,Shelf -> Other,1,2024-04-27 22:27:48,TAKEOUT,Shelf,,Shelf
3212,4/27/2024 22:27:54,000000000253,Shelf -> Other,1,2024-04-27 22:27:54,TAKEOUT,Shelf,,Shelf
3213,4/27/2024 22:28:0,000000000260,Shelf -> Other,1,2024-04-27 22:28:00,TAKEOUT,Shelf,,Shelf
3214,4/27/2024 22:28:4,000000000277,Shelf -> Other,1,2024-04-27 22:28:04,TAKEOUT,Shelf,,Shelf
3215,4/27/2024 22:28:9,000000000284,Shelf -> Other,1,2024-04-27 22:28:09,TAKEOUT,Shelf,,Shelf
3216,4/27/2024 22:28:14,000000000291,Shelf -> Other,1,2024-04-27 22:28:14,TAKEOUT,Shelf,,Shelf
3217,4/27/2024 22:28:19,000000000307,Shelf -> Other,1,2024-04-27 22:28:19,TAKEOUT,Shelf,,Shelf
3218,4/27/2024 22:33:13,000000000567,Shelf -> Other,1,2024-04-27 22:33:13,TAKEOUT,Shelf,,Shelf
3219,4/27/2024 22:33:21,000000000581,Shelf -> Other,8,2024-04-27 22:33:21,TAKEOUT,Shelf,,Shelf
3220,4/29/2024 20:41:6,000000000338,Shelf -> Other,1,2024-04-29 20:41:06,TAKEOUT,Shelf,,Shelf
3221,4/29/2024 20:41:16,000000000338,Shelf -> Other,1,2024-04-29 20:41:16,TAKEOUT,Shelf,,Shelf
3222,4/29/2024 20:41:23,000000000369,Shelf -> Other,1,2024-04-29 20:41:23,TAKEOUT,Shelf,,Shelf
3223,4/29/2024 20:43:16,000000000567,Shelf -> Other,1,2024-04-29 20:43:16,TAKEOUT,Shelf,,Shelf
3224,4/30/2024 1:5:43,000000000338,Shelf -> Other,2,2024-04-30 01:05:43,TAKEOUT,Shelf,,Shelf
3225,4/30/2024 12:12:35,000000000338,Cage -> Shelf,9,2024-04-30 12:12:35,TRANSFER,Cage,Shelf,Shelf
3226,4/30/2024 12:13:36,000000000369,Cage -> Shelf,5,2024-04-30 12:13:36,TRANSFER,Cage,Shelf,Shelf
3227,4/30/2024 12:16:2,000000000567,Cage -> Shelf,5,2024-04-30 12:16:02,TRANSFER,Cage,Shelf,Shelf
3228,4/30/2024 12:17:23,000000001090,Cage -> Shelf,3,2024-04-30 12:17:23,TRANSFER,Cage,Shelf,Shelf
3229,4/30/2024 12:22:3,000000000567,Shelf -> Other,1,2024-04-30 12:22:03,TAKEOUT,Shelf,,Shelf
3230,4/30/2024 19:56:34,000000001120,Shelf -> Other,1,2024-04-30 19:56:34,TAKEOUT,Shelf,,Shelf
3231,5/1/2024 19:49:28,000000000741,Shelf -> Other,1,2024-05-01 19:49:28,TAKEOUT,Shelf,,Shelf
3232,5/2/2024 12:48:43,000000000383,Cage -> Shelf,2,2024-05-02 12:48:43,TRANSFER,Cage,Shelf,Shelf
3233,5/2/2024 16:31:40,000000000550,Shelf -> Other,1,2024-05-02 16:31:40,TAKEOUT,Shelf,,Shelf
3234,5/3/2024 12:46:15,000000000369,Shelf -> Other,1,2024-05-03 12:46:15,TAKEOUT,Shelf,,Shelf
3235,5/4/2024 5:18:4,000000000024,Shelf -> Other,4,2024-05-04 05:18:04,TAKEOUT,Shelf,,Shelf
3236,5/4/2024 5:18:23,000000000000,Shelf -> Other,1,2024-05-04 05:18:23,TAKEOUT,Shelf,,Shelf
3237,5/4/2024 5:18:28,000000001090,Shelf -> Other,2,2024-05-04 05:18:28,TAKEOUT,Shelf,,Shelf
3238,5/4/2024 15:25:21,000000000970,Shelf -> Other,1,2024-05-04 15:25:21,TAKEOUT,Shelf,,Shelf
3239,5/4/2024 15:25:44,000000000383,Shelf -> Other,1,2024-05-04 15:25:44,TAKEOUT,Shelf,,Shelf
3240,5/4/2024 16:10:11,000000000550,Shelf -> Other,1,2024-05-04 16:10:11,TAKEOUT,Shelf,,Shelf
3241,5/4/2024 18:54:22,000000000093,Shelf -> Other,1,2024-05-04 18:54:22,TAKEOUT,Shelf,,Shelf
3242,5/4/2024 18:54:59,000000000055,Shelf -> Other,4,2024-05-04 18:54:59,TAKEOUT,Shelf,,Shelf
3243,5/4/2024 18:55:32,000000000840,Shelf -> Other,1,2024-05-04 18:55:32,TAKEOUT,Shelf,,Shelf
3244,5/4/2024 18:57:39,000000000024,Shelf -> Other,6,2024-05-04 18:57:39,TAKEOUT,Shelf,,Shelf
3245,5/5/2024 0:10:6,000000000741,Shelf -> Other,1,2024-05-05 00:10:06,TAKEOUT,Shelf,,Shelf
3246,5/5/2024 0:10:23,000000001120,Shelf -> Other,1,2024-05-05 00:10:23,TAKEOUT,Shelf,,Shelf
3247,5/5/2024 0:10:56,000000000840,Shelf -> Other,1,2024-05-05 00:10:56,TAKEOUT,Shelf,,Shelf
3248,5/5/2024 14:47:49,000000000369,Shelf -> Other,1,2024-05-05 14:47:49,TAKEOUT,Shelf,,Shelf
3249,5/6/2024 2:23:24,000000000970,Shelf -> Other,1,2024-05-06 02:23:24,TAKEOUT,Shelf,,Shelf
3250,5/6/2024 2:23:34,000000000338,Shelf -> Other,1,2024-05-06 02:23:34,TAKEOUT,Shelf,,Shelf
3251,5/6/2024 11:4:33,000000001083,Shelf -> Other,2,2024-05-06 11:04:33,TAKEOUT,Shelf,,Shelf
3252,5/6/2024 11:4:53,000000000024,Shelf -> Other,3,2024-05-06 11:04:53,TAKEOUT,Shelf,,Shelf
3253,5/6/2024 11:5:1,000000000840,Shelf -> Other,2,2024-05-06 11:05:01,TAKEOUT,Shelf,,Shelf
3254,5/6/2024 11:5:8,000000000017,Shelf -> Other,1,2024-05-06 11:05:08,TAKEOUT,Shelf,,Shelf
3255,5/6/2024 11:5:12,000000001120,Shelf -> Other,1,2024-05-06 11:05:12,TAKEOUT,Shelf,,Shelf
3256,5/6/2024 13:11:33,000000000338,Shelf -> Other,1,2024-05-06 13:11:33,TAKEOUT,Shelf,,Shelf
3257,5/6/2024 21:7:42,000000000055,Shelf -> Other,1,2024-05-06 21:07:42,TAKEOUT,Shelf,,Shelf
3258,5/6/2024 22:31:50,000000000338,Shelf -> Other,2,2024-05-06 22:31:50,TAKEOUT,Shelf,,Shelf
3259,5/7/2024 10:49:44,000000000970,Cage -> Shelf,2,2024-05-07 10:49:44,TRANSFER,Cage,Shelf,Shelf
3260,5/7/2024 10:59:46,000000000550,Cage -> Shelf,2,2024-05-07 10:59:46,TRANSFER,Cage,Shelf,Shelf
3261,5/7/2024 11:0:21,000000000741,Cage -> Shelf,2,2024-05-07 11:00:21,TRANSFER,Cage,Shelf,Shelf
3262,5/9/2024 13:10:14,000000000567,Shelf -> Other,1,2024-05-09 13:10:14,TAKEOUT,Shelf,,Shelf
3263,5/9/2024 21:57:10,000000000338,Shelf -> Other,1,2024-05-09 21:57:10,TAKEOUT,Shelf,,Shelf
3264,5/9/2024 21:58:37,000000000451,Shelf -> Other,2,2024-05-09 21:58:37,TAKEOUT,Shelf,,Shelf
3265,5/9/2024 22:5:17,000000000772,Shelf -> Other,1,2024-05-09 22:05:17,TAKEOUT,Shelf,,Shelf
3266,5/9/2024 22:5:32,000000000765,Shelf -> Other,1,2024-05-09 22:05:32,TAKEOUT,Shelf,,Shelf
3267,5/10/2024 16:38:50,000000000345,Shelf -> Other,1,2024-05-10 16:38:50,TAKEOUT,Shelf,,Shelf
3268,5/10/2024 19:18:28,000000000345,Shelf -> Other,2,2024-05-10 19:18:28,TAKEOUT,Shelf,,Shelf
3269,5/10/2024 19:19:45,000000000338,Shelf -> Other,1,2024-05-10 19:19:45,TAKEOUT,Shelf,,Shelf
3270,5/11/2024 23:35:26,000000000581,Shelf -> Other,13,2024-05-11 23:35:26,TAKEOUT,Shelf,,Shelf
3271,5/12/2024 0:44:21,000000000581,Shelf -> Other,5,2024-05-12 00:44:21,TAKEOUT,Shelf,,Shelf
3272,5/13/2024 19:6:18,000000001144,Shelf -> Other,2,2024-05-13 19:06:18,TAKEOUT,Shelf,,Shelf
3273,5/14/2024 15:47:41,000000000017,Shelf -> Other,1,2024-05-14 15:47:41,TAKEOUT,Shelf,,Shelf
3274,5/14/2024 15:47:54,000000000000,Shelf -> Other,1,2024-05-14 15:47:54,TAKEOUT,Shelf,,Shelf
3275,5/15/2024 12:2:33,000000000369,Shelf -> Other,1,2024-05-15 12:02:33,TAKEOUT,Shelf,,Shelf
3276,5/18/2024 11:23:55,000000000550,Shelf -> Other,1,2024-05-18 11:23:55,TAKEOUT,Shelf,,Shelf
3277,5/18/2024 15:52:22,000000000345,Cage -> Shelf,5,2024-05-18 15:52:22,TRANSFER,Cage,Shelf,Shelf
3278,5/18/2024 15:52:55,000000000338,Cage -> Shelf,4,2024-05-18 15:52:55,TRANSFER,Cage,Shelf,Shelf
3279,5/19/2024 5:51:56,000000000840,Shelf -> Other,1,2024-05-19 05:51:56,TAKEOUT,Shelf,,Shelf
3280,5/19/2024 5:52:5,000000000024,Shelf -> Other,2,2024-05-19 05:52:05,TAKEOUT,Shelf,,Shelf
3281,5/19/2024 5:52:40,000000001120,Shelf -> Other,1,2024-05-19 05:52:40,TAKEOUT,Shelf,,Shelf
3282,5/19/2024 5:52:47,000000000000,Shelf -> Other,1,2024-05-19 05:52:47,TAKEOUT,Shelf,,Shelf
3283,5/20/2024 7:39:37,000000000017,Shelf -> Other,1,2024-05-20 07:39:37,TAKEOUT,Shelf,,Shelf
3284,5/20/2024 7:39:43,000000000000,Shelf -> Other,1,2024-05-20 07:39:43,TAKEOUT,Shelf,,Shelf
3285,5/20/2024 20:49:24,000000000338,Shelf -> Other,1,2024-05-20 20:49:24,TAKEOUT,Shelf,,Shelf
3286,5/20/2024 20:58:19,000000000932,Shelf -> Other,1,2024-05-20 20:58:19,TAKEOUT,Shelf,,Shelf
3287,5/21/2024 12:26:8,000000000338,Shelf -> Other,2,2024-05-21 12:26:08,TAKEOUT,Shelf,,Shelf
3288,5/21/2024 12:26:41,000000000345,Shelf -> Other,1,2024-05-21 12:26:41,TAKEOUT,Shelf,,Shelf
3289,5/21/2024 13:19:40,000000000338,Cage -> Shelf,2,2024-05-21 13:19:40,TRANSFER,Cage,Shelf,Shelf
3290,5/21/2024 13:20:20,000000000093,Cage -> Shelf,2,2024-05-21 13:20:20,TRANSFER,Cage,Shelf,Shelf
3291,5/21/2024 13:20:26,000000001090,Cage -> Shelf,2,2024-05-21 13:20:26,TRANSFER,Cage,Shelf,Shelf
3292,5/21/2024 13:20:38,000000000093,Cage -> Other,2,2024-05-21 13:20:38,TAKEOUT,Cage,,Cage
3293,5/21/2024 13:23:28,000000000369,Cage -> Shelf,2,2024-05-21 13:23:28,TRANSFER,Cage,Shelf,Shelf
3294,5/21/2024 13:30:6,000000000369,Cage -> Shelf,1,2024-05-21 13:30:06,TRANSFER,Cage,Shelf,Shelf
3295,5/21/2024 13:31:20,000000000550,Shelf -> Other,1,2024-05-21 13:31:20,TAKEOUT,Shelf,,Shelf
3296,5/21/2024 13:31:26,000000000567,Shelf -> Other,1,2024-05-21 13:31:26,TAKEOUT,Shelf,,Shelf
3297,5/21/2024 13:38:43,000000000550,Cage -> Shelf,2,2024-05-21 13:38:43,TRANSFER,Cage,Shelf,Shelf
3298,5/21/2024 13:38:48,000000000567,Cage -> Shelf,2,2024-05-21 13:38:48,TRANSFER,Cage,Shelf,Shelf
3299,5/21/2024 15:8:29,000000000062,Shelf -> Other,3,2024-05-21 15:08:29,TAKEOUT,Shelf,,Shelf
3300,5/21/2024 15:11:43,000000000567,Shelf -> Other,1,2024-05-21 15:11:43,TAKEOUT,Shelf,,Shelf
3301,5/22/2024 20:31:2,000000000550,Shelf -> Other,1,2024-05-22 20:31:02,TAKEOUT,Shelf,,Shelf
3302,5/24/2024 15:21:9,000000000567,Shelf -> Other,1,2024-05-24 15:21:09,TAKEOUT,Shelf,,Shelf
3303,5/24/2024 16:9:9,000000000734,Shelf -> Other,1,2024-05-24 16:09:09,TAKEOUT,Shelf,,Shelf
3304,5/26/2024 19:53:12,000000001090,Shelf -> Other,1,2024-05-26 19:53:12,TAKEOUT,Shelf,,Shelf
3305,5/26/2024 23:40:49,000000000192,Shelf -> Other,1,2024-05-26 23:40:49,TAKEOUT,Shelf,,Shelf
3306,5/26/2024 23:41:23,000000000215,Shelf -> Other,1,2024-05-26 23:41:23,TAKEOUT,Shelf,,Shelf
3307,5/26/2024 23:44:12,000000001007,Cage -> Other,1,2024-05-26 23:44:12,TAKEOUT,Cage,,Cage
3308,5/26/2024 23:50:15,000000001151,Shelf -> Other,1,2024-05-26 23:50:15,TAKEOUT,Shelf,,Shelf
3309,5/26/2024 23:52:1,000000000451,Shelf -> Other,1,2024-05-26 23:52:01,TAKEOUT,Shelf,,Shelf
3310,5/26/2024 23:52:34,000000000536,Shelf -> Other,1,2024-05-26 23:52:34,TAKEOUT,Shelf,,Shelf
3311,5/27/2024 8:18:55,000000000567,Shelf -> Other,1,2024-05-27 08:18:55,TAKEOUT,Shelf,,Shelf
3312,5/27/2024 8:19:2,000000000574,Shelf -> Other,1,2024-05-27 08:19:02,TAKEOUT,Shelf,,Shelf
3313,5/27/2024 8:19:20,000000000338,Shelf -> Other,1,2024-05-27 08:19:20,TAKEOUT,Shelf,,Shelf
3314,5/27/2024 8:19:46,000000000970,Shelf -> Other,1,2024-05-27 08:19:46,TAKEOUT,Shelf,,Shelf
3315,5/27/2024 8:21:41,000000000383,Shelf -> Other,1,2024-05-27 08:21:41,TAKEOUT,Shelf,,Shelf
3316,5/27/2024 20:29:0,000000000536,Shelf -> Other,1,2024-05-27 20:29:00,TAKEOUT,Shelf,,Shelf
3317,5/29/2024 13:22:59,000000000369,Shelf -> Other,1,2024-05-29 13:22:59,TAKEOUT,Shelf,,Shelf
3318,5/29/2024 13:23:17,000000000024,Shelf -> Other,1,2024-05-29 13:23:17,TAKEOUT,Shelf,,Shelf
3319,5/29/2024 14:59:5,000000000338,Shelf -> Other,1,2024-05-29 14:59:05,TAKEOUT,Shelf,,Shelf
3320,5/29/2024 14:59:14,000000000451,Shelf -> Other,1,2024-05-29 14:59:14,TAKEOUT,Shelf,,Shelf
3321,5/29/2024 14:59:43,000000000536,Shelf -> Other,1,2024-05-29 14:59:43,TAKEOUT,Shelf,,Shelf
3322,5/30/2024 21:56:36,000000000338,Shelf -> Other,1,2024-05-30 21:56:36,TAKEOUT,Shelf,,Shelf
3323,5/30/2024 22:3:44,000000000024,Shelf -> Other,3,2024-05-30 22:03:44,TAKEOUT,Shelf,,Shelf
3324,5/30/2024 22:4:17,000000000338,Shelf -> Other,1,2024-05-30 22:04:17,TAKEOUT,Shelf,,Shelf
3325,5/30/2024 22:5:15,000000000451,Cage -> Shelf,4,2024-05-30 22:05:15,TRANSFER,Cage,Shelf,Shelf
3326,5/30/2024 22:5:25,000000000536,Cage -> Shelf,5,2024-05-30 22:05:25,TRANSFER,Cage,Shelf,Shelf
3327,5/30/2024 23:35:56,000000000338,Shelf -> Other,1,2024-05-30 23:35:56,TAKEOUT,Shelf,,Shelf
3328,5/31/2024 9:45:45,000000000741,Shelf -> Other,1,2024-05-31 09:45:45,TAKEOUT,Shelf,,Shelf
3329,5/31/2024 9:51:5,000000000550,Shelf -> Other,1,2024-05-31 09:51:05,TAKEOUT,Shelf,,Shelf
3330,5/31/2024 9:51:20,000000000055,Shelf -> Other,3,2024-05-31 09:51:20,TAKEOUT,Shelf,,Shelf
3331,5/31/2024 9:51:46,000000001120,Shelf -> Other,2,2024-05-31 09:51:46,TAKEOUT,Shelf,,Shelf
3332,5/31/2024 9:52:7,000000000062,Shelf -> Other,4,2024-05-31 09:52:07,TAKEOUT,Shelf,,Shelf
3333,5/31/2024 9:52:57,000000000017,Shelf -> Other,3,2024-05-31 09:52:57,TAKEOUT,Shelf,,Shelf
3334,5/31/2024 9:55:28,000000000024,Shelf -> Other,7,2024-05-31 09:55:28,TAKEOUT,Shelf,,Shelf
3335,5/31/2024 11:17:25,000000000055,Shelf -> Other,1,2024-05-31 11:17:25,TAKEOUT,Shelf,,Shelf
3336,5/31/2024 11:17:38,000000000024,Shelf -> Other,1,2024-05-31 11:17:38,TAKEOUT,Shelf,,Shelf
3337,5/31/2024 11:18:10,000000000017,Shelf -> Other,1,2024-05-31 11:18:10,TAKEOUT,Shelf,,Shelf
3338,6/2/2024 1:7:36,000000000024,Shelf -> Other,5,2024-06-02 01:07:36,TAKEOUT,Shelf,,Shelf
3339,6/2/2024 1:8:11,000000000055,Shelf -> Other,1,2024-06-02 01:08:11,TAKEOUT,Shelf,,Shelf
3340,6/2/2024 1:8:16,000000000000,Shelf -> Other,1,2024-06-02 01:08:16,TAKEOUT,Shelf,,Shelf
3341,6/2/2024 1:11:39,000000000000,Cage -> Other,1,2024-06-02 01:11:39,TAKEOUT,Cage,,Cage
3342,6/2/2024 1:19:8,000000000000,Cage -> Shelf,3,2024-06-02 01:19:08,TRANSFER,Cage,Shelf,Shelf
3343,6/2/2024 13:57:23,000000000567,Shelf -> Other,1,2024-06-02 13:57:23,TAKEOUT,Shelf,,Shelf
3344,6/2/2024 13:58:2,000000000017,Shelf -> Other,1,2024-06-02 13:58:02,TAKEOUT,Shelf,,Shelf
3345,6/2/2024 13:58:39,000000000000,Shelf -> Other,2,2024-06-02 13:58:39,TAKEOUT,Shelf,,Shelf
3346,6/2/2024 14:3:18,000000000550,Shelf -> Other,1,2024-06-02 14:03:18,TAKEOUT,Shelf,,Shelf
3347,6/2/2024 14:9:40,000000000338,Cage -> Shelf,6,2024-06-02 14:09:40,TRANSFER,Cage,Shelf,Shelf
3348,6/2/2024 14:9:55,000000000024,Cage -> Shelf,100,2024-06-02 14:09:55,TRANSFER,Cage,Shelf,Shelf
3349,6/2/2024 14:10:30,000000000017,Cage -> Shelf,20,2024-06-02 14:10:30,TRANSFER,Cage,Shelf,Shelf
3350,6/2/2024 14:11:35,000000000581,Cage -> Shelf,50,2024-06-02 14:11:35,TRANSFER,Cage,Shelf,Shelf
3351,6/3/2024 6:11:33,000000000383,Shelf -> Other,1,2024-06-03 06:11:33,TAKEOUT,Shelf,,Shelf
3352,6/3/2024 6:14:16,000000000192,Shelf -> Other,1,2024-06-03 06:14:16,TAKEOUT,Shelf,,Shelf
3353,6/3/2024 6:23:4,000000000192,Cage -> Shelf,1,2024-06-03 06:23:04,TRANSFER,Cage,Shelf,Shelf
3354,6/3/2024 6:23:9,000000000192,Cage -> Shelf,1,2024-06-03 06:23:09,TRANSFER,Cage,Shelf,Shelf
3355,6/3/2024 6:24:2,000000000260,Shelf -> Other,1,2024-06-03 06:24:02,TAKEOUT,Shelf,,Shelf
3356,6/3/2024 6:24:7,000000000321,Shelf -> Other,1,2024-06-03 06:24:07,TAKEOUT,Shelf,,Shelf
3357,6/3/2024 6:25:46,000000000567,Shelf -> Other,1,2024-06-03 06:25:46,TAKEOUT,Shelf,,Shelf
3358,6/3/2024 6:28:9,000000000260,Cage -> Shelf,2,2024-06-03 06:28:09,TRANSFER,Cage,Shelf,Shelf
3359,6/3/2024 14:55:13,000000000840,Shelf -> Other,1,2024-06-03 14:55:13,TAKEOUT,Shelf,,Shelf
3360,6/3/2024 14:55:22,000000000789,Shelf -> Other,1,2024-06-03 14:55:22,TAKEOUT,Shelf,,Shelf
3361,6/3/2024 16:24:7,000000000055,Shelf -> Other,1,2024-06-03 16:24:07,TAKEOUT,Shelf,,Shelf
3362,6/3/2024 19:34:27,000000000369,Shelf -> Other,1,2024-06-03 19:34:27,TAKEOUT,Shelf,,Shelf
3363,6/3/2024 20:27:55,000000000369,Shelf -> Other,1,2024-06-03 20:27:55,TAKEOUT,Shelf,,Shelf
3364,6/3/2024 20:33:41,000000000369,Shelf -> Other,1,2024-06-03 20:33:41,TAKEOUT,Shelf,,Shelf
3365,6/3/2024 20:48:12,000000000369,Shelf -> Other,1,2024-06-03 20:48:12,TAKEOUT,Shelf,,Shelf
3366,6/3/2024 20:48:49,000000000024,Shelf -> Other,3,2024-06-03 20:48:49,TAKEOUT,Shelf,,Shelf
3367,6/3/2024 20:49:53,000000001120,Shelf -> Other,1,2024-06-03 20:49:53,TAKEOUT,Shelf,,Shelf
3368,6/3/2024 20:50:11,000000000062,Shelf -> Other,2,2024-06-03 20:50:11,TAKEOUT,Shelf,,Shelf
3369,6/3/2024 20:53:48,000000001120,Shelf -> Other,2,2024-06-03 20:53:48,TAKEOUT,Shelf,,Shelf
3370,6/3/2024 20:55:45,000000000840,Shelf -> Other,6,2024-06-03 20:55:45,TAKEOUT,Shelf,,Shelf
3371,6/3/2024 20:56:59,000000000000,Shelf -> Other,1,2024-06-03 20:56:59,TAKEOUT,Shelf,,Shelf
3372,6/3/2024 20:57:20,000000000024,Shelf -> Other,1,2024-06-03 20:57:20,TAKEOUT,Shelf,,Shelf
3373,6/3/2024 20:58:27,000000000000,Cage -> Shelf,4,2024-06-03 20:58:27,TRANSFER,Cage,Shelf,Shelf
3374,6/3/2024 21:1:16,000000001090,Shelf -> Other,1,2024-06-03 21:01:16,TAKEOUT,Shelf,,Shelf
3375,6/3/2024 21:1:52,000000001120,Cage -> Shelf,24,2024-06-03 21:01:52,TRANSFER,Cage,Shelf,Shelf
3376,6/3/2024 21:2:9,000000001137,Cage -> Shelf,16,2024-06-03 21:02:09,TRANSFER,Cage,Shelf,Shelf
3377,6/3/2024 21:3:9,000000000369,Cage -> Shelf,10,2024-06-03 21:03:09,TRANSFER,Cage,Shelf,Shelf
3378,6/3/2024 21:7:4,000000001120,Shelf -> Other,2,2024-06-03 21:07:04,TAKEOUT,Shelf,,Shelf
3379,6/3/2024 21:8:0,000000000338,Shelf -> Other,3,2024-06-03 21:08:00,TAKEOUT,Shelf,,Shelf
3380,6/3/2024 21:8:6,000000000369,Shelf -> Other,1,2024-06-03 21:08:06,TAKEOUT,Shelf,,Shelf
3381,6/3/2024 21:8:40,000000000024,Shelf -> Other,3,2024-06-03 21:08:40,TAKEOUT,Shelf,,Shelf
3382,6/3/2024 21:8:41,000000000024,Shelf -> Other,3,2024-06-03 21:08:41,TAKEOUT,Shelf,,Shelf
3383,6/3/2024 21:8:47,000000000017,Shelf -> Other,2,2024-06-03 21:08:47,TAKEOUT,Shelf,,Shelf
3384,6/3/2024 21:9:46,000000000055,Shelf -> Other,1,2024-06-03 21:09:46,TAKEOUT,Shelf,,Shelf
3385,6/3/2024 21:9:50,000000000062,Shelf -> Other,1,2024-06-03 21:09:50,TAKEOUT,Shelf,,Shelf
3386,6/3/2024 21:9:57,000000000055,Shelf -> Other,1,2024-06-03 21:09:57,TAKEOUT,Shelf,,Shelf
3387,6/3/2024 21:10:57,000000000963,Shelf -> Other,1,2024-06-03 21:10:57,TAKEOUT,Shelf,,Shelf
3388,6/3/2024 21:14:43,000000000369,Shelf -> Other,1,2024-06-03 21:14:43,TAKEOUT,Shelf,,Shelf
3389,6/4/2024 2:9:19,000000000567,Shelf -> Other,1,2024-06-04 02:09:19,TAKEOUT,Shelf,,Shelf
3390,6/4/2024 2:9:35,000000000574,Shelf -> Other,1,2024-06-04 02:09:35,TAKEOUT,Shelf,,Shelf
3391,6/4/2024 2:10:21,000000000574,Shelf -> Other,1,2024-06-04 02:10:21,TAKEOUT,Shelf,,Shelf
3392,6/4/2024 10:43:32,000000000550,Cage -> Shelf,3,2024-06-04 10:43:32,TRANSFER,Cage,Shelf,Shelf
3393,6/4/2024 10:43:42,000000000567,Cage -> Shelf,4,2024-06-04 10:43:42,TRANSFER,Cage,Shelf,Shelf
3394,6/4/2024 10:43:47,000000000574,Cage -> Shelf,3,2024-06-04 10:43:47,TRANSFER,Cage,Shelf,Shelf
3395,6/4/2024 10:48:8,000000000963,Cage -> Shelf,2,2024-06-04 10:48:08,TRANSFER,Cage,Shelf,Shelf
3396,6/4/2024 10:54:58,000000000383,Cage -> Shelf,2,2024-06-04 10:54:58,TRANSFER,Cage,Shelf,Shelf
3397,6/4/2024 10:57:11,000000000840,Cage -> Shelf,12,2024-06-04 10:57:11,TRANSFER,Cage,Shelf,Shelf
3398,6/4/2024 10:57:47,000000000789,Cage -> Shelf,1,2024-06-04 10:57:47,TRANSFER,Cage,Shelf,Shelf
3399,6/4/2024 10:59:8,000000001090,Cage -> Shelf,1,2024-06-04 10:59:08,TRANSFER,Cage,Shelf,Shelf
3400,6/5/2024 21:23:37,000000001120,Shelf -> Other,4,2024-06-05 21:23:37,TAKEOUT,Shelf,,Shelf
3401,6/6/2024 10:25:6,000000000369,Shelf -> Other,2,2024-06-06 10:25:06,TAKEOUT,Shelf,,Shelf
3402,6/6/2024 10:25:15,000000000338,Shelf -> Other,2,2024-06-06 10:25:15,TAKEOUT,Shelf,,Shelf
3403,6/6/2024 21:14:8,000000000369,Shelf -> Other,1,2024-06-06 21:14:08,TAKEOUT,Shelf,,Shelf
3404,6/6/2024 21:14:21,000000000338,Shelf -> Other,1,2024-06-06 21:14:21,TAKEOUT,Shelf,,Shelf
3405,6/6/2024 21:18:25,000000000451,Shelf -> Other,2,2024-06-06 21:18:25,TAKEOUT,Shelf,,Shelf
3406,6/6/2024 21:24:18,000000000314,Shelf -> Other,1,2024-06-06 21:24:18,TAKEOUT,Shelf,,Shelf
3407,6/6/2024 21:25:30,000000000062,Shelf -> Other,2,2024-06-06 21:25:30,TAKEOUT,Shelf,,Shelf
3408,6/6/2024 21:28:40,000000001090,Shelf -> Other,2,2024-06-06 21:28:40,TAKEOUT,Shelf,,Shelf
3409,6/8/2024 1:45:4,000000000550,Shelf -> Other,1,2024-06-08 01:45:04,TAKEOUT,Shelf,,Shelf
3410,6/8/2024 1:45:24,000000000024,Shelf -> Other,2,2024-06-08 01:45:24,TAKEOUT,Shelf,,Shelf
3411,6/8/2024 1:45:43,000000000055,Shelf -> Other,1,2024-06-08 01:45:43,TAKEOUT,Shelf,,Shelf
3412,6/9/2024 11:5:16,000000000062,Shelf -> Other,1,2024-06-09 11:05:16,TAKEOUT,Shelf,,Shelf
3413,6/9/2024 11:5:34,000000000024,Shelf -> Other,6,2024-06-09 11:05:34,TAKEOUT,Shelf,,Shelf
3414,6/9/2024 21:1:11,000000000024,Shelf -> Other,8,2024-06-09 21:01:11,TAKEOUT,Shelf,,Shelf
3415,6/9/2024 21:2:53,000000000000,Shelf -> Other,1,2024-06-09 21:02:53,TAKEOUT,Shelf,,Shelf
3416,6/9/2024 21:36:8,000000000024,Shelf -> Other,10,2024-06-09 21:36:08,TAKEOUT,Shelf,,Shelf
3417,6/9/2024 21:37:14,000000000789,Shelf -> Other,1,2024-06-09 21:37:14,TAKEOUT,Shelf,,Shelf
3418,6/10/2024 20:28:5,000000000789,Cage -> Shelf,1,2024-06-10 20:28:05,TRANSFER,Cage,Shelf,Shelf
3419,6/10/2024 20:28:28,000000000024,Cage -> Shelf,100,2024-06-10 20:28:28,TRANSFER,Cage,Shelf,Shelf
3420,6/10/2024 20:29:43,000000000062,Cage -> Shelf,24,2024-06-10 20:29:43,TRANSFER,Cage,Shelf,Shelf
3421,6/10/2024 20:58:31,000000000338,Cage -> Shelf,6,2024-06-10 20:58:31,TRANSFER,Cage,Shelf,Shelf
3422,6/10/2024 21:39:6,000000000253,Shelf -> Other,1,2024-06-10 21:39:06,TAKEOUT,Shelf,,Shelf
3423,6/10/2024 21:44:16,000000000338,Shelf -> Other,2,2024-06-10 21:44:16,TAKEOUT,Shelf,,Shelf
3424,6/10/2024 21:44:23,000000000369,Shelf -> Other,3,2024-06-10 21:44:23,TAKEOUT,Shelf,,Shelf
3425,6/10/2024 21:46:51,000000001083,Shelf -> Other,2,2024-06-10 21:46:51,TAKEOUT,Shelf,,Shelf
3426,6/10/2024 21:54:38,000000000000,Shelf -> Other,1,2024-06-10 21:54:38,TAKEOUT,Shelf,,Shelf
3427,6/11/2024 3:5:27,000000000741,Shelf -> Other,1,2024-06-11 03:05:27,TAKEOUT,Shelf,,Shelf
3428,6/11/2024 9:3:47,000000000055,Shelf -> Other,1,2024-06-11 09:03:47,TAKEOUT,Shelf,,Shelf
3429,6/11/2024 9:4:0,000000000024,Shelf -> Other,3,2024-06-11 09:04:00,TAKEOUT,Shelf,,Shelf
3430,6/11/2024 9:4:9,000000000062,Shelf -> Other,2,2024-06-11 09:04:09,TAKEOUT,Shelf,,Shelf
3431,6/12/2024 7:31:51,000000000031,Shelf -> Other,1,2024-06-12 07:31:51,TAKEOUT,Shelf,,Shelf
3432,6/12/2024 8:20:27,000000000338,Shelf -> Other,1,2024-06-12 08:20:27,TAKEOUT,Shelf,,Shelf
3433,6/12/2024 11:57:27,000000001007,Cage -> Shelf,1,2024-06-12 11:57:27,TRANSFER,Cage,Shelf,Shelf
3434,6/12/2024 11:57:49,000000001007,Shelf -> Other,1,2024-06-12 11:57:49,TAKEOUT,Shelf,,Shelf
3435,6/12/2024 12:27:9,000000000314,Shelf -> Other,1,2024-06-12 12:27:09,TAKEOUT,Shelf,,Shelf
3436,6/12/2024 12:27:16,000000000321,Shelf -> Other,2,2024-06-12 12:27:16,TAKEOUT,Shelf,,Shelf
3437,6/12/2024 12:28:6,000000000383,Shelf -> Other,1,2024-06-12 12:28:06,TAKEOUT,Shelf,,Shelf
3438,6/12/2024 12:28:56,000000000451,Shelf -> Other,1,2024-06-12 12:28:56,TAKEOUT,Shelf,,Shelf
3439,6/12/2024 12:31:21,000000000208,Shelf -> Other,1,2024-06-12 12:31:21,TAKEOUT,Shelf,,Shelf
3440,6/12/2024 12:35:35,000000001151,Cage -> Shelf,1,2024-06-12 12:35:35,TRANSFER,Cage,Shelf,Shelf
3441,6/12/2024 12:35:44,000000001151,Shelf -> Other,1,2024-06-12 12:35:44,TAKEOUT,Shelf,,Shelf
3442,6/12/2024 12:39:27,000000000383,Shelf -> Other,1,2024-06-12 12:39:27,TAKEOUT,Shelf,,Shelf
3443,6/12/2024 12:44:40,000000001090,Cage -> Shelf,12,2024-06-12 12:44:40,TRANSFER,Cage,Shelf,Shelf
3444,6/12/2024 12:44:58,000000001090,Shelf -> Other,3,2024-06-12 12:44:58,TAKEOUT,Shelf,,Shelf
3445,6/12/2024 12:46:7,000000001090,Shelf -> Other,3,2024-06-12 12:46:07,TAKEOUT,Shelf,,Shelf
3446,6/12/2024 12:46:18,000000001090,Shelf -> Other,2,2024-06-12 12:46:18,TAKEOUT,Shelf,,Shelf
3447,6/12/2024 14:18:58,000000000031,Cage -> Shelf,2,2024-06-12 14:18:58,TRANSFER,Cage,Shelf,Shelf
3448,6/12/2024 14:19:18,000000001151,Cage -> Shelf,1,2024-06-12 14:19:18,TRANSFER,Cage,Shelf,Shelf
3449,6/12/2024 14:19:34,000000001151,RECOUNT - Cage,2,2024-06-12 14:19:34,COUNT,,Cage,Cage
3450,6/12/2024 14:21:49,000000000383,Cage -> Shelf,3,2024-06-12 14:21:49,TRANSFER,Cage,Shelf,Shelf
3451,6/12/2024 14:21:55,000000000741,Cage -> Shelf,3,2024-06-12 14:21:55,TRANSFER,Cage,Shelf,Shelf
3452,6/12/2024 14:24:17,000000000451,Cage -> Shelf,4,2024-06-12 14:24:17,TRANSFER,Cage,Shelf,Shelf
3453,6/12/2024 14:24:24,000000000567,Cage -> Shelf,4,2024-06-12 14:24:24,TRANSFER,Cage,Shelf,Shelf
3454,6/12/2024 14:26:38,000000000000,Cage -> Shelf,4,2024-06-12 14:26:38,TRANSFER,Cage,Shelf,Shelf
3455,6/12/2024 14:29:23,000000000055,Cage -> Shelf,12,2024-06-12 14:29:23,TRANSFER,Cage,Shelf,Shelf
3456,6/12/2024 14:31:32,000000000338,Cage -> Shelf,6,2024-06-12 14:31:32,TRANSFER,Cage,Shelf,Shelf
3457,6/12/2024 14:32:14,000000000369,Cage -> Shelf,15,2024-06-12 14:32:14,TRANSFER,Cage,Shelf,Shelf
3458,6/13/2024 10:32:52,000000000567,Shelf -> Other,1,2024-06-13 10:32:52,TAKEOUT,Shelf,,Shelf
3459,6/14/2024 15:50:12,000000001151,Shelf -> Other,1,2024-06-14 15:50:12,TAKEOUT,Shelf,,Shelf
3460,6/14/2024 15:55:32,000000001120,Shelf -> Other,5,2024-06-14 15:55:32,TAKEOUT,Shelf,,Shelf
3461,6/14/2024 16:17:38,000000000383,Shelf -> Other,1,2024-06-14 16:17:38,TAKEOUT,Shelf,,Shelf
3462,6/14/2024 16:27:54,000000000567,Shelf -> Other,1,2024-06-14 16:27:54,TAKEOUT,Shelf,,Shelf
3463,6/15/2024 2:50:50,000000000086,Shelf -> Other,1,2024-06-15 02:50:50,TAKEOUT,Shelf,,Shelf
3464,6/15/2024 2:51:17,000000000000,Shelf -> Other,1,2024-06-15 02:51:17,TAKEOUT,Shelf,,Shelf
3465,6/15/2024 2:51:51,000000000062,Shelf -> Other,1,2024-06-15 02:51:51,TAKEOUT,Shelf,,Shelf
3466,6/15/2024 2:51:57,000000000024,Shelf -> Other,3,2024-06-15 02:51:57,TAKEOUT,Shelf,,Shelf
3467,6/15/2024 11:19:3,000000000338,Shelf -> Other,1,2024-06-15 11:19:03,TAKEOUT,Shelf,,Shelf
3468,6/15/2024 11:37:11,000000001137,Shelf -> Other,1,2024-06-15 11:37:11,TAKEOUT,Shelf,,Shelf
3469,6/15/2024 11:37:33,000000001120,Shelf -> Other,1,2024-06-15 11:37:33,TAKEOUT,Shelf,,Shelf
3470,6/15/2024 11:58:17,000000000369,Shelf -> Other,1,2024-06-15 11:58:17,TAKEOUT,Shelf,,Shelf
3471,6/15/2024 11:58:38,000000000055,Shelf -> Other,1,2024-06-15 11:58:38,TAKEOUT,Shelf,,Shelf
3472,6/15/2024 16:18:8,000000001120,Shelf -> Other,1,2024-06-15 16:18:08,TAKEOUT,Shelf,,Shelf
3473,6/16/2024 17:28:12,000000000789,Shelf -> Other,1,2024-06-16 17:28:12,TAKEOUT,Shelf,,Shelf
3474,6/16/2024 17:28:24,000000000840,Shelf -> Other,2,2024-06-16 17:28:24,TAKEOUT,Shelf,,Shelf
3475,6/16/2024 23:46:29,000000000338,Shelf -> Other,1,2024-06-16 23:46:29,TAKEOUT,Shelf,,Shelf
3476,6/17/2024 19:38:7,000000000369,Shelf -> Other,5,2024-06-17 19:38:07,TAKEOUT,Shelf,,Shelf
3477,6/17/2024 22:48:12,000000000741,Shelf -> Other,1,2024-06-17 22:48:12,TAKEOUT,Shelf,,Shelf
3478,6/17/2024 22:49:30,000000000741,Shelf -> Other,1,2024-06-17 22:49:30,TAKEOUT,Shelf,,Shelf
3479,6/17/2024 23:51:8,000000001120,Shelf -> Other,1,2024-06-17 23:51:08,TAKEOUT,Shelf,,Shelf
3480,6/17/2024 23:53:17,000000000024,Shelf -> Other,5,2024-06-17 23:53:17,TAKEOUT,Shelf,,Shelf
3481,6/19/2024 18:34:29,000000000000,Delivery -> Cage,24,2024-06-19 18:34:29,RESTOCK,,Cage,Cage
3482,6/19/2024 18:34:39,000000000369,Delivery -> Cage,50,2024-06-19 18:34:39,RESTOCK,,Cage,Cage
3483,6/19/2024 18:38:13,000000001120,Delivery -> Cage,48,2024-06-19 18:38:13,RESTOCK,,Cage,Cage
3484,6/19/2024 18:43:51,000000000369,Cage -> Shelf,7,2024-06-19 18:43:51,TRANSFER,Cage,Shelf,Shelf
3485,6/19/2024 18:47:24,000000001007,Delivery -> Cage,3,2024-06-19 18:47:24,RESTOCK,,Cage,Cage
3486,6/19/2024 18:47:34,000000001007,RECOUNT - Cage,4,2024-06-19 18:47:34,COUNT,,Cage,Cage
3487,6/19/2024 18:47:48,000000000741,Delivery -> Cage,10,2024-06-19 18:47:48,RESTOCK,,Cage,Cage
3488,6/19/2024 18:48:1,000000000567,Delivery -> Cage,10,2024-06-19 18:48:01,RESTOCK,,Cage,Cage
3489,6/19/2024 18:48:11,000000000970,Delivery -> Cage,5,2024-06-19 18:48:11,RESTOCK,,Cage,Cage
3490,6/19/2024 18:51:45,000000000369,Delivery -> Cage,50,2024-06-19 18:51:45,RESTOCK,,Cage,Cage
3491,6/19/2024 18:51:59,000000000338,Delivery -> Cage,50,2024-06-19 18:51:59,RESTOCK,,Cage,Cage
3492,6/19/2024 18:52:25,000000000369,RECOUNT - Cage,50,2024-06-19 18:52:25,COUNT,,Cage,Cage
3493,6/20/2024 12:7:57,000000000567,Shelf -> Other,1,2024-06-20 12:07:57,TAKEOUT,Shelf,,Shelf
3494,6/20/2024 19:39:13,000000000338,Shelf -> Other,1,2024-06-20 19:39:13,TAKEOUT,Shelf,,Shelf
3495,6/20/2024 19:39:45,000000000451,Shelf -> Other,1,2024-06-20 19:39:45,TAKEOUT,Shelf,,Shelf
3496,6/20/2024 19:40:2,000000000536,Shelf -> Other,1,2024-06-20 19:40:02,TAKEOUT,Shelf,,Shelf
3497,6/21/2024 16:36:15,000000001090,Delivery -> Cage,10,2024-06-21 16:36:15,RESTOCK,,Cage,Cage
3498,6/21/2024 21:1:10,000000000017,Shelf -> Other,6,2024-06-21 21:01:10,TAKEOUT,Shelf,,Shelf
3499,6/21/2024 21:1:57,000000000307,Shelf -> Other,1,2024-06-21 21:01:57,TAKEOUT,Shelf,,Shelf
3500,6/21/2024 21:2:14,000000000000,Shelf -> Other,1,2024-06-21 21:02:14,TAKEOUT,Shelf,,Shelf
3501,6/22/2024 0:25:54,000000000017,Shelf -> Other,3,2024-06-22 00:25:54,TAKEOUT,Shelf,,Shelf
3502,6/22/2024 0:26:18,000000000840,Shelf -> Other,1,2024-06-22 00:26:18,TAKEOUT,Shelf,,Shelf
3503,6/22/2024 0:26:37,000000000369,Shelf -> Other,1,2024-06-22 00:26:37,TAKEOUT,Shelf,,Shelf
3504,6/22/2024 0:27:0,000000000000,Shelf -> Other,1,2024-06-22 00:27:00,TAKEOUT,Shelf,,Shelf
3505,6/24/2024 19:16:47,000000000567,Shelf -> Other,1,2024-06-24 19:16:47,TAKEOUT,Shelf,,Shelf
3506,6/24/2024 19:16:52,000000000567,Shelf -> Other,1,2024-06-24 19:16:52,TAKEOUT,Shelf,,Shelf
3507,6/24/2024 19:17:8,000000000550,Shelf -> Other,2,2024-06-24 19:17:08,TAKEOUT,Shelf,,Shelf
3508,6/24/2024 21:6:42,000000000345,Shelf -> Other,1,2024-06-24 21:06:42,TAKEOUT,Shelf,,Shelf
3509,6/26/2024 11:41:28,000000000000,Shelf -> Other,1,2024-06-26 11:41:28,TAKEOUT,Shelf,,Shelf
3510,6/26/2024 11:53:34,000000000314,Shelf -> Other,1,2024-06-26 11:53:34,TAKEOUT,Shelf,,Shelf
3511,6/26/2024 12:11:41,000000000550,Cage -> Shelf,1,2024-06-26 12:11:41,TRANSFER,Cage,Shelf,Shelf
3512,6/26/2024 12:11:46,000000000567,Cage -> Shelf,3,2024-06-26 12:11:46,TRANSFER,Cage,Shelf,Shelf
3513,6/26/2024 12:23:25,000000000000,Cage -> Shelf,2,2024-06-26 12:23:25,TRANSFER,Cage,Shelf,Shelf
3514,6/26/2024 12:23:42,000000000956,Cage -> Shelf,1,2024-06-26 12:23:42,TRANSFER,Cage,Shelf,Shelf
3515,6/26/2024 12:27:32,000000000314,Cage -> Shelf,1,2024-06-26 12:27:32,TRANSFER,Cage,Shelf,Shelf
3516,6/28/2024 6:30:19,000000001090,Shelf -> Other,2,2024-06-28 06:30:19,TAKEOUT,Shelf,,Shelf
3517,6/28/2024 11:6:53,000000000338,Shelf -> Other,4,2024-06-28 11:06:53,TAKEOUT,Shelf,,Shelf
3518,6/28/2024 11:7:0,000000000369,Shelf -> Other,3,2024-06-28 11:07:00,TAKEOUT,Shelf,,Shelf
3519,6/28/2024 11:9:35,000000000741,Shelf -> Other,1,2024-06-28 11:09:35,TAKEOUT,Shelf,,Shelf
3520,6/28/2024 16:30:26,000000000741,Shelf -> Other,1,2024-06-28 16:30:26,TAKEOUT,Shelf,,Shelf
3521,6/28/2024 16:30:52,000000000024,Shelf -> Other,7,2024-06-28 16:30:52,TAKEOUT,Shelf,,Shelf
3522,6/28/2024 16:31:0,000000000017,Shelf -> Other,2,2024-06-28 16:31:00,TAKEOUT,Shelf,,Shelf
3523,6/29/2024 21:31:32,000000001120,Shelf -> Other,1,2024-06-29 21:31:32,TAKEOUT,Shelf,,Shelf
3524,7/1/2024 20:41:58,000000001120,Shelf -> Other,1,2024-07-01 20:41:58,TAKEOUT,Shelf,,Shelf
3525,7/1/2024 20:42:20,000000000017,Shelf -> Other,4,2024-07-01 20:42:20,TAKEOUT,Shelf,,Shelf
3526,7/1/2024 20:42:31,000000000024,Shelf -> Other,10,2024-07-01 20:42:31,TAKEOUT,Shelf,,Shelf
3527,7/2/2024 20:14:19,000000000024,Shelf -> Other,15,2024-07-02 20:14:19,TAKEOUT,Shelf,,Shelf
3528,7/2/2024 20:14:55,000000000062,Shelf -> Other,1,2024-07-02 20:14:55,TAKEOUT,Shelf,,Shelf
3529,7/2/2024 20:15:6,000000001120,Shelf -> Other,3,2024-07-02 20:15:06,TAKEOUT,Shelf,,Shelf
3530,7/2/2024 20:15:10,000000000062,Shelf -> Other,1,2024-07-02 20:15:10,TAKEOUT,Shelf,,Shelf
3531,7/3/2024 19:26:41,000000000345,Shelf -> Other,1,2024-07-03 19:26:41,TAKEOUT,Shelf,,Shelf
3532,7/3/2024 19:26:45,000000000376,Shelf -> Other,1,2024-07-03 19:26:45,TAKEOUT,Shelf,,Shelf
3533,7/3/2024 19:59:26,000000000017,Shelf -> Other,1,2024-07-03 19:59:26,TAKEOUT,Shelf,,Shelf
3534,7/3/2024 20:0:45,000000000055,Shelf -> Other,1,2024-07-03 20:00:45,TAKEOUT,Shelf,,Shelf
3535,7/3/2024 20:34:9,000000000017,Shelf -> Other,1,2024-07-03 20:34:09,TAKEOUT,Shelf,,Shelf
3536,7/3/2024 20:34:15,000000000055,Shelf -> Other,1,2024-07-03 20:34:15,TAKEOUT,Shelf,,Shelf
3537,7/4/2024 3:16:57,000000000567,Shelf -> Other,1,2024-07-04 03:16:57,TAKEOUT,Shelf,,Shelf
3538,7/4/2024 3:40:12,000000000369,Shelf -> Other,1,2024-07-04 03:40:12,TAKEOUT,Shelf,,Shelf
3539,7/4/2024 7:57:8,000000000383,Shelf -> Other,1,2024-07-04 07:57:08,TAKEOUT,Shelf,,Shelf
3540,7/4/2024 7:57:17,000000000567,Shelf -> Other,1,2024-07-04 07:57:17,TAKEOUT,Shelf,,Shelf
3541,7/4/2024 8:54:36,000000000536,Shelf -> Other,1,2024-07-04 08:54:36,TAKEOUT,Shelf,,Shelf
3542,7/4/2024 8:55:9,000000000451,Shelf -> Other,1,2024-07-04 08:55:09,TAKEOUT,Shelf,,Shelf
3543,7/4/2024 8:57:25,000000000321,Shelf -> Other,1,2024-07-04 08:57:25,TAKEOUT,Shelf,,Shelf
3544,7/4/2024 11:11:20,000000000970,Shelf -> Other,1,2024-07-04 11:11:20,TAKEOUT,Shelf,,Shelf
3545,7/4/2024 12:43:48,000000000574,Shelf -> Other,1,2024-07-04 12:43:48,TAKEOUT,Shelf,,Shelf
3546,7/4/2024 12:43:53,000000000567,Shelf -> Other,1,2024-07-04 12:43:53,TAKEOUT,Shelf,,Shelf
3547,7/4/2024 12:43:57,000000000550,Shelf -> Other,1,2024-07-04 12:43:57,TAKEOUT,Shelf,,Shelf
3548,7/5/2024 0:6:44,000000001120,Shelf -> Other,1,2024-07-05 00:06:44,TAKEOUT,Shelf,,Shelf
3549,7/5/2024 0:7:6,000000000062,Shelf -> Other,1,2024-07-05 00:07:06,TAKEOUT,Shelf,,Shelf
3550,7/5/2024 19:38:33,000000000338,Shelf -> Other,1,2024-07-05 19:38:33,TAKEOUT,Shelf,,Shelf
3551,7/5/2024 20:7:22,000000000840,Shelf -> Other,1,2024-07-05 20:07:22,TAKEOUT,Shelf,,Shelf
3552,7/5/2024 20:7:49,000000000000,Shelf -> Other,1,2024-07-05 20:07:49,TAKEOUT,Shelf,,Shelf
3553,7/5/2024 20:23:51,000000000000,Shelf -> Other,1,2024-07-05 20:23:51,TAKEOUT,Shelf,,Shelf
3554,7/5/2024 20:23:56,000000001045,Shelf -> Other,1,2024-07-05 20:23:56,TAKEOUT,Shelf,,Shelf
3555,7/6/2024 13:23:17,000000000369,Shelf -> Other,1,2024-07-06 13:23:17,TAKEOUT,Shelf,,Shelf
3556,7/6/2024 23:31:14,000000000567,Cage -> Shelf,3,2024-07-06 23:31:14,TRANSFER,Cage,Shelf,Shelf
3557,7/7/2024 10:56:19,000000000055,Shelf -> Other,1,2024-07-07 10:56:19,TAKEOUT,Shelf,,Shelf
3558,7/7/2024 10:56:36,000000000000,Shelf -> Other,1,2024-07-07 10:56:36,TAKEOUT,Shelf,,Shelf
3559,7/7/2024 10:56:51,000000000017,Shelf -> Other,1,2024-07-07 10:56:51,TAKEOUT,Shelf,,Shelf
3560,7/7/2024 10:56:57,000000000024,Shelf -> Other,2,2024-07-07 10:56:57,TAKEOUT,Shelf,,Shelf
3561,7/7/2024 13:17:23,000000000567,Shelf -> Other,1,2024-07-07 13:17:23,TAKEOUT,Shelf,,Shelf
3562,7/7/2024 13:34:2,000000000567,Shelf -> Other,1,2024-07-07 13:34:02,TAKEOUT,Shelf,,Shelf
3563,7/8/2024 20:15:53,000000000567,Shelf -> Other,1,2024-07-08 20:15:53,TAKEOUT,Shelf,,Shelf
3564,7/8/2024 20:53:2,000000001137,Shelf -> Other,1,2024-07-08 20:53:02,TAKEOUT,Shelf,,Shelf
3565,7/8/2024 21:2:47,000000000017,Shelf -> Other,1,2024-07-08 21:02:47,TAKEOUT,Shelf,,Shelf
3566,7/8/2024 21:3:21,000000001090,Shelf -> Other,2,2024-07-08 21:03:21,TAKEOUT,Shelf,,Shelf
3567,7/8/2024 21:6:47,000000000055,Shelf -> Other,1,2024-07-08 21:06:47,TAKEOUT,Shelf,,Shelf
3568,7/9/2024 10:32:26,000000000567,Cage -> Shelf,2,2024-07-09 10:32:26,TRANSFER,Cage,Shelf,Shelf
3569,7/9/2024 10:34:32,000000000383,Cage -> Shelf,1,2024-07-09 10:34:32,TRANSFER,Cage,Shelf,Shelf
3570,7/9/2024 10:39:41,000000000741,Cage -> Shelf,1,2024-07-09 10:39:41,TRANSFER,Cage,Shelf,Shelf
3571,7/9/2024 10:47:23,000000000000,Cage -> Shelf,2,2024-07-09 10:47:23,TRANSFER,Cage,Shelf,Shelf
3572,7/11/2024 0:23:56,000000000338,Shelf -> Other,1,2024-07-11 00:23:56,TAKEOUT,Shelf,,Shelf
3573,7/12/2024 19:57:25,000000000000,Shelf -> Other,1,2024-07-12 19:57:25,TAKEOUT,Shelf,,Shelf
3574,7/12/2024 19:57:31,000000000024,Shelf -> Other,3,2024-07-12 19:57:31,TAKEOUT,Shelf,,Shelf
3575,7/13/2024 17:56:10,000000000024,Shelf -> Other,9,2024-07-13 17:56:10,TAKEOUT,Shelf,,Shelf
3576,7/13/2024 18:3:26,000000000055,Shelf -> Other,9,2024-07-13 18:03:26,TAKEOUT,Shelf,,Shelf
3577,7/13/2024 18:4:40,000000001069,Shelf -> Other,7,2024-07-13 18:04:40,TAKEOUT,Shelf,,Shelf
3578,7/13/2024 18:5:37,000000000840,Shelf -> Other,7,2024-07-13 18:05:37,TAKEOUT,Shelf,,Shelf
3579,7/14/2024 15:13:15,000000001090,Shelf -> Other,1,2024-07-14 15:13:15,TAKEOUT,Shelf,,Shelf
3580,7/14/2024 15:14:8,000000000000,Shelf -> Other,1,2024-07-14 15:14:08,TAKEOUT,Shelf,,Shelf
3581,7/14/2024 15:14:13,000000000024,Shelf -> Other,2,2024-07-14 15:14:13,TAKEOUT,Shelf,,Shelf
3582,7/14/2024 15:14:32,000000000017,Shelf -> Other,1,2024-07-14 15:14:32,TAKEOUT,Shelf,,Shelf
3583,7/14/2024 21:4:24,000000000567,Shelf -> Other,1,2024-07-14 21:04:24,TAKEOUT,Shelf,,Shelf
3584,7/14/2024 21:4:40,000000000550,Shelf -> Other,2,2024-07-14 21:04:40,TAKEOUT,Shelf,,Shelf
3585,7/14/2024 21:4:47,000000000543,Shelf -> Other,1,2024-07-14 21:04:47,TAKEOUT,Shelf,,Shelf
3586,7/14/2024 21:8:11,000000000338,Shelf -> Other,1,2024-07-14 21:08:11,TAKEOUT,Shelf,,Shelf
3587,7/15/2024 20:49:1,000000000000,Shelf -> Other,1,2024-07-15 20:49:01,TAKEOUT,Shelf,,Shelf
3588,7/15/2024 20:51:5,000000001090,Shelf -> Other,1,2024-07-15 20:51:05,TAKEOUT,Shelf,,Shelf
3589,7/15/2024 20:52:31,000000000017,Shelf -> Other,1,2024-07-15 20:52:31,TAKEOUT,Shelf,,Shelf
3590,7/15/2024 21:2:10,000000000321,Shelf -> Other,2,2024-07-15 21:02:10,TAKEOUT,Shelf,,Shelf
3591,7/20/2024 0:49:24,000000000369,Shelf -> Other,2,2024-07-20 00:49:24,TAKEOUT,Shelf,,Shelf
3592,7/20/2024 0:50:42,000000000314,Shelf -> Other,1,2024-07-20 00:50:42,TAKEOUT,Shelf,,Shelf
3593,7/20/2024 23:31:46,000000001120,Cage -> Shelf,3,2024-07-20 23:31:46,TRANSFER,Cage,Shelf,Shelf
3594,7/20/2024 23:31:59,000000000567,Cage -> Shelf,1,2024-07-20 23:31:59,TRANSFER,Cage,Shelf,Shelf
3595,7/20/2024 23:32:22,000000000550,Cage -> Shelf,3,2024-07-20 23:32:22,TRANSFER,Cage,Shelf,Shelf
3596,7/20/2024 23:33:32,000000000369,Cage -> Shelf,2,2024-07-20 23:33:32,TRANSFER,Cage,Shelf,Shelf
3597,7/20/2024 23:34:57,000000001090,Cage -> Shelf,2,2024-07-20 23:34:57,TRANSFER,Cage,Shelf,Shelf
3598,7/20/2024 23:37:3,000000000840,Cage -> Shelf,8,2024-07-20 23:37:03,TRANSFER,Cage,Shelf,Shelf
3599,7/20/2024 23:38:0,000000000055,Cage -> Shelf,1,2024-07-20 23:38:00,TRANSFER,Cage,Shelf,Shelf
3600,7/20/2024 23:39:28,000000000789,Cage -> Shelf,1,2024-07-20 23:39:28,TRANSFER,Cage,Shelf,Shelf
3601,7/20/2024 23:42:19,000000000086,Cage -> Shelf,1,2024-07-20 23:42:19,TRANSFER,Cage,Shelf,Shelf
3602,7/22/2024 20:24:45,000000000567,Shelf -> Other,1,2024-07-22 20:24:45,TAKEOUT,Shelf,,Shelf
3603,7/22/2024 20:31:59,000000000338,Shelf -> Other,1,2024-07-22 20:31:59,TAKEOUT,Shelf,,Shelf
3604,7/22/2024 20:32:10,000000000369,Shelf -> Other,1,2024-07-22 20:32:10,TAKEOUT,Shelf,,Shelf
3605,7/24/2024 4:30:17,000000000253,Shelf -> Other,1,2024-07-24 04:30:17,TAKEOUT,Shelf,,Shelf
3606,7/24/2024 4:31:4,000000000383,Shelf -> Other,1,2024-07-24 04:31:04,TAKEOUT,Shelf,,Shelf
3607,7/24/2024 4:40:36,000000000383,Shelf -> Other,1,2024-07-24 04:40:36,TAKEOUT,Shelf,,Shelf
3608,7/24/2024 4:41:24,000000001014,Shelf -> Other,1,2024-07-24 04:41:24,TAKEOUT,Shelf,,Shelf
3609,7/24/2024 4:41:48,000000000369,Shelf -> Other,1,2024-07-24 04:41:48,TAKEOUT,Shelf,,Shelf
3610,7/24/2024 4:47:56,000000000451,Shelf -> Other,1,2024-07-24 04:47:56,TAKEOUT,Shelf,,Shelf
3611,7/24/2024 5:10:58,000000000338,Shelf -> Other,2,2024-07-24 05:10:58,TAKEOUT,Shelf,,Shelf
3612,7/24/2024 5:18:43,000000000550,Shelf -> Other,1,2024-07-24 05:18:43,TAKEOUT,Shelf,,Shelf
3613,7/24/2024 5:20:3,000000000093,Shelf -> Other,1,2024-07-24 05:20:03,TAKEOUT,Shelf,,Shelf
3614,7/24/2024 5:41:9,000000000338,Shelf -> Other,1,2024-07-24 05:41:09,TAKEOUT,Shelf,,Shelf
3615,7/24/2024 16:56:24,000000000567,Cage -> Shelf,2,2024-07-24 16:56:24,TRANSFER,Cage,Shelf,Shelf
3616,7/24/2024 16:56:30,000000001014,Cage -> Shelf,2,2024-07-24 16:56:30,TRANSFER,Cage,Shelf,Shelf
3617,7/24/2024 16:56:36,000000000383,Cage -> Shelf,1,2024-07-24 16:56:36,TRANSFER,Cage,Shelf,Shelf
3618,7/25/2024 22:1:52,000000000574,Shelf -> Other,1,2024-07-25 22:01:52,TAKEOUT,Shelf,,Shelf
3619,7/25/2024 22:3:24,000000000017,Shelf -> Other,2,2024-07-25 22:03:24,TAKEOUT,Shelf,,Shelf
3620,7/25/2024 22:4:2,000000000024,Shelf -> Other,1,2024-07-25 22:04:02,TAKEOUT,Shelf,,Shelf
3621,7/25/2024 22:4:18,000000000062,Shelf -> Other,1,2024-07-25 22:04:18,TAKEOUT,Shelf,,Shelf
3622,7/25/2024 22:5:2,000000000000,Shelf -> Other,1,2024-07-25 22:05:02,TAKEOUT,Shelf,,Shelf
3623,7/27/2024 11:7:35,000000000024,Shelf -> Other,8,2024-07-27 11:07:35,TAKEOUT,Shelf,,Shelf
3624,7/27/2024 11:7:43,000000000055,Shelf -> Other,2,2024-07-27 11:07:43,TAKEOUT,Shelf,,Shelf
3625,7/27/2024 11:8:5,000000000017,Shelf -> Other,2,2024-07-27 11:08:05,TAKEOUT,Shelf,,Shelf
3626,7/28/2024 17:39:47,000000001090,Shelf -> Other,1,2024-07-28 17:39:47,TAKEOUT,Shelf,,Shelf
3627,7/28/2024 22:11:56,000000001120,Shelf -> Other,1,2024-07-28 22:11:56,TAKEOUT,Shelf,,Shelf
3628,7/29/2024 10:57:57,000000000581,Shelf -> Other,1,2024-07-29 10:57:57,TAKEOUT,Shelf,,Shelf
3629,7/29/2024 15:23:30,000000000017,Shelf -> Other,2,2024-07-29 15:23:30,TAKEOUT,Shelf,,Shelf
3630,7/29/2024 15:24:17,000000000024,Shelf -> Other,3,2024-07-29 15:24:17,TAKEOUT,Shelf,,Shelf
3631,7/29/2024 21:11:4,000000001137,Shelf -> Other,1,2024-07-29 21:11:04,TAKEOUT,Shelf,,Shelf
3632,7/29/2024 21:17:29,000000000338,Shelf -> Other,2,2024-07-29 21:17:29,TAKEOUT,Shelf,,Shelf
3633,7/29/2024 21:17:55,000000000543,Shelf -> Other,1,2024-07-29 21:17:55,TAKEOUT,Shelf,,Shelf
3634,7/31/2024 13:22:1,000000001120,Shelf -> Other,3,2024-07-31 13:22:01,TAKEOUT,Shelf,,Shelf
3635,7/31/2024 13:23:40,000000000055,Shelf -> Other,1,2024-07-31 13:23:40,TAKEOUT,Shelf,,Shelf
3636,7/31/2024 13:24:13,000000000062,Shelf -> Other,1,2024-07-31 13:24:13,TAKEOUT,Shelf,,Shelf
3637,7/31/2024 13:30:1,000000000338,Shelf -> Other,1,2024-07-31 13:30:01,TAKEOUT,Shelf,,Shelf
3638,8/2/2024 10:39:37,000000000567,Shelf -> Other,1,2024-08-02 10:39:37,TAKEOUT,Shelf,,Shelf
3639,8/4/2024 1:7:23,000000000338,Cage -> Shelf,5,2024-08-04 01:07:23,TRANSFER,Cage,Shelf,Shelf
3640,8/4/2024 1:7:29,000000000017,Cage -> Shelf,10,2024-08-04 01:07:29,TRANSFER,Cage,Shelf,Shelf
3641,8/4/2024 16:45:37,000000000741,Shelf -> Other,1,2024-08-04 16:45:37,TAKEOUT,Shelf,,Shelf
3642,8/5/2024 12:17:50,000000000383,Shelf -> Other,1,2024-08-05 12:17:50,TAKEOUT,Shelf,,Shelf
3643,8/5/2024 12:27:0,000000000970,Shelf -> Other,1,2024-08-05 12:27:00,TAKEOUT,Shelf,,Shelf
3644,8/5/2024 20:30:13,000000001090,Shelf -> Other,1,2024-08-05 20:30:13,TAKEOUT,Shelf,,Shelf
3645,8/5/2024 20:31:31,000000000369,Shelf -> Other,1,2024-08-05 20:31:31,TAKEOUT,Shelf,,Shelf
3646,8/7/2024 20:13:30,000000000574,Shelf -> Other,1,2024-08-07 20:13:30,TAKEOUT,Shelf,,Shelf
3647,8/7/2024 20:13:40,000000000567,Shelf -> Other,1,2024-08-07 20:13:40,TAKEOUT,Shelf,,Shelf
3648,8/8/2024 20:32:39,000000000345,Shelf -> Other,1,2024-08-08 20:32:39,TAKEOUT,Shelf,,Shelf
3649,8/8/2024 20:39:42,000000000345,Shelf -> Other,1,2024-08-08 20:39:42,TAKEOUT,Shelf,,Shelf
3650,8/8/2024 20:41:39,000000000338,Shelf -> Other,1,2024-08-08 20:41:39,TAKEOUT,Shelf,,Shelf
3651,8/8/2024 20:41:54,000000000369,Shelf -> Other,1,2024-08-08 20:41:54,TAKEOUT,Shelf,,Shelf
3652,8/9/2024 13:27:2,000000001090,Cage -> Shelf,2,2024-08-09 13:27:02,TRANSFER,Cage,Shelf,Shelf
3653,8/9/2024 13:27:7,000000000567,Cage -> Shelf,1,2024-08-09 13:27:07,TRANSFER,Cage,Shelf,Shelf
3654,8/9/2024 13:27:11,000000000574,Cage -> Shelf,1,2024-08-09 13:27:11,TRANSFER,Cage,Shelf,Shelf
3655,8/9/2024 13:27:43,000000000369,Cage -> Shelf,3,2024-08-09 13:27:43,TRANSFER,Cage,Shelf,Shelf
3656,8/9/2024 19:57:33,000000000017,Shelf -> Other,1,2024-08-09 19:57:33,TAKEOUT,Shelf,,Shelf
3657,8/9/2024 19:58:6,000000001120,Shelf -> Other,1,2024-08-09 19:58:06,TAKEOUT,Shelf,,Shelf
3658,8/10/2024 13:33:27,000000000550,Shelf -> Other,1,2024-08-10 13:33:27,TAKEOUT,Shelf,,Shelf
3659,8/11/2024 4:32:14,000000000024,Shelf -> Other,30,2024-08-11 04:32:14,TAKEOUT,Shelf,,Shelf
3660,8/11/2024 4:32:54,000000000017,Shelf -> Other,3,2024-08-11 04:32:54,TAKEOUT,Shelf,,Shelf
3661,8/12/2024 3:0:9,000000000345,Shelf -> Other,1,2024-08-12 03:00:09,TAKEOUT,Shelf,,Shelf
3662,8/12/2024 3:0:12,000000000338,Shelf -> Other,1,2024-08-12 03:00:12,TAKEOUT,Shelf,,Shelf
3663,8/12/2024 15:15:51,000000001151,Cage -> Shelf,1,2024-08-12 15:15:51,TRANSFER,Cage,Shelf,Shelf
3664,8/12/2024 15:18:6,000000000550,Cage -> Shelf,5,2024-08-12 15:18:06,TRANSFER,Cage,Shelf,Shelf
3665,8/12/2024 15:19:2,000000000574,Cage -> Shelf,5,2024-08-12 15:19:02,TRANSFER,Cage,Shelf,Shelf
3666,8/12/2024 15:20:23,000000000543,Cage -> Shelf,5,2024-08-12 15:20:23,TRANSFER,Cage,Shelf,Shelf
3667,8/12/2024 15:22:21,000000000567,Cage -> Shelf,5,2024-08-12 15:22:21,TRANSFER,Cage,Shelf,Shelf
3668,8/12/2024 15:26:8,000000000383,Cage -> Shelf,2,2024-08-12 15:26:08,TRANSFER,Cage,Shelf,Shelf
3669,8/12/2024 15:28:30,000000000338,Cage -> Shelf,5,2024-08-12 15:28:30,TRANSFER,Cage,Shelf,Shelf
3670,8/12/2024 15:28:48,000000000369,Cage -> Shelf,5,2024-08-12 15:28:48,TRANSFER,Cage,Shelf,Shelf
3671,8/12/2024 15:30:18,000000000741,Cage -> Shelf,6,2024-08-12 15:30:18,TRANSFER,Cage,Shelf,Shelf
3672,8/12/2024 15:31:8,000000000000,Cage -> Shelf,3,2024-08-12 15:31:08,TRANSFER,Cage,Shelf,Shelf
3673,8/12/2024 15:32:32,000000000345,Cage -> Shelf,5,2024-08-12 15:32:32,TRANSFER,Cage,Shelf,Shelf
3674,8/12/2024 15:35:8,000000001120,Cage -> Shelf,5,2024-08-12 15:35:08,TRANSFER,Cage,Shelf,Shelf
3675,8/12/2024 15:38:24,000000000017,Cage -> Shelf,10,2024-08-12 15:38:24,TRANSFER,Cage,Shelf,Shelf
3676,8/12/2024 15:38:39,000000000970,Cage -> Shelf,2,2024-08-12 15:38:39,TRANSFER,Cage,Shelf,Shelf
3677,8/12/2024 20:22:10,000000000000,Shelf -> Other,3,2024-08-12 20:22:10,TAKEOUT,Shelf,,Shelf
3678,8/12/2024 20:22:45,000000000338,Shelf -> Other,3,2024-08-12 20:22:45,TAKEOUT,Shelf,,Shelf
3679,8/12/2024 20:24:11,000000000017,Shelf -> Other,1,2024-08-12 20:24:11,TAKEOUT,Shelf,,Shelf
3680,8/12/2024 23:53:46,000000000567,Shelf -> Other,1,2024-08-12 23:53:46,TAKEOUT,Shelf,,Shelf
3681,8/13/2024 5:42:7,000000000550,Shelf -> Other,1,2024-08-13 05:42:07,TAKEOUT,Shelf,,Shelf
3682,8/14/2024 20:5:31,000000000840,Shelf -> Other,1,2024-08-14 20:05:31,TAKEOUT,Shelf,,Shelf
3683,8/14/2024 21:34:27,000000001090,Shelf -> Other,1,2024-08-14 21:34:27,TAKEOUT,Shelf,,Shelf
3684,8/14/2024 21:34:34,000000000338,Shelf -> Other,1,2024-08-14 21:34:34,TAKEOUT,Shelf,,Shelf
3685,8/15/2024 20:44:53,000000000024,Shelf -> Other,1,2024-08-15 20:44:53,TAKEOUT,Shelf,,Shelf
3686,8/15/2024 20:46:9,000000000055,Shelf -> Other,1,2024-08-15 20:46:09,TAKEOUT,Shelf,,Shelf
3687,8/15/2024 20:47:21,000000000758,Shelf -> Other,1,2024-08-15 20:47:21,TAKEOUT,Shelf,,Shelf
3688,8/15/2024 20:50:33,000000000338,Shelf -> Other,2,2024-08-15 20:50:33,TAKEOUT,Shelf,,Shelf
3689,8/15/2024 20:50:39,000000000369,Shelf -> Other,2,2024-08-15 20:50:39,TAKEOUT,Shelf,,Shelf
3690,8/15/2024 20:54:56,000000000338,Shelf -> Other,1,2024-08-15 20:54:56,TAKEOUT,Shelf,,Shelf
3691,8/15/2024 20:55:1,000000000369,Shelf -> Other,1,2024-08-15 20:55:01,TAKEOUT,Shelf,,Shelf
3692,8/15/2024 20:55:13,000000000017,Shelf -> Other,1,2024-08-15 20:55:13,TAKEOUT,Shelf,,Shelf
3693,8/15/2024 21:1:56,000000000338,Shelf -> Other,1,2024-08-15 21:01:56,TAKEOUT,Shelf,,Shelf
3694,8/15/2024 21:2:18,000000000376,Shelf -> Other,2,2024-08-15 21:02:18,TAKEOUT,Shelf,,Shelf
3695,8/15/2024 21:13:29,000000000314,Shelf -> Other,1,2024-08-15 21:13:29,TAKEOUT,Shelf,,Shelf
3696,8/17/2024 18:49:36,000000000567,Shelf -> Other,1,2024-08-17 18:49:36,TAKEOUT,Shelf,,Shelf
3697,8/18/2024 11:57:58,000000001090,Shelf -> Other,1,2024-08-18 11:57:58,TAKEOUT,Shelf,,Shelf
3698,8/18/2024 11:58:25,000000000345,Shelf -> Other,1,2024-08-18 11:58:25,TAKEOUT,Shelf,,Shelf
3699,8/18/2024 11:58:46,000000000017,Shelf -> Other,1,2024-08-18 11:58:46,TAKEOUT,Shelf,,Shelf
3700,8/18/2024 18:3:11,000000000567,Shelf -> Other,1,2024-08-18 18:03:11,TAKEOUT,Shelf,,Shelf
3701,8/18/2024 18:14:36,000000000369,Shelf -> Other,1,2024-08-18 18:14:36,TAKEOUT,Shelf,,Shelf
3702,8/19/2024 22:10:21,000000000369,Shelf -> Other,1,2024-08-19 22:10:21,TAKEOUT,Shelf,,Shelf
3703,8/20/2024 17:55:30,000000000574,Shelf -> Other,1,2024-08-20 17:55:30,TAKEOUT,Shelf,,Shelf
3704,8/21/2024 13:39:39,000000001083,Shelf -> Other,1,2024-08-21 13:39:39,TAKEOUT,Shelf,,Shelf
3705,8/21/2024 18:36:50,000000000550,Shelf -> Other,1,2024-08-21 18:36:50,TAKEOUT,Shelf,,Shelf
3706,8/21/2024 21:33:57,000000001090,Shelf -> Other,1,2024-08-21 21:33:57,TAKEOUT,Shelf,,Shelf
3707,8/21/2024 21:39:10,000000000758,Shelf -> Other,1,2024-08-21 21:39:10,TAKEOUT,Shelf,,Shelf
3708,8/21/2024 21:39:16,000000000741,Shelf -> Other,2,2024-08-21 21:39:16,TAKEOUT,Shelf,,Shelf
3709,8/21/2024 21:44:28,000000000284,Cage -> Other,1,2024-08-21 21:44:28,TAKEOUT,Cage,,Cage
3710,8/21/2024 21:44:47,000000000321,Cage -> Shelf,20,2024-08-21 21:44:47,TRANSFER,Cage,Shelf,Shelf
3711,8/21/2024 21:45:0,000000000253,Cage -> Shelf,2,2024-08-21 21:45:00,TRANSFER,Cage,Shelf,Shelf
3712,8/21/2024 21:45:8,000000000284,Cage -> Shelf,2,2024-08-21 21:45:08,TRANSFER,Cage,Shelf,Shelf
3713,8/21/2024 21:45:17,000000000307,Cage -> Shelf,2,2024-08-21 21:45:17,TRANSFER,Cage,Shelf,Shelf
3714,8/21/2024 21:45:25,000000000314,Cage -> Shelf,2,2024-08-21 21:45:25,TRANSFER,Cage,Shelf,Shelf
3715,8/21/2024 21:47:26,000000000260,Shelf -> Other,1,2024-08-21 21:47:26,TAKEOUT,Shelf,,Shelf
3716,8/21/2024 21:47:31,000000000291,Shelf -> Other,1,2024-08-21 21:47:31,TAKEOUT,Shelf,,Shelf
3717,8/21/2024 21:47:53,000000000291,Cage -> Shelf,2,2024-08-21 21:47:53,TRANSFER,Cage,Shelf,Shelf
3718,8/23/2024 19:51:21,000000001090,Cage -> Shelf,4,2024-08-23 19:51:21,TRANSFER,Cage,Shelf,Shelf
3719,8/23/2024 19:53:56,000000000338,Cage -> Shelf,10,2024-08-23 19:53:56,TRANSFER,Cage,Shelf,Shelf
3720,8/23/2024 19:56:47,000000000000,Cage -> Shelf,5,2024-08-23 19:56:47,TRANSFER,Cage,Shelf,Shelf
3721,8/24/2024 9:20:9,000000001090,Shelf -> Other,1,2024-08-24 09:20:09,TAKEOUT,Shelf,,Shelf
3722,8/24/2024 13:41:14,000000000338,Shelf -> Other,2,2024-08-24 13:41:14,TAKEOUT,Shelf,,Shelf
3723,8/24/2024 14:48:51,000000000338,Shelf -> Other,1,2024-08-24 14:48:51,TAKEOUT,Shelf,,Shelf
3724,8/24/2024 14:50:30,000000000024,Shelf -> Other,4,2024-08-24 14:50:30,TAKEOUT,Shelf,,Shelf
3725,8/24/2024 14:50:56,000000000000,Shelf -> Other,1,2024-08-24 14:50:56,TAKEOUT,Shelf,,Shelf
3726,8/24/2024 14:58:29,000000000000,Shelf -> Other,2,2024-08-24 14:58:29,TAKEOUT,Shelf,,Shelf
3727,8/24/2024 18:40:36,000000001090,Shelf -> Other,1,2024-08-24 18:40:36,TAKEOUT,Shelf,,Shelf
3728,8/25/2024 16:56:55,000000000369,Shelf -> Other,1,2024-08-25 16:56:55,TAKEOUT,Shelf,,Shelf
3729,8/25/2024 16:57:2,000000000338,Shelf -> Other,1,2024-08-25 16:57:02,TAKEOUT,Shelf,,Shelf
3730,8/25/2024 17:4:33,000000001090,Shelf -> Other,1,2024-08-25 17:04:33,TAKEOUT,Shelf,,Shelf
3731,8/25/2024 17:22:17,000000000741,Shelf -> Other,1,2024-08-25 17:22:17,TAKEOUT,Shelf,,Shelf
3732,8/25/2024 17:22:57,000000000758,Shelf -> Other,1,2024-08-25 17:22:57,TAKEOUT,Shelf,,Shelf
3733,8/25/2024 20:19:19,000000000369,Shelf -> Other,1,2024-08-25 20:19:19,TAKEOUT,Shelf,,Shelf
3734,8/26/2024 13:6:57,000000000369,Shelf -> Other,1,2024-08-26 13:06:57,TAKEOUT,Shelf,,Shelf
3735,8/26/2024 16:38:2,000000001090,Shelf -> Other,1,2024-08-26 16:38:02,TAKEOUT,Shelf,,Shelf
3736,8/26/2024 20:55:21,000000000376,Shelf -> Other,1,2024-08-26 20:55:21,TAKEOUT,Shelf,,Shelf
3737,8/27/2024 16:6:4,000000000024,Shelf -> Other,2,2024-08-27 16:06:04,TAKEOUT,Shelf,,Shelf
3738,8/27/2024 21:53:43,000000000338,Shelf -> Other,1,2024-08-27 21:53:43,TAKEOUT,Shelf,,Shelf
3739,8/28/2024 12:19:25,000000001090,Cage -> Shelf,4,2024-08-28 12:19:25,TRANSFER,Cage,Shelf,Shelf
3740,8/28/2024 15:38:34,000000000024,Shelf -> Other,1,2024-08-28 15:38:34,TAKEOUT,Shelf,,Shelf
3741,8/28/2024 15:38:40,000000000000,Shelf -> Other,1,2024-08-28 15:38:40,TAKEOUT,Shelf,,Shelf
3742,8/29/2024 12:4:31,000000001151,Shelf -> Other,1,2024-08-29 12:04:31,TAKEOUT,Shelf,,Shelf
3743,8/29/2024 12:4:38,000000000000,Shelf -> Other,1,2024-08-29 12:04:38,TAKEOUT,Shelf,,Shelf
3744,8/29/2024 12:4:44,000000000383,Shelf -> Other,1,2024-08-29 12:04:44,TAKEOUT,Shelf,,Shelf
3745,8/29/2024 12:5:4,000000000970,Shelf -> Other,1,2024-08-29 12:05:04,TAKEOUT,Shelf,,Shelf
3746,8/29/2024 14:11:45,000000000024,Shelf -> Other,4,2024-08-29 14:11:45,TAKEOUT,Shelf,,Shelf
3747,8/29/2024 14:14:8,000000000000,Cage -> Shelf,5,2024-08-29 14:14:08,TRANSFER,Cage,Shelf,Shelf
3748,8/29/2024 14:14:41,000000000000,Shelf -> Other,2,2024-08-29 14:14:41,TAKEOUT,Shelf,,Shelf
3749,8/30/2024 1:44:38,000000000338,Shelf -> Other,1,2024-08-30 01:44:38,TAKEOUT,Shelf,,Shelf
3750,8/30/2024 1:44:50,000000000369,Shelf -> Other,1,2024-08-30 01:44:50,TAKEOUT,Shelf,,Shelf
3751,8/30/2024 9:49:23,000000001090,Shelf -> Other,1,2024-08-30 09:49:23,TAKEOUT,Shelf,,Shelf
3752,8/30/2024 19:58:8,000000000543,Shelf -> Other,1,2024-08-30 19:58:08,TAKEOUT,Shelf,,Shelf
3753,8/31/2024 8:15:21,000000000345,Shelf -> Other,1,2024-08-31 08:15:21,TAKEOUT,Shelf,,Shelf
3754,9/1/2024 1:57:47,000000000840,Shelf -> Other,2,2024-09-01 01:57:47,TAKEOUT,Shelf,,Shelf
3755,9/1/2024 1:59:26,000000000000,Shelf -> Other,1,2024-09-01 01:59:26,TAKEOUT,Shelf,,Shelf
3756,9/1/2024 1:59:34,000000000055,Shelf -> Other,1,2024-09-01 01:59:34,TAKEOUT,Shelf,,Shelf
3757,9/1/2024 2:0:12,000000000062,Shelf -> Other,1,2024-09-01 02:00:12,TAKEOUT,Shelf,,Shelf
3758,9/1/2024 16:28:2,000000000567,Shelf -> Other,1,2024-09-01 16:28:02,TAKEOUT,Shelf,,Shelf
3759,9/1/2024 16:35:4,000000000017,Shelf -> Other,3,2024-09-01 16:35:04,TAKEOUT,Shelf,,Shelf
3760,9/1/2024 16:35:51,000000000062,Shelf -> Other,2,2024-09-01 16:35:51,TAKEOUT,Shelf,,Shelf
3761,9/1/2024 16:36:5,000000000277,Shelf -> Other,1,2024-09-01 16:36:05,TAKEOUT,Shelf,,Shelf
3762,9/1/2024 16:39:7,000000000338,Shelf -> Other,1,2024-09-01 16:39:07,TAKEOUT,Shelf,,Shelf
3763,9/1/2024 16:43:58,000000001113,Shelf -> Other,3,2024-09-01 16:43:58,TAKEOUT,Shelf,,Shelf
3764,9/2/2024 21:31:42,000000000369,Shelf -> Other,1,2024-09-02 21:31:42,TAKEOUT,Shelf,,Shelf
3765,9/2/2024 21:34:3,000000000369,RECOUNT - Shelf,4,2024-09-02 21:34:03,COUNT,,Shelf,Shelf
3766,9/3/2024 12:6:59,000000000338,Cage -> Shelf,8,2024-09-03 12:06:59,TRANSFER,Cage,Shelf,Shelf
3767,9/3/2024 12:8:8,000000000369,Cage -> Shelf,4,2024-09-03 12:08:08,TRANSFER,Cage,Shelf,Shelf
3768,9/3/2024 12:8:33,000000000345,Cage -> Shelf,4,2024-09-03 12:08:33,TRANSFER,Cage,Shelf,Shelf
3769,9/3/2024 12:9:46,000000000055,Cage -> Shelf,24,2024-09-03 12:09:46,TRANSFER,Cage,Shelf,Shelf
3770,9/3/2024 12:13:50,000000000000,Cage -> Shelf,2,2024-09-03 12:13:50,TRANSFER,Cage,Shelf,Shelf
3771,9/3/2024 12:14:13,000000000024,Cage -> Shelf,200,2024-09-03 12:14:13,TRANSFER,Cage,Shelf,Shelf
3772,9/3/2024 12:16:7,000000000062,Cage -> Shelf,12,2024-09-03 12:16:07,TRANSFER,Cage,Shelf,Shelf
3773,9/3/2024 12:19:34,000000000383,Cage -> Shelf,2,2024-09-03 12:19:34,TRANSFER,Cage,Shelf,Shelf
3774,9/3/2024 12:20:25,000000001151,Cage -> Shelf,1,2024-09-03 12:20:25,TRANSFER,Cage,Shelf,Shelf
3775,9/3/2024 12:27:57,000000000277,Cage -> Shelf,2,2024-09-03 12:27:57,TRANSFER,Cage,Shelf,Shelf
3776,9/3/2024 12:28:15,000000000970,RECOUNT - Cage,6,2024-09-03 12:28:15,COUNT,,Cage,Cage
3777,9/3/2024 12:40:11,000000000338,Shelf -> Other,3,2024-09-03 12:40:11,TAKEOUT,Shelf,,Shelf
3778,9/4/2024 12:42:15,000000000574,Shelf -> Other,1,2024-09-04 12:42:15,TAKEOUT,Shelf,,Shelf
3779,9/4/2024 21:34:56,000000000017,Shelf -> Other,2,2024-09-04 21:34:56,TAKEOUT,Shelf,,Shelf
3780,9/4/2024 21:35:2,000000000024,Shelf -> Other,6,2024-09-04 21:35:02,TAKEOUT,Shelf,,Shelf
3781,9/4/2024 21:35:8,000000000062,Shelf -> Other,4,2024-09-04 21:35:08,TAKEOUT,Shelf,,Shelf
3782,9/4/2024 21:35:24,000000000000,Shelf -> Other,1,2024-09-04 21:35:24,TAKEOUT,Shelf,,Shelf
3783,9/5/2024 18:2:17,000000000369,Shelf -> Other,1,2024-09-05 18:02:17,TAKEOUT,Shelf,,Shelf
3784,9/10/2024 7:25:3,000000000338,Shelf -> Other,1,2024-09-10 07:25:03,TAKEOUT,Shelf,,Shelf
3785,9/11/2024 8:49:15,000000001120,Shelf -> Other,2,2024-09-11 08:49:15,TAKEOUT,Shelf,,Shelf
3786,9/11/2024 8:50:39,000000001120,Shelf -> Other,3,2024-09-11 08:50:39,TAKEOUT,Shelf,,Shelf
3787,9/11/2024 8:51:50,000000000581,Shelf -> Other,12,2024-09-11 08:51:50,TAKEOUT,Shelf,,Shelf
3788,9/11/2024 8:52:35,000000000581,Shelf -> Other,12,2024-09-11 08:52:35,TAKEOUT,Shelf,,Shelf
3789,9/11/2024 8:53:49,000000000024,Shelf -> Other,1,2024-09-11 08:53:49,TAKEOUT,Shelf,,Shelf
3790,9/11/2024 8:54:27,000000000017,Shelf -> Other,3,2024-09-11 08:54:27,TAKEOUT,Shelf,,Shelf
3791,9/11/2024 8:55:54,000000001120,Shelf -> Other,7,2024-09-11 08:55:54,TAKEOUT,Shelf,,Shelf
3792,9/11/2024 8:57:20,000000000840,Shelf -> Other,2,2024-09-11 08:57:20,TAKEOUT,Shelf,,Shelf
3793,9/11/2024 8:57:36,000000000963,Shelf -> Other,2,2024-09-11 08:57:36,TAKEOUT,Shelf,,Shelf
3794,9/11/2024 8:58:37,000000000000,Shelf -> Other,2,2024-09-11 08:58:37,TAKEOUT,Shelf,,Shelf
3795,9/11/2024 9:0:43,000000000086,Shelf -> Other,14,2024-09-11 09:00:43,TAKEOUT,Shelf,,Shelf
3796,9/11/2024 9:0:57,000000000376,Shelf -> Other,1,2024-09-11 09:00:57,TAKEOUT,Shelf,,Shelf
3797,9/11/2024 9:2:40,000000000086,Shelf -> Other,1,2024-09-11 09:02:40,TAKEOUT,Shelf,,Shelf
3798,9/11/2024 9:2:54,000000000550,Shelf -> Other,1,2024-09-11 09:02:54,TAKEOUT,Shelf,,Shelf
3799,9/11/2024 9:13:46,000000001120,Shelf -> Other,4,2024-09-11 09:13:46,TAKEOUT,Shelf,,Shelf
3800,9/11/2024 9:13:58,000000000024,Shelf -> Other,10,2024-09-11 09:13:58,TAKEOUT,Shelf,,Shelf
3801,9/11/2024 9:14:11,000000000055,Shelf -> Other,2,2024-09-11 09:14:11,TAKEOUT,Shelf,,Shelf
3802,9/11/2024 9:14:22,000000000093,Shelf -> Other,1,2024-09-11 09:14:22,TAKEOUT,Shelf,,Shelf
3803,9/11/2024 9:14:47,000000000062,Shelf -> Other,2,2024-09-11 09:14:47,TAKEOUT,Shelf,,Shelf
3804,9/11/2024 9:15:2,000000001137,Shelf -> Other,1,2024-09-11 09:15:02,TAKEOUT,Shelf,,Shelf
3805,9/11/2024 13:24:9,000000000963,Cage -> Shelf,4,2024-09-11 13:24:09,TRANSFER,Cage,Shelf,Shelf
3806,9/11/2024 13:59:15,000000001120,Shelf -> Other,3,2024-09-11 13:59:15,TAKEOUT,Shelf,,Shelf
3807,9/11/2024 13:59:43,000000000055,Shelf -> Other,3,2024-09-11 13:59:43,TAKEOUT,Shelf,,Shelf
3808,9/11/2024 14:0:9,000000000024,Shelf -> Other,10,2024-09-11 14:00:09,TAKEOUT,Shelf,,Shelf
3809,9/11/2024 14:0:40,000000000062,Shelf -> Other,3,2024-09-11 14:00:40,TAKEOUT,Shelf,,Shelf
3810,9/11/2024 14:1:10,000000000000,Shelf -> Other,1,2024-09-11 14:01:10,TAKEOUT,Shelf,,Shelf
3811,9/12/2024 16:12:47,000000000550,Shelf -> Other,1,2024-09-12 16:12:47,TAKEOUT,Shelf,,Shelf
3812,9/12/2024 16:12:57,000000000567,Shelf -> Other,1,2024-09-12 16:12:57,TAKEOUT,Shelf,,Shelf
3813,9/12/2024 18:2:59,000000000338,Shelf -> Other,1,2024-09-12 18:02:59,TAKEOUT,Shelf,,Shelf
3814,9/12/2024 22:38:23,000000000741,Shelf -> Other,1,2024-09-12 22:38:23,TAKEOUT,Shelf,,Shelf
3815,9/12/2024 22:48:27,000000000383,Shelf -> Other,1,2024-09-12 22:48:27,TAKEOUT,Shelf,,Shelf
3816,9/12/2024 22:48:35,000000000451,Shelf -> Other,2,2024-09-12 22:48:35,TAKEOUT,Shelf,,Shelf
3817,9/12/2024 22:48:42,000000000536,Shelf -> Other,2,2024-09-12 22:48:42,TAKEOUT,Shelf,,Shelf
3818,9/12/2024 22:48:47,000000000338,Shelf -> Other,3,2024-09-12 22:48:47,TAKEOUT,Shelf,,Shelf
3819,9/12/2024 22:48:52,000000000369,Shelf -> Other,1,2024-09-12 22:48:52,TAKEOUT,Shelf,,Shelf
3820,9/12/2024 22:49:3,000000000369,Shelf -> Other,2,2024-09-12 22:49:03,TAKEOUT,Shelf,,Shelf
3821,9/13/2024 16:20:41,000000000338,Shelf -> Other,1,2024-09-13 16:20:41,TAKEOUT,Shelf,,Shelf
3822,9/13/2024 16:26:53,000000001120,Shelf -> Other,1,2024-09-13 16:26:53,TAKEOUT,Shelf,,Shelf
3823,9/13/2024 16:28:2,000000000963,Shelf -> Other,1,2024-09-13 16:28:02,TAKEOUT,Shelf,,Shelf
3824,9/13/2024 16:29:37,000000000741,Shelf -> Other,1,2024-09-13 16:29:37,TAKEOUT,Shelf,,Shelf
3825,9/13/2024 16:32:20,000000000376,Shelf -> Other,2,2024-09-13 16:32:20,TAKEOUT,Shelf,,Shelf
3826,9/13/2024 16:32:47,000000000376,Shelf -> Other,2,2024-09-13 16:32:47,TAKEOUT,Shelf,,Shelf
3827,9/13/2024 16:35:16,000000000376,Shelf -> Other,2,2024-09-13 16:35:16,TAKEOUT,Shelf,,Shelf
3828,9/14/2024 11:19:13,000000000451,Shelf -> Other,1,2024-09-14 11:19:13,TAKEOUT,Shelf,,Shelf
3829,9/14/2024 11:19:21,000000000369,Shelf -> Other,1,2024-09-14 11:19:21,TAKEOUT,Shelf,,Shelf
3830,9/15/2024 14:10:29,000000000024,Shelf -> Other,2,2024-09-15 14:10:29,TAKEOUT,Shelf,,Shelf
3831,9/15/2024 14:11:10,000000000062,Shelf -> Other,2,2024-09-15 14:11:10,TAKEOUT,Shelf,,Shelf
3832,9/17/2024 8:48:0,000000001120,Shelf -> Other,3,2024-09-17 08:48:00,TAKEOUT,Shelf,,Shelf
3833,9/17/2024 9:29:57,000000000369,Shelf -> Other,1,2024-09-17 09:29:57,TAKEOUT,Shelf,,Shelf
3834,9/17/2024 9:30:5,000000000338,Shelf -> Other,1,2024-09-17 09:30:05,TAKEOUT,Shelf,,Shelf
3835,9/17/2024 13:10:26,000000000369,Shelf -> Other,1,2024-09-17 13:10:26,TAKEOUT,Shelf,,Shelf
3836,9/18/2024 11:16:4,000000000338,Cage -> Shelf,5,2024-09-18 11:16:04,TRANSFER,Cage,Shelf,Shelf
3837,9/18/2024 11:16:35,000000000369,Cage -> Shelf,5,2024-09-18 11:16:35,TRANSFER,Cage,Shelf,Shelf
3838,9/18/2024 11:17:4,000000000376,Cage -> Shelf,5,2024-09-18 11:17:04,TRANSFER,Cage,Shelf,Shelf
3839,9/18/2024 11:29:3,000000000536,Cage -> Shelf,3,2024-09-18 11:29:03,TRANSFER,Cage,Shelf,Shelf
3840,9/18/2024 11:29:32,000000000451,Cage -> Shelf,3,2024-09-18 11:29:32,TRANSFER,Cage,Shelf,Shelf
3841,9/18/2024 17:51:20,000000000369,Cage -> Shelf,1,2024-09-18 17:51:20,TRANSFER,Cage,Shelf,Shelf
3842,9/18/2024 17:51:54,000000000338,Cage -> Shelf,1,2024-09-18 17:51:54,TRANSFER,Cage,Shelf,Shelf
3843,9/18/2024 17:56:51,000000000840,Cage -> Shelf,1,2024-09-18 17:56:51,TRANSFER,Cage,Shelf,Shelf
3844,9/18/2024 19:36:47,000000000963,Cage -> Shelf,3,2024-09-18 19:36:47,TRANSFER,Cage,Shelf,Shelf
3845,9/18/2024 19:36:58,000000000963,RECOUNT - Cage,0,2024-09-18 19:36:58,COUNT,,Cage,Cage
3846,9/18/2024 19:37:6,000000000963,RECOUNT - Shelf,6,2024-09-18 19:37:06,COUNT,,Shelf,Shelf
3847,9/18/2024 19:46:42,000000000376,Shelf -> Other,3,2024-09-18 19:46:42,TAKEOUT,Shelf,,Shelf
3848,9/18/2024 19:52:47,000000000376,Shelf -> Other,1,2024-09-18 19:52:47,TAKEOUT,Shelf,,Shelf
3849,9/18/2024 19:56:7,000000000321,Shelf -> Other,4,2024-09-18 19:56:07,TAKEOUT,Shelf,,Shelf
3850,9/18/2024 19:56:45,000000000376,Shelf -> Other,1,2024-09-18 19:56:45,TAKEOUT,Shelf,,Shelf
3851,9/18/2024 19:58:25,000000000376,Cage -> Shelf,10,2024-09-18 19:58:25,TRANSFER,Cage,Shelf,Shelf
3852,9/18/2024 19:58:36,000000000017,RECOUNT - Shelf,0,2024-09-18 19:58:36,COUNT,,Shelf,Shelf
3853,9/18/2024 19:58:46,000000000017,RECOUNT - Cage,0,2024-09-18 19:58:46,COUNT,,Cage,Cage
3854,9/18/2024 20:0:18,000000000376,Shelf -> Other,2,2024-09-18 20:00:18,TAKEOUT,Shelf,,Shelf
3855,9/18/2024 20:0:34,000000001113,Shelf -> Other,6,2024-09-18 20:00:34,TAKEOUT,Shelf,,Shelf
3856,9/18/2024 20:0:46,000000000536,Shelf -> Other,1,2024-09-18 20:00:46,TAKEOUT,Shelf,,Shelf
3857,9/18/2024 20:1:48,000000000376,Shelf -> Other,3,2024-09-18 20:01:48,TAKEOUT,Shelf,,Shelf
3858,9/18/2024 20:5:9,000000000376,Cage -> Shelf,5,2024-09-18 20:05:09,TRANSFER,Cage,Shelf,Shelf
3859,9/18/2024 20:12:4,000000000321,Shelf -> Other,2,2024-09-18 20:12:04,TAKEOUT,Shelf,,Shelf
3860,9/18/2024 20:13:15,000000000840,Cage -> Shelf,12,2024-09-18 20:13:15,TRANSFER,Cage,Shelf,Shelf
3861,9/18/2024 20:13:20,000000000789,Cage -> Shelf,1,2024-09-18 20:13:20,TRANSFER,Cage,Shelf,Shelf
3862,9/18/2024 20:13:47,000000000338,Shelf -> Other,1,2024-09-18 20:13:47,TAKEOUT,Shelf,,Shelf
3863,9/18/2024 20:14:21,000000000383,Shelf -> Other,1,2024-09-18 20:14:21,TAKEOUT,Shelf,,Shelf
3864,9/18/2024 20:15:12,000000000062,Cage -> Shelf,12,2024-09-18 20:15:12,TRANSFER,Cage,Shelf,Shelf
3865,9/18/2024 20:19:23,000000000468,Shelf -> Other,1,2024-09-18 20:19:23,TAKEOUT,Shelf,,Shelf
3866,9/18/2024 20:19:37,000000000475,Shelf -> Other,1,2024-09-18 20:19:37,TAKEOUT,Shelf,,Shelf
3867,9/18/2024 20:19:42,000000001045,Shelf -> Other,1,2024-09-18 20:19:42,TAKEOUT,Shelf,,Shelf
3868,9/18/2024 20:20:13,000000000284,Shelf -> Other,1,2024-09-18 20:20:13,TAKEOUT,Shelf,,Shelf
3869,9/18/2024 20:22:2,000000000475,Cage -> Shelf,3,2024-09-18 20:22:02,TRANSFER,Cage,Shelf,Shelf
3870,9/18/2024 20:24:36,000000000321,Shelf -> Other,4,2024-09-18 20:24:36,TAKEOUT,Shelf,,Shelf
3871,9/18/2024 20:25:38,000000000321,Cage -> Shelf,4,2024-09-18 20:25:38,TRANSFER,Cage,Shelf,Shelf
3872,9/19/2024 16:26:17,000000000741,Shelf -> Other,1,2024-09-19 16:26:17,TAKEOUT,Shelf,,Shelf
3873,9/21/2024 12:16:11,000000001120,Shelf -> Other,2,2024-09-21 12:16:11,TAKEOUT,Shelf,,Shelf
3874,9/22/2024 17:7:54,000000000062,Shelf -> Other,1,2024-09-22 17:07:54,TAKEOUT,Shelf,,Shelf
3875,9/22/2024 17:9:25,000000000758,Shelf -> Other,1,2024-09-22 17:09:25,TAKEOUT,Shelf,,Shelf
3876,9/23/2024 14:3:23,000000000338,Shelf -> Other,1,2024-09-23 14:03:23,TAKEOUT,Shelf,,Shelf
3877,9/23/2024 20:30:24,000000000239,Shelf -> Other,1,2024-09-23 20:30:24,TAKEOUT,Shelf,,Shelf
3878,9/23/2024 20:30:32,000000000277,Shelf -> Other,1,2024-09-23 20:30:32,TAKEOUT,Shelf,,Shelf
3879,9/23/2024 20:30:36,000000000284,Shelf -> Other,1,2024-09-23 20:30:36,TAKEOUT,Shelf,,Shelf
3880,9/23/2024 20:44:58,000000000338,Shelf -> Other,3,2024-09-23 20:44:58,TAKEOUT,Shelf,,Shelf
3881,9/24/2024 16:22:22,000000000567,Shelf -> Other,1,2024-09-24 16:22:22,TAKEOUT,Shelf,,Shelf
3882,9/24/2024 16:37:19,000000000093,Shelf -> Other,1,2024-09-24 16:37:19,TAKEOUT,Shelf,,Shelf
3883,9/25/2024 20:26:55,000000001168,Delivery -> Cage,4,2024-09-25 20:26:55,RESTOCK,,Cage,Cage
3884,9/25/2024 20:27:31,000000000789,Delivery -> Cage,4,2024-09-25 20:27:31,RESTOCK,,Cage,Cage
3885,9/25/2024 20:28:36,000000000017,Delivery -> Cage,200,2024-09-25 20:28:36,RESTOCK,,Cage,Cage
3886,9/25/2024 20:29:33,000000000017,Cage -> Shelf,40,2024-09-25 20:29:33,TRANSFER,Cage,Shelf,Shelf
3887,9/25/2024 20:30:51,000000000338,Delivery -> Cage,50,2024-09-25 20:30:51,RESTOCK,,Cage,Cage
3888,9/25/2024 20:31:10,000000000963,Delivery -> Cage,6,2024-09-25 20:31:10,RESTOCK,,Cage,Cage
3889,9/25/2024 20:31:37,000000000000,Delivery -> Cage,24,2024-09-25 20:31:37,RESTOCK,,Cage,Cage
3890,9/25/2024 20:32:19,000000000062,Delivery -> Cage,48,2024-09-25 20:32:19,RESTOCK,,Cage,Cage
3891,9/25/2024 20:32:33,000000000055,Delivery -> Cage,48,2024-09-25 20:32:33,RESTOCK,,Cage,Cage
3892,9/25/2024 20:32:51,000000001090,Delivery -> Cage,20,2024-09-25 20:32:51,RESTOCK,,Cage,Cage
3893,9/25/2024 20:33:1,000000001137,Delivery -> Cage,24,2024-09-25 20:33:01,RESTOCK,,Cage,Cage
3894,9/25/2024 20:33:11,000000001120,Delivery -> Cage,24,2024-09-25 20:33:11,RESTOCK,,Cage,Cage
3895,9/25/2024 20:33:24,000000000574,Delivery -> Cage,20,2024-09-25 20:33:24,RESTOCK,,Cage,Cage
3896,9/25/2024 20:33:37,000000000369,Delivery -> Cage,50,2024-09-25 20:33:37,RESTOCK,,Cage,Cage
3897,9/25/2024 20:33:47,000000000567,Delivery -> Cage,20,2024-09-25 20:33:47,RESTOCK,,Cage,Cage
3898,9/25/2024 20:34:16,000000000550,Delivery -> Cage,20,2024-09-25 20:34:16,RESTOCK,,Cage,Cage
3899,9/25/2024 20:34:22,000000000543,Delivery -> Cage,10,2024-09-25 20:34:22,RESTOCK,,Cage,Cage
3900,9/25/2024 20:35:41,000000000383,Delivery -> Cage,12,2024-09-25 20:35:41,RESTOCK,,Cage,Cage
3901,9/25/2024 20:46:32,000000000017,Shelf -> Other,6,2024-09-25 20:46:32,TAKEOUT,Shelf,,Shelf
3902,9/26/2024 11:15:14,000000000338,Shelf -> Other,1,2024-09-26 11:15:14,TAKEOUT,Shelf,,Shelf
3903,9/26/2024 11:52:41,000000000369,Shelf -> Other,1,2024-09-26 11:52:41,TAKEOUT,Shelf,,Shelf
3904,9/26/2024 14:40:18,000000000987,Shelf -> Other,1,2024-09-26 14:40:18,TAKEOUT,Shelf,,Shelf
3905,9/26/2024 21:48:58,000000000024,Shelf -> Other,12,2024-09-26 21:48:58,TAKEOUT,Shelf,,Shelf
3906,9/27/2024 12:34:52,000000000024,Shelf -> Other,4,2024-09-27 12:34:52,TAKEOUT,Shelf,,Shelf
3907,9/27/2024 12:35:5,000000001137,Shelf -> Other,1,2024-09-27 12:35:05,TAKEOUT,Shelf,,Shelf
3908,9/27/2024 12:36:30,000000000000,Shelf -> Other,1,2024-09-27 12:36:30,TAKEOUT,Shelf,,Shelf
3909,9/27/2024 12:36:52,000000000062,Shelf -> Other,3,2024-09-27 12:36:52,TAKEOUT,Shelf,,Shelf
3910,9/27/2024 12:43:6,000000000758,Shelf -> Other,1,2024-09-27 12:43:06,TAKEOUT,Shelf,,Shelf
3911,9/27/2024 12:43:26,000000000789,Shelf -> Other,1,2024-09-27 12:43:26,TAKEOUT,Shelf,,Shelf
3912,9/27/2024 12:43:46,000000000000,Shelf -> Other,2,2024-09-27 12:43:46,TAKEOUT,Shelf,,Shelf
3913,9/27/2024 21:16:31,000000000338,Shelf -> Other,1,2024-09-27 21:16:31,TAKEOUT,Shelf,,Shelf
3914,9/27/2024 21:16:37,000000000369,Shelf -> Other,1,2024-09-27 21:16:37,TAKEOUT,Shelf,,Shelf
3915,9/27/2024 21:16:45,000000000338,Shelf -> Other,1,2024-09-27 21:16:45,TAKEOUT,Shelf,,Shelf
3916,9/27/2024 21:20:18,000000001120,Shelf -> Other,1,2024-09-27 21:20:18,TAKEOUT,Shelf,,Shelf
3917,9/27/2024 21:20:44,000000000840,Shelf -> Other,1,2024-09-27 21:20:44,TAKEOUT,Shelf,,Shelf
3918,9/27/2024 21:21:12,000000001144,Shelf -> Other,10,2024-09-27 21:21:12,TAKEOUT,Shelf,,Shelf
3919,9/28/2024 20:21:2,000000000963,Shelf -> Other,2,2024-09-28 20:21:02,TAKEOUT,Shelf,,Shelf
3920,9/28/2024 20:24:15,000000000338,Shelf -> Other,1,2024-09-28 20:24:15,TAKEOUT,Shelf,,Shelf
3921,9/29/2024 0:48:45,000000000338,Shelf -> Other,1,2024-09-29 00:48:45,TAKEOUT,Shelf,,Shelf
3922,9/29/2024 0:48:52,000000000369,Shelf -> Other,1,2024-09-29 00:48:52,TAKEOUT,Shelf,,Shelf
3923,9/29/2024 1:41:31,000000000369,Shelf -> Other,1,2024-09-29 01:41:31,TAKEOUT,Shelf,,Shelf
3924,9/29/2024 10:1:3,000000000017,Shelf -> Other,8,2024-09-29 10:01:03,TAKEOUT,Shelf,,Shelf
3925,9/29/2024 10:1:50,000000000024,Shelf -> Other,10,2024-09-29 10:01:50,TAKEOUT,Shelf,,Shelf
3926,9/29/2024 10:2:11,000000000093,Shelf -> Other,1,2024-09-29 10:02:11,TAKEOUT,Shelf,,Shelf
3927,9/29/2024 10:3:12,000000000055,Shelf -> Other,2,2024-09-29 10:03:12,TAKEOUT,Shelf,,Shelf
3928,9/29/2024 10:3:18,000000000062,Shelf -> Other,5,2024-09-29 10:03:18,TAKEOUT,Shelf,,Shelf
3929,9/29/2024 10:4:23,000000000000,Shelf -> Other,2,2024-09-29 10:04:23,TAKEOUT,Shelf,,Shelf
3930,9/29/2024 10:5:1,000000000550,Shelf -> Other,1,2024-09-29 10:05:01,TAKEOUT,Shelf,,Shelf
3931,9/29/2024 10:5:43,000000000567,Shelf -> Other,1,2024-09-29 10:05:43,TAKEOUT,Shelf,,Shelf
3932,9/29/2024 10:12:42,000000000017,Shelf -> Other,3,2024-09-29 10:12:42,TAKEOUT,Shelf,,Shelf
3933,9/29/2024 10:13:58,000000000017,Shelf -> Other,2,2024-09-29 10:13:58,TAKEOUT,Shelf,,Shelf
3934,9/29/2024 10:14:6,000000000062,Shelf -> Other,2,2024-09-29 10:14:06,TAKEOUT,Shelf,,Shelf
3935,9/29/2024 10:16:28,000000000062,Shelf -> Other,2,2024-09-29 10:16:28,TAKEOUT,Shelf,,Shelf
3936,9/30/2024 19:4:43,000000000376,Shelf -> Other,1,2024-09-30 19:04:43,TAKEOUT,Shelf,,Shelf
3937,9/30/2024 19:4:56,000000000345,Shelf -> Other,1,2024-09-30 19:04:56,TAKEOUT,Shelf,,Shelf
3938,9/30/2024 19:5:0,000000000017,Shelf -> Other,1,2024-09-30 19:05:00,TAKEOUT,Shelf,,Shelf
3939,9/30/2024 19:43:19,000000001137,Shelf -> Other,1,2024-09-30 19:43:19,TAKEOUT,Shelf,,Shelf
3940,9/30/2024 19:43:27,000000001120,Shelf -> Other,3,2024-09-30 19:43:27,TAKEOUT,Shelf,,Shelf
3941,9/30/2024 19:45:33,000000000376,Shelf -> Other,4,2024-09-30 19:45:33,TAKEOUT,Shelf,,Shelf
3942,9/30/2024 19:46:17,000000000345,Shelf -> Other,2,2024-09-30 19:46:17,TAKEOUT,Shelf,,Shelf
3943,9/30/2024 19:46:46,000000000338,Shelf -> Other,4,2024-09-30 19:46:46,TAKEOUT,Shelf,,Shelf
3944,9/30/2024 20:23:39,000000000055,Shelf -> Other,6,2024-09-30 20:23:39,TAKEOUT,Shelf,,Shelf
3945,9/30/2024 20:24:45,000000000024,Shelf -> Other,6,2024-09-30 20:24:45,TAKEOUT,Shelf,,Shelf
3946,9/30/2024 20:33:0,000000000918,Shelf -> Other,1,2024-09-30 20:33:00,TAKEOUT,Shelf,,Shelf
3947,9/30/2024 20:33:4,000000000901,Shelf -> Other,1,2024-09-30 20:33:04,TAKEOUT,Shelf,,Shelf
3948,10/2/2024 18:31:23,000000000963,Shelf -> Other,2,2024-10-02 18:31:23,TAKEOUT,Shelf,,Shelf
3949,10/2/2024 19:34:21,000000000055,Shelf -> Other,1,2024-10-02 19:34:21,TAKEOUT,Shelf,,Shelf
3950,10/2/2024 19:34:28,000000000024,Shelf -> Other,1,2024-10-02 19:34:28,TAKEOUT,Shelf,,Shelf
3951,10/3/2024 19:42:5,000000000987,Cage -> Other,1,2024-10-03 19:42:05,TAKEOUT,Cage,,Cage
3952,10/4/2024 16:11:14,000000000550,Shelf -> Other,1,2024-10-04 16:11:14,TAKEOUT,Shelf,,Shelf
3953,10/4/2024 16:11:25,000000000567,Shelf -> Other,2,2024-10-04 16:11:25,TAKEOUT,Shelf,,Shelf
3954,10/4/2024 16:11:49,000000000574,Shelf -> Other,1,2024-10-04 16:11:49,TAKEOUT,Shelf,,Shelf
3955,10/4/2024 16:29:48,000000000338,Shelf -> Other,1,2024-10-04 16:29:48,TAKEOUT,Shelf,,Shelf
3956,10/4/2024 16:59:48,000000001144,Shelf -> Other,5,2024-10-04 16:59:48,TAKEOUT,Shelf,,Shelf
3957,10/7/2024 20:39:6,000000000031,Shelf -> Other,1,2024-10-07 20:39:06,TAKEOUT,Shelf,,Shelf
3958,10/11/2024 20:2:18,000000000369,Shelf -> Other,1,2024-10-11 20:02:18,TAKEOUT,Shelf,,Shelf
3959,10/14/2024 9:53:4,000000000574,Shelf -> Other,1,2024-10-14 09:53:04,TAKEOUT,Shelf,,Shelf
3960,10/19/2024 15:55:42,000000000376,Shelf -> Other,1,2024-10-19 15:55:42,TAKEOUT,Shelf,,Shelf
3961,10/19/2024 15:55:53,000000000369,Shelf -> Other,1,2024-10-19 15:55:53,TAKEOUT,Shelf,,Shelf
3962,10/19/2024 15:56:29,000000000383,Shelf -> Other,1,2024-10-19 15:56:29,TAKEOUT,Shelf,,Shelf
3963,10/19/2024 15:57:3,000000000970,Shelf -> Other,1,2024-10-19 15:57:03,TAKEOUT,Shelf,,Shelf
3964,10/19/2024 16:2:17,000000000567,Shelf -> Other,1,2024-10-19 16:02:17,TAKEOUT,Shelf,,Shelf
3965,10/21/2024 0:0:6,000000000451,Shelf -> Other,2,2024-10-21 00:00:06,TAKEOUT,Shelf,,Shelf
3966,10/21/2024 0:0:19,000000000338,Shelf -> Other,1,2024-10-21 00:00:19,TAKEOUT,Shelf,,Shelf
3967,10/21/2024 11:54:37,000000000567,Shelf -> Other,1,2024-10-21 11:54:37,TAKEOUT,Shelf,,Shelf
3968,10/21/2024 20:8:42,000000000741,Shelf -> Other,1,2024-10-21 20:08:42,TAKEOUT,Shelf,,Shelf
3969,10/23/2024 4:34:22,000000000338,Shelf -> Other,1,2024-10-23 04:34:22,TAKEOUT,Shelf,,Shelf
3970,10/23/2024 4:34:54,000000001090,Shelf -> Other,1,2024-10-23 04:34:54,TAKEOUT,Shelf,,Shelf
3971,10/23/2024 7:50:18,000000000024,Shelf -> Other,2,2024-10-23 07:50:18,TAKEOUT,Shelf,,Shelf
3972,10/23/2024 7:50:24,000000000000,Shelf -> Other,1,2024-10-23 07:50:24,TAKEOUT,Shelf,,Shelf
3973,10/24/2024 19:35:17,000000000062,Shelf -> Other,2,2024-10-24 19:35:17,TAKEOUT,Shelf,,Shelf
3974,10/24/2024 19:35:22,000000000369,Shelf -> Other,1,2024-10-24 19:35:22,TAKEOUT,Shelf,,Shelf
3975,10/24/2024 19:35:26,000000000338,Shelf -> Other,1,2024-10-24 19:35:26,TAKEOUT,Shelf,,Shelf
3976,10/24/2024 19:49:10,000000000062,Cage -> Shelf,24,2024-10-24 19:49:10,TRANSFER,Cage,Shelf,Shelf
3977,10/24/2024 19:50:5,000000000055,Cage -> Shelf,12,2024-10-24 19:50:05,TRANSFER,Cage,Shelf,Shelf
3978,10/25/2024 14:4:10,000000000567,Shelf -> Other,1,2024-10-25 14:04:10,TAKEOUT,Shelf,,Shelf
3979,10/25/2024 14:4:29,000000000338,Shelf -> Other,1,2024-10-25 14:04:29,TAKEOUT,Shelf,,Shelf
3980,10/26/2024 4:58:19,000000000369,Shelf -> Other,1,2024-10-26 04:58:19,TAKEOUT,Shelf,,Shelf
3981,10/26/2024 4:58:32,000000000338,Shelf -> Other,2,2024-10-26 04:58:32,TAKEOUT,Shelf,,Shelf
3982,10/28/2024 11:54:55,000000000338,Shelf -> Other,2,2024-10-28 11:54:55,TAKEOUT,Shelf,,Shelf
3983,10/28/2024 11:55:2,000000001120,Shelf -> Other,2,2024-10-28 11:55:02,TAKEOUT,Shelf,,Shelf
3984,10/28/2024 17:53:8,000000000017,Shelf -> Other,2,2024-10-28 17:53:08,TAKEOUT,Shelf,,Shelf
3985,10/28/2024 19:16:56,000000000840,Shelf -> Other,2,2024-10-28 19:16:56,TAKEOUT,Shelf,,Shelf
3986,10/28/2024 19:17:10,000000000055,Shelf -> Other,2,2024-10-28 19:17:10,TAKEOUT,Shelf,,Shelf
3987,10/28/2024 19:17:18,000000000062,Shelf -> Other,2,2024-10-28 19:17:18,TAKEOUT,Shelf,,Shelf
3988,10/28/2024 19:18:13,000000000000,Shelf -> Other,1,2024-10-28 19:18:13,TAKEOUT,Shelf,,Shelf
3989,10/28/2024 19:18:18,000000000055,Shelf -> Other,1,2024-10-28 19:18:18,TAKEOUT,Shelf,,Shelf
3990,10/28/2024 19:18:25,000000000062,Shelf -> Other,1,2024-10-28 19:18:25,TAKEOUT,Shelf,,Shelf
3991,10/28/2024 19:31:0,000000000338,Shelf -> Other,1,2024-10-28 19:31:00,TAKEOUT,Shelf,,Shelf
3992,10/28/2024 19:35:42,000000000383,Shelf -> Other,1,2024-10-28 19:35:42,TAKEOUT,Shelf,,Shelf
3993,10/28/2024 19:38:5,000000000840,Shelf -> Other,2,2024-10-28 19:38:05,TAKEOUT,Shelf,,Shelf
3994,10/29/2024 14:11:43,000000000055,Shelf -> Other,1,2024-10-29 14:11:43,TAKEOUT,Shelf,,Shelf
3995,10/29/2024 14:11:51,000000000024,Shelf -> Other,1,2024-10-29 14:11:51,TAKEOUT,Shelf,,Shelf
3996,10/29/2024 17:1:14,000000000369,Shelf -> Other,1,2024-10-29 17:01:14,TAKEOUT,Shelf,,Shelf
3997,10/30/2024 19:13:19,000000001120,Shelf -> Other,1,2024-10-30 19:13:19,TAKEOUT,Shelf,,Shelf
3998,11/4/2024 19:2:48,000000000338,Shelf -> Other,1,2024-11-04 19:02:48,TAKEOUT,Shelf,,Shelf
3999,11/4/2024 19:2:57,000000000369,Shelf -> Other,3,2024-11-04 19:02:57,TAKEOUT,Shelf,,Shelf
4000,11/4/2024 22:44:16,000000001120,Shelf -> Other,1,2024-11-04 22:44:16,TAKEOUT,Shelf,,Shelf
4001,11/4/2024 22:44:26,000000001137,Shelf -> Other,1,2024-11-04 22:44:26,TAKEOUT,Shelf,,Shelf
4002,11/4/2024 22:44:37,000000000345,Shelf -> Other,2,2024-11-04 22:44:37,TAKEOUT,Shelf,,Shelf
4003,11/5/2024 4:12:51,000000000567,Shelf -> Other,1,2024-11-05 04:12:51,TAKEOUT,Shelf,,Shelf
4004,11/5/2024 5:9:34,000000000963,Shelf -> Other,1,2024-11-05 05:09:34,TAKEOUT,Shelf,,Shelf
4005,11/5/2024 5:10:44,000000000338,Shelf -> Other,1,2024-11-05 05:10:44,TAKEOUT,Shelf,,Shelf
4006,11/5/2024 5:12:11,000000000550,Shelf -> Other,1,2024-11-05 05:12:11,TAKEOUT,Shelf,,Shelf
4007,11/5/2024 17:10:9,000000000567,Shelf -> Other,1,2024-11-05 17:10:09,TAKEOUT,Shelf,,Shelf
4008,11/5/2024 17:10:35,000000000055,Shelf -> Other,2,2024-11-05 17:10:35,TAKEOUT,Shelf,,Shelf
4009,11/5/2024 17:10:39,000000000017,Shelf -> Other,2,2024-11-05 17:10:39,TAKEOUT,Shelf,,Shelf
4010,11/5/2024 17:27:7,000000000338,Shelf -> Other,1,2024-11-05 17:27:07,TAKEOUT,Shelf,,Shelf
4011,11/5/2024 18:12:46,000000000017,Shelf -> Other,2,2024-11-05 18:12:46,TAKEOUT,Shelf,,Shelf
4012,11/5/2024 18:13:14,000000000062,Shelf -> Other,2,2024-11-05 18:13:14,TAKEOUT,Shelf,,Shelf
4013,11/6/2024 18:24:47,000000000383,Shelf -> Other,1,2024-11-06 18:24:47,TAKEOUT,Shelf,,Shelf
4014,11/6/2024 18:24:52,000000000420,Shelf -> Other,1,2024-11-06 18:24:52,TAKEOUT,Shelf,,Shelf
4015,11/7/2024 9:7:10,000000001137,Shelf -> Other,2,2024-11-07 09:07:10,TAKEOUT,Shelf,,Shelf
4016,11/7/2024 9:7:19,000000001120,Shelf -> Other,1,2024-11-07 09:07:19,TAKEOUT,Shelf,,Shelf
4017,11/7/2024 9:8:12,000000000024,Shelf -> Other,6,2024-11-07 09:08:12,TAKEOUT,Shelf,,Shelf
4018,11/7/2024 9:8:29,000000000062,Shelf -> Other,3,2024-11-07 09:08:29,TAKEOUT,Shelf,,Shelf
4019,11/7/2024 9:8:53,000000000000,Shelf -> Other,1,2024-11-07 09:08:53,TAKEOUT,Shelf,,Shelf
4020,11/7/2024 9:9:40,000000000840,Shelf -> Other,2,2024-11-07 09:09:40,TAKEOUT,Shelf,,Shelf
4021,11/7/2024 9:11:13,000000000055,Shelf -> Other,2,2024-11-07 09:11:13,TAKEOUT,Shelf,,Shelf
4022,11/7/2024 9:11:43,000000000017,Shelf -> Other,4,2024-11-07 09:11:43,TAKEOUT,Shelf,,Shelf
4023,11/7/2024 9:12:15,000000000581,Shelf -> Other,6,2024-11-07 09:12:15,TAKEOUT,Shelf,,Shelf
4024,11/7/2024 9:13:43,000000000031,Shelf -> Other,1,2024-11-07 09:13:43,TAKEOUT,Shelf,,Shelf
4025,11/7/2024 16:0:50,000000000338,Shelf -> Other,2,2024-11-07 16:00:50,TAKEOUT,Shelf,,Shelf
4026,11/7/2024 16:0:59,000000000369,Shelf -> Other,1,2024-11-07 16:00:59,TAKEOUT,Shelf,,Shelf
4027,11/9/2024 0:3:2,000000001120,Shelf -> Other,2,2024-11-09 00:03:02,TAKEOUT,Shelf,,Shelf
4028,11/9/2024 17:0:47,000000000017,Shelf -> Other,1,2024-11-09 17:00:47,TAKEOUT,Shelf,,Shelf
4029,11/9/2024 17:0:56,000000000000,Shelf -> Other,1,2024-11-09 17:00:56,TAKEOUT,Shelf,,Shelf
4030,11/9/2024 17:1:5,000000000062,Shelf -> Other,1,2024-11-09 17:01:05,TAKEOUT,Shelf,,Shelf
4031,11/9/2024 17:1:23,000000000024,Shelf -> Other,4,2024-11-09 17:01:23,TAKEOUT,Shelf,,Shelf
4032,11/9/2024 17:3:6,000000000017,Shelf -> Other,1,2024-11-09 17:03:06,TAKEOUT,Shelf,,Shelf
4033,11/10/2024 13:16:14,000000000758,Shelf -> Other,1,2024-11-10 13:16:14,TAKEOUT,Shelf,,Shelf
4034,11/11/2024 10:54:13,000000000550,Shelf -> Other,2,2024-11-11 10:54:13,TAKEOUT,Shelf,,Shelf
4035,11/11/2024 20:30:2,000000001120,Shelf -> Other,1,2024-11-11 20:30:02,TAKEOUT,Shelf,,Shelf
4036,11/11/2024 20:32:56,000000000055,Shelf -> Other,1,2024-11-11 20:32:56,TAKEOUT,Shelf,,Shelf
4037,11/12/2024 9:50:13,000000000840,Shelf -> Other,1,2024-11-12 09:50:13,TAKEOUT,Shelf,,Shelf
4038,11/13/2024 18:33:42,000000000338,Shelf -> Other,1,2024-11-13 18:33:42,TAKEOUT,Shelf,,Shelf
4039,11/13/2024 20:5:55,000000000567,Shelf -> Other,1,2024-11-13 20:05:55,TAKEOUT,Shelf,,Shelf
4040,11/16/2024 12:50:15,000000000093,Shelf -> Other,1,2024-11-16 12:50:15,TAKEOUT,Shelf,,Shelf
4041,11/18/2024 2:5:58,000000000567,Shelf -> Other,1,2024-11-18 02:05:58,TAKEOUT,Shelf,,Shelf
4042,11/18/2024 2:6:19,000000000338,Shelf -> Other,2,2024-11-18 02:06:19,TAKEOUT,Shelf,,Shelf
4043,11/18/2024 2:6:34,000000000376,Shelf -> Other,1,2024-11-18 02:06:34,TAKEOUT,Shelf,,Shelf
4044,11/18/2024 10:21:24,000000000338,Shelf -> Other,1,2024-11-18 10:21:24,TAKEOUT,Shelf,,Shelf
4045,11/18/2024 14:3:55,000000000024,Shelf -> Other,2,2024-11-18 14:03:55,TAKEOUT,Shelf,,Shelf
4046,11/18/2024 14:4:3,000000000369,Shelf -> Other,1,2024-11-18 14:04:03,TAKEOUT,Shelf,,Shelf
4047,11/18/2024 19:52:7,000000000338,Shelf -> Other,1,2024-11-18 19:52:07,TAKEOUT,Shelf,,Shelf
4048,11/18/2024 20:54:41,000000000000,Shelf -> Other,1,2024-11-18 20:54:41,TAKEOUT,Shelf,,Shelf
4049,11/18/2024 20:56:5,000000000055,Shelf -> Other,2,2024-11-18 20:56:05,TAKEOUT,Shelf,,Shelf
4050,11/18/2024 20:57:26,000000000550,Shelf -> Other,1,2024-11-18 20:57:26,TAKEOUT,Shelf,,Shelf
4051,11/18/2024 21:3:11,000000001144,Shelf -> Other,3,2024-11-18 21:03:11,TAKEOUT,Shelf,,Shelf
4052,11/18/2024 21:20:5,000000000017,Shelf -> Other,10,2024-11-18 21:20:05,TAKEOUT,Shelf,,Shelf
4053,11/18/2024 21:22:2,000000000024,Shelf -> Other,20,2024-11-18 21:22:02,TAKEOUT,Shelf,,Shelf
4054,11/18/2024 21:25:48,000000001120,Shelf -> Other,1,2024-11-18 21:25:48,TAKEOUT,Shelf,,Shelf
4055,11/18/2024 21:42:48,000000000789,Shelf -> Other,1,2024-11-18 21:42:48,TAKEOUT,Shelf,,Shelf
4056,11/20/2024 17:20:12,000000000024,Shelf -> Other,1,2024-11-20 17:20:12,TAKEOUT,Shelf,,Shelf
4057,11/20/2024 18:54:31,000000000369,Shelf -> Other,1,2024-11-20 18:54:31,TAKEOUT,Shelf,,Shelf
4058,11/20/2024 18:55:16,000000000369,Shelf -> Other,2,2024-11-20 18:55:16,TAKEOUT,Shelf,,Shelf
4059,11/20/2024 20:49:42,000000001137,Shelf -> Other,1,2024-11-20 20:49:42,TAKEOUT,Shelf,,Shelf
4060,11/22/2024 11:1:10,000000000338,Shelf -> Other,1,2024-11-22 11:01:10,TAKEOUT,Shelf,,Shelf
4061,11/22/2024 11:15:17,000000000369,Shelf -> Other,1,2024-11-22 11:15:17,TAKEOUT,Shelf,,Shelf
4062,11/22/2024 15:48:50,000000001045,Cage -> Other,1,2024-11-22 15:48:50,TAKEOUT,Cage,,Cage
4063,11/22/2024 18:47:14,000000001144,Shelf -> Other,2,2024-11-22 18:47:14,TAKEOUT,Shelf,,Shelf
4064,11/25/2024 16:36:49,000000001120,Shelf -> Other,1,2024-11-25 16:36:49,TAKEOUT,Shelf,,Shelf
4065,11/25/2024 16:37:22,000000000017,Shelf -> Other,1,2024-11-25 16:37:22,TAKEOUT,Shelf,,Shelf
4066,11/29/2024 3:37:25,000000001137,Shelf -> Other,1,2024-11-29 03:37:25,TAKEOUT,Shelf,,Shelf
4067,11/29/2024 3:42:8,000000000017,Shelf -> Other,4,2024-11-29 03:42:08,TAKEOUT,Shelf,,Shelf
4068,11/29/2024 3:43:56,000000000031,Shelf -> Other,1,2024-11-29 03:43:56,TAKEOUT,Shelf,,Shelf
4069,11/29/2024 3:48:40,000000000369,Shelf -> Other,1,2024-11-29 03:48:40,TAKEOUT,Shelf,,Shelf
4070,11/30/2024 23:32:28,000000000017,Shelf -> Other,1,2024-11-30 23:32:28,TAKEOUT,Shelf,,Shelf
4071,11/30/2024 23:32:43,000000000741,Shelf -> Other,1,2024-11-30 23:32:43,TAKEOUT,Shelf,,Shelf
4072,11/30/2024 23:33:10,000000000000,Shelf -> Other,1,2024-11-30 23:33:10,TAKEOUT,Shelf,,Shelf
4073,12/1/2024 15:15:27,000000000765,Shelf -> Other,1,2024-12-01 15:15:27,TAKEOUT,Shelf,,Shelf
4074,12/1/2024 15:17:47,000000000376,Shelf -> Other,1,2024-12-01 15:17:47,TAKEOUT,Shelf,,Shelf
4075,12/1/2024 15:20:27,000000001137,Shelf -> Other,1,2024-12-01 15:20:27,TAKEOUT,Shelf,,Shelf
4076,12/1/2024 15:20:34,000000001120,Shelf -> Other,3,2024-12-01 15:20:34,TAKEOUT,Shelf,,Shelf
4077,12/1/2024 15:24:6,000000000581,Shelf -> Other,6,2024-12-01 15:24:06,TAKEOUT,Shelf,,Shelf
4078,12/2/2024 20:18:13,000000000338,Shelf -> Other,2,2024-12-02 20:18:13,TAKEOUT,Shelf,,Shelf
4079,12/2/2024 20:19:44,000000000741,Shelf -> Other,1,2024-12-02 20:19:44,TAKEOUT,Shelf,,Shelf
4080,12/2/2024 20:27:16,000000000550,Shelf -> Other,1,2024-12-02 20:27:16,TAKEOUT,Shelf,,Shelf
4081,12/2/2024 20:37:19,000000000406,Shelf -> Other,1,2024-12-02 20:37:19,TAKEOUT,Shelf,,Shelf
4082,12/2/2024 20:38:6,000000000260,Shelf -> Other,1,2024-12-02 20:38:06,TAKEOUT,Shelf,,Shelf
4083,12/3/2024 3:34:27,000000000369,Shelf -> Other,1,2024-12-03 03:34:27,TAKEOUT,Shelf,,Shelf
4084,12/3/2024 7:18:41,000000000383,Shelf -> Other,1,2024-12-03 07:18:41,TAKEOUT,Shelf,,Shelf
4085,12/3/2024 7:18:59,000000000390,Shelf -> Other,1,2024-12-03 07:18:59,TAKEOUT,Shelf,,Shelf
4086,12/3/2024 19:48:12,000000000024,Shelf -> Other,1,2024-12-03 19:48:12,TAKEOUT,Shelf,,Shelf
4087,12/3/2024 19:48:37,000000000000,Shelf -> Other,1,2024-12-03 19:48:37,TAKEOUT,Shelf,,Shelf
4088,12/4/2024 18:35:35,000000000550,Shelf -> Other,1,2024-12-04 18:35:35,TAKEOUT,Shelf,,Shelf
4089,12/4/2024 19:10:54,000000000116,RECOUNT - Cage,3,2024-12-04 19:10:54,COUNT,,Cage,Cage
4090,12/4/2024 19:11:4,000000000116,RECOUNT - Shelf,1,2024-12-04 19:11:04,COUNT,,Shelf,Shelf
4091,12/4/2024 19:11:39,000000000109,RECOUNT - Shelf,68,2024-12-04 19:11:39,COUNT,,Shelf,Shelf
4092,12/4/2024 19:13:16,000000000109,RECOUNT - Shelf,900,2024-12-04 19:13:16,COUNT,,Shelf,Shelf
4093,12/8/2024 3:54:23,000000000017,Shelf -> Other,2,2024-12-08 03:54:23,TAKEOUT,Shelf,,Shelf
4094,12/8/2024 11:26:24,000000000024,Shelf -> Other,1,2024-12-08 11:26:24,TAKEOUT,Shelf,,Shelf
4095,12/8/2024 11:52:11,000000000888,Cage -> Other,1,2024-12-08 11:52:11,TAKEOUT,Cage,,Cage
4096,12/8/2024 12:1:0,000000000109,Shelf -> Other,1,2024-12-08 12:01:00,TAKEOUT,Shelf,,Shelf
4097,12/8/2024 12:1:6,000000001113,Shelf -> Other,1,2024-12-08 12:01:06,TAKEOUT,Shelf,,Shelf
4098,12/9/2024 21:29:51,000000001120,Shelf -> Other,1,2024-12-09 21:29:51,TAKEOUT,Shelf,,Shelf
4099,12/10/2024 7:24:15,000000000369,Shelf -> Other,1,2024-12-10 07:24:15,TAKEOUT,Shelf,,Shelf
4100,12/10/2024 12:31:48,000000000338,Shelf -> Other,1,2024-12-10 12:31:48,TAKEOUT,Shelf,,Shelf
4101,12/11/2024 14:2:28,000000000338,Shelf -> Other,1,2024-12-11 14:02:28,TAKEOUT,Shelf,,Shelf
4102,12/11/2024 14:59:12,000000000369,Shelf -> Other,1,2024-12-11 14:59:12,TAKEOUT,Shelf,,Shelf
4103,12/11/2024 15:21:45,000000000369,Shelf -> Other,1,2024-12-11 15:21:45,TAKEOUT,Shelf,,Shelf
4104,12/11/2024 18:48:27,000000000369,Shelf -> Other,1,2024-12-11 18:48:27,TAKEOUT,Shelf,,Shelf
4105,12/11/2024 18:51:39,000000001090,Shelf -> Other,3,2024-12-11 18:51:39,TAKEOUT,Shelf,,Shelf
4106,12/11/2024 18:57:28,000000000987,Cage -> Other,1,2024-12-11 18:57:28,TAKEOUT,Cage,,Cage
4107,12/11/2024 19:15:40,000000000963,Shelf -> Other,1,2024-12-11 19:15:40,TAKEOUT,Shelf,,Shelf
4108,12/11/2024 19:20:5,000000000963,Cage -> Shelf,3,2024-12-11 19:20:05,TRANSFER,Cage,Shelf,Shelf
4109,12/11/2024 19:20:14,000000000963,Shelf -> Other,1,2024-12-11 19:20:14,TAKEOUT,Shelf,,Shelf
4110,12/11/2024 19:24:8,000000001120,Cage -> Shelf,5,2024-12-11 19:24:08,TRANSFER,Cage,Shelf,Shelf
4111,12/12/2024 15:55:35,000000000567,Shelf -> Other,1,2024-12-12 15:55:35,TAKEOUT,Shelf,,Shelf
4112,12/12/2024 17:32:44,000000000376,Shelf -> Other,2,2024-12-12 17:32:44,TAKEOUT,Shelf,,Shelf
4113,12/14/2024 0:34:57,000000000338,Shelf -> Other,2,2024-12-14 00:34:57,TAKEOUT,Shelf,,Shelf
4114,12/15/2024 16:54:46,000000000437,Cage -> Shelf,1,2024-12-15 16:54:46,TRANSFER,Cage,Shelf,Shelf
4115,12/15/2024 16:55:1,000000000437,Cage -> Other,3,2024-12-15 16:55:01,TAKEOUT,Cage,,Cage
4116,12/15/2024 17:5:42,000000000437,Other -> Shelf,1,2024-12-15 17:05:42,TRANSFER,Other,Shelf,Shelf
4117,12/15/2024 17:11:29,000000001090,Shelf -> Other,1,2024-12-15 17:11:29,TAKEOUT,Shelf,,Shelf
4118,12/17/2024 1:30:19,000000001120,Shelf -> Other,1,2024-12-17 01:30:19,TAKEOUT,Shelf,,Shelf
4119,12/17/2024 1:30:52,000000000840,Shelf -> Other,1,2024-12-17 01:30:52,TAKEOUT,Shelf,,Shelf
4120,12/17/2024 1:32:47,000000000550,Shelf -> Other,1,2024-12-17 01:32:47,TAKEOUT,Shelf,,Shelf
4121,12/17/2024 21:23:46,000000000116,Cage -> Shelf,1,2024-12-17 21:23:46,TRANSFER,Cage,Shelf,Shelf
4122,12/17/2024 21:23:55,000000000116,Cage -> Other,1,2024-12-17 21:23:55,TAKEOUT,Cage,,Cage
4123,12/18/2024 0:53:0,000000001137,Shelf -> Other,1,2024-12-18 00:53:00,TAKEOUT,Shelf,,Shelf
4124,12/18/2024 14:33:57,000000000024,Shelf -> Other,1,2024-12-18 14:33:57,TAKEOUT,Shelf,,Shelf
4125,12/18/2024 14:34:30,000000000000,Shelf -> Other,1,2024-12-18 14:34:30,TAKEOUT,Shelf,,Shelf
4126,12/19/2024 23:27:47,000000000017,Shelf -> Other,1,2024-12-19 23:27:47,TAKEOUT,Shelf,,Shelf
4127,12/19/2024 23:27:52,000000000024,Shelf -> Other,1,2024-12-19 23:27:52,TAKEOUT,Shelf,,Shelf
4128,12/19/2024 23:28:0,000000000017,Shelf -> Other,1,2024-12-19 23:28:00,TAKEOUT,Shelf,,Shelf
4129,12/19/2024 23:28:9,000000000062,Shelf -> Other,1,2024-12-19 23:28:09,TAKEOUT,Shelf,,Shelf
4130,12/20/2024 17:50:16,000000000062,Shelf -> Other,1,2024-12-20 17:50:16,TAKEOUT,Shelf,,Shelf
4131,12/20/2024 17:50:21,000000000055,Shelf -> Other,2,2024-12-20 17:50:21,TAKEOUT,Shelf,,Shelf
4132,12/20/2024 17:50:25,000000000338,Shelf -> Other,1,2024-12-20 17:50:25,TAKEOUT,Shelf,,Shelf
4133,12/20/2024 17:50:31,000000000024,Shelf -> Other,2,2024-12-20 17:50:31,TAKEOUT,Shelf,,Shelf
4134,12/20/2024 22:55:5,000000000109,Shelf -> Other,1,2024-12-20 22:55:05,TAKEOUT,Shelf,,Shelf
4135,12/20/2024 22:55:11,000000001113,Shelf -> Other,2,2024-12-20 22:55:11,TAKEOUT,Shelf,,Shelf
4136,12/20/2024 23:19:20,000000000017,Shelf -> Other,2,2024-12-20 23:19:20,TAKEOUT,Shelf,,Shelf
4137,12/22/2024 5:53:49,000000000338,Shelf -> Other,1,2024-12-22 05:53:49,TAKEOUT,Shelf,,Shelf
4138,12/22/2024 6:1:53,000000000741,Cage -> Shelf,5,2024-12-22 06:01:53,TRANSFER,Cage,Shelf,Shelf
4139,12/22/2024 6:2:7,000000000741,Shelf -> Other,1,2024-12-22 06:02:07,TAKEOUT,Shelf,,Shelf
4140,12/23/2024 8:12:15,000000000024,Shelf -> Other,4,2024-12-23 08:12:15,TAKEOUT,Shelf,,Shelf
4141,12/23/2024 20:34:33,000000000055,Shelf -> Other,6,2024-12-23 20:34:33,TAKEOUT,Shelf,,Shelf
4142,12/23/2024 20:34:41,000000001120,Shelf -> Other,1,2024-12-23 20:34:41,TAKEOUT,Shelf,,Shelf
4143,12/23/2024 20:44:40,000000000451,Shelf -> Other,1,2024-12-23 20:44:40,TAKEOUT,Shelf,,Shelf
4144,12/24/2024 23:28:9,000000000024,Shelf -> Other,1,2024-12-24 23:28:09,TAKEOUT,Shelf,,Shelf
4145,12/24/2024 23:30:40,000000000017,Shelf -> Other,2,2024-12-24 23:30:40,TAKEOUT,Shelf,,Shelf
4146,12/24/2024 23:31:59,000000000093,Shelf -> Other,2,2024-12-24 23:31:59,TAKEOUT,Shelf,,Shelf
4147,12/24/2024 23:34:43,000000000031,Shelf -> Other,1,2024-12-24 23:34:43,TAKEOUT,Shelf,,Shelf
4148,12/24/2024 23:36:40,000000000574,Shelf -> Other,1,2024-12-24 23:36:40,TAKEOUT,Shelf,,Shelf
4149,12/24/2024 23:37:22,000000000017,Shelf -> Other,1,2024-12-24 23:37:22,TAKEOUT,Shelf,,Shelf
4150,12/24/2024 23:51:44,000000000390,Shelf -> Other,1,2024-12-24 23:51:44,TAKEOUT,Shelf,,Shelf
4151,12/24/2024 23:56:57,000000000376,Shelf -> Other,1,2024-12-24 23:56:57,TAKEOUT,Shelf,,Shelf
4152,12/25/2024 19:20:44,000000000567,Shelf -> Other,1,2024-12-25 19:20:44,TAKEOUT,Shelf,,Shelf
4153,12/25/2024 20:27:4,000000000574,Shelf -> Other,1,2024-12-25 20:27:04,TAKEOUT,Shelf,,Shelf
4154,12/26/2024 14:43:22,000000000383,Shelf -> Other,1,2024-12-26 14:43:22,TAKEOUT,Shelf,,Shelf
4155,12/26/2024 23:16:58,000000000338,Shelf -> Other,1,2024-12-26 23:16:58,TAKEOUT,Shelf,,Shelf
4156,12/26/2024 23:17:5,000000000338,Shelf -> Other,1,2024-12-26 23:17:05,TAKEOUT,Shelf,,Shelf
4157,12/26/2024 23:17:16,000000000369,Shelf -> Other,2,2024-12-26 23:17:16,TAKEOUT,Shelf,,Shelf
4158,12/27/2024 11:9:53,000000000338,Cage -> Shelf,5,2024-12-27 11:09:53,TRANSFER,Cage,Shelf,Shelf
4159,12/27/2024 11:12:56,000000000345,Cage -> Shelf,3,2024-12-27 11:12:56,TRANSFER,Cage,Shelf,Shelf
4160,12/27/2024 11:14:30,000000000383,Cage -> Shelf,1,2024-12-27 11:14:30,TRANSFER,Cage,Shelf,Shelf
4161,12/27/2024 11:24:6,000000001090,Cage -> Shelf,2,2024-12-27 11:24:06,TRANSFER,Cage,Shelf,Shelf
4162,12/27/2024 11:56:0,000000000116,Shelf -> Other,1,2024-12-27 11:56:00,TAKEOUT,Shelf,,Shelf
4163,12/27/2024 17:39:2,000000000598,Cage -> Shelf,20,2024-12-27 17:39:02,TRANSFER,Cage,Shelf,Shelf
4164,12/27/2024 18:54:55,000000000116,Delivery -> Cage,12,2024-12-27 18:54:55,RESTOCK,,Cage,Cage
4165,12/27/2024 18:55:36,000000000116,Cage -> Shelf,2,2024-12-27 18:55:36,TRANSFER,Cage,Shelf,Shelf
4166,12/28/2024 11:26:30,000000000567,Shelf -> Other,1,2024-12-28 11:26:30,TAKEOUT,Shelf,,Shelf
4167,12/28/2024 11:26:35,000000000574,Shelf -> Other,1,2024-12-28 11:26:35,TAKEOUT,Shelf,,Shelf
4168,12/29/2024 4:7:29,000000000789,Shelf -> Other,1,2024-12-29 04:07:29,TAKEOUT,Shelf,,Shelf
4169,12/29/2024 4:8:4,000000000840,Shelf -> Other,2,2024-12-29 04:08:04,TAKEOUT,Shelf,,Shelf
4170,12/29/2024 4:10:51,000000000789,Cage -> Shelf,2,2024-12-29 04:10:51,TRANSFER,Cage,Shelf,Shelf
4171,12/29/2024 16:32:37,000000000369,Shelf -> Other,1,2024-12-29 16:32:37,TAKEOUT,Shelf,,Shelf
4172,12/29/2024 16:33:10,000000000321,Shelf -> Other,5,2024-12-29 16:33:10,TAKEOUT,Shelf,,Shelf
4173,12/29/2024 16:34:43,000000000338,Shelf -> Other,1,2024-12-29 16:34:43,TAKEOUT,Shelf,,Shelf
4174,12/29/2024 17:23:37,000000000383,Shelf -> Other,1,2024-12-29 17:23:37,TAKEOUT,Shelf,,Shelf
4175,1/1/2025 13:7:30,000000000338,Shelf -> Other,2,2025-01-01 13:07:30,TAKEOUT,Shelf,,Shelf
4176,1/1/2025 13:7:44,000000000369,Shelf -> Other,2,2025-01-01 13:07:44,TAKEOUT,Shelf,,Shelf
4177,1/1/2025 13:8:14,000000000567,Shelf -> Other,1,2025-01-01 13:08:14,TAKEOUT,Shelf,,Shelf
4178,1/1/2025 13:52:12,000000000338,Shelf -> Other,1,2025-01-01 13:52:12,TAKEOUT,Shelf,,Shelf
4179,1/1/2025 13:52:20,000000000369,Shelf -> Other,1,2025-01-01 13:52:20,TAKEOUT,Shelf,,Shelf
4180,1/1/2025 13:53:56,000000000109,Shelf -> Other,2,2025-01-01 13:53:56,TAKEOUT,Shelf,,Shelf
4181,1/4/2025 2:54:33,000000000345,Shelf -> Other,1,2025-01-04 02:54:33,TAKEOUT,Shelf,,Shelf
4182,1/4/2025 2:54:44,000000000338,Shelf -> Other,1,2025-01-04 02:54:44,TAKEOUT,Shelf,,Shelf
4183,1/5/2025 5:29:37,000000000437,Shelf -> Other,1,2025-01-05 05:29:37,TAKEOUT,Shelf,,Shelf
4184,1/5/2025 12:56:56,000000000017,Shelf -> Other,5,2025-01-05 12:56:56,TAKEOUT,Shelf,,Shelf
4185,1/5/2025 12:57:3,000000000581,Shelf -> Other,10,2025-01-05 12:57:03,TAKEOUT,Shelf,,Shelf
4186,1/5/2025 12:57:39,000000001014,Shelf -> Other,1,2025-01-05 12:57:39,TAKEOUT,Shelf,,Shelf
4187,1/5/2025 12:58:11,000000000093,Shelf -> Other,2,2025-01-05 12:58:11,TAKEOUT,Shelf,,Shelf
4188,1/5/2025 13:0:12,000000000024,Shelf -> Other,10,2025-01-05 13:00:12,TAKEOUT,Shelf,,Shelf
4189,1/5/2025 13:2:6,000000000062,Shelf -> Other,5,2025-01-05 13:02:06,TAKEOUT,Shelf,,Shelf
4190,1/5/2025 13:3:37,000000000000,Shelf -> Other,1,2025-01-05 13:03:37,TAKEOUT,Shelf,,Shelf
4191,1/5/2025 13:4:8,000000001120,Shelf -> Other,2,2025-01-05 13:04:08,TAKEOUT,Shelf,,Shelf
4192,1/5/2025 13:4:13,000000001137,Shelf -> Other,2,2025-01-05 13:04:13,TAKEOUT,Shelf,,Shelf
4193,1/5/2025 13:5:37,000000000031,Shelf -> Other,1,2025-01-05 13:05:37,TAKEOUT,Shelf,,Shelf
4194,1/5/2025 13:5:44,000000000697,Shelf -> Other,1,2025-01-05 13:05:44,TAKEOUT,Shelf,,Shelf
4195,1/5/2025 13:6:23,000000000741,Shelf -> Other,1,2025-01-05 13:06:23,TAKEOUT,Shelf,,Shelf
4196,1/5/2025 13:7:59,000000000628,Shelf -> Other,1,2025-01-05 13:07:59,TAKEOUT,Shelf,,Shelf
4197,1/5/2025 13:8:4,000000000604,Shelf -> Other,1,2025-01-05 13:08:04,TAKEOUT,Shelf,,Shelf
4198,1/5/2025 13:8:12,000000000642,Shelf -> Other,2,2025-01-05 13:08:12,TAKEOUT,Shelf,,Shelf
4199,1/5/2025 13:8:45,000000000543,Shelf -> Other,1,2025-01-05 13:08:45,TAKEOUT,Shelf,,Shelf
4200,1/6/2025 0:18:11,000000000338,Shelf -> Other,2,2025-01-06 00:18:11,TAKEOUT,Shelf,,Shelf
4201,1/6/2025 4:54:20,000000000451,Shelf -> Other,1,2025-01-06 04:54:20,TAKEOUT,Shelf,,Shelf
4202,1/6/2025 4:54:42,000000001090,Shelf -> Other,1,2025-01-06 04:54:42,TAKEOUT,Shelf,,Shelf
4203,1/6/2025 7:24:9,000000000550,Shelf -> Other,1,2025-01-06 07:24:09,TAKEOUT,Shelf,,Shelf
4204,1/6/2025 19:39:48,000000000840,Shelf -> Other,2,2025-01-06 19:39:48,TAKEOUT,Shelf,,Shelf
4205,1/6/2025 19:48:42,000000000345,Shelf -> Other,1,2025-01-06 19:48:42,TAKEOUT,Shelf,,Shelf
4206,1/6/2025 20:0:10,000000000406,Other -> Shelf,1,2025-01-06 20:00:10,TRANSFER,Other,Shelf,Shelf
4207,1/6/2025 20:18:12,000000001144,Shelf -> Other,4,2025-01-06 20:18:12,TAKEOUT,Shelf,,Shelf
4208,1/6/2025 23:1:9,000000000437,Shelf -> Other,1,2025-01-06 23:01:09,TAKEOUT,Shelf,,Shelf
4209,1/7/2025 15:39:2,000000000116,Shelf -> Other,1,2025-01-07 15:39:02,TAKEOUT,Shelf,,Shelf
4210,1/7/2025 22:59:30,000000000970,Shelf -> Other,1,2025-01-07 22:59:30,TAKEOUT,Shelf,,Shelf
4211,1/7/2025 23:55:2,000000000536,Shelf -> Other,1,2025-01-07 23:55:02,TAKEOUT,Shelf,,Shelf
4212,1/7/2025 23:55:21,000000000451,Shelf -> Other,1,2025-01-07 23:55:21,TAKEOUT,Shelf,,Shelf
4213,1/9/2025 11:38:58,000000000567,Shelf -> Other,1,2025-01-09 11:38:58,TAKEOUT,Shelf,,Shelf
4214,1/10/2025 11:37:15,000000000369,Shelf -> Other,2,2025-01-10 11:37:15,TAKEOUT,Shelf,,Shelf
4215,1/10/2025 13:49:21,000000000369,Shelf -> Other,1,2025-01-10 13:49:21,TAKEOUT,Shelf,,Shelf
4216,1/11/2025 10:29:33,000000000369,Shelf -> Other,1,2025-01-11 10:29:33,TAKEOUT,Shelf,,Shelf
4217,1/11/2025 10:36:14,000000000369,Shelf -> Other,3,2025-01-11 10:36:14,TAKEOUT,Shelf,,Shelf
4218,1/11/2025 10:41:26,000000000369,Shelf -> Other,2,2025-01-11 10:41:26,TAKEOUT,Shelf,,Shelf
4219,1/11/2025 10:41:32,000000000338,Shelf -> Other,2,2025-01-11 10:41:32,TAKEOUT,Shelf,,Shelf
4220,1/11/2025 10:44:49,000000001090,Shelf -> Other,1,2025-01-11 10:44:49,TAKEOUT,Shelf,,Shelf
4221,1/12/2025 9:12:58,000000000338,Shelf -> Other,1,2025-01-12 09:12:58,TAKEOUT,Shelf,,Shelf
4222,1/12/2025 10:33:18,000000000567,Shelf -> Other,1,2025-01-12 10:33:18,TAKEOUT,Shelf,,Shelf
4223,1/12/2025 15:20:29,000000001090,Shelf -> Other,2,2025-01-12 15:20:29,TAKEOUT,Shelf,,Shelf
4224,1/12/2025 15:22:41,000000000369,Shelf -> Other,1,2025-01-12 15:22:41,TAKEOUT,Shelf,,Shelf
4225,1/12/2025 15:36:3,000000001120,Shelf -> Other,2,2025-01-12 15:36:03,TAKEOUT,Shelf,,Shelf
4226,1/13/2025 17:47:37,000000000338,Shelf -> Other,1,2025-01-13 17:47:37,TAKEOUT,Shelf,,Shelf
4227,1/13/2025 22:52:3,000000000369,Shelf -> Other,1,2025-01-13 22:52:03,TAKEOUT,Shelf,,Shelf
4228,1/14/2025 18:17:2,000000001120,Shelf -> Other,1,2025-01-14 18:17:02,TAKEOUT,Shelf,,Shelf
4229,1/14/2025 23:45:44,000000000338,Shelf -> Other,1,2025-01-14 23:45:44,TAKEOUT,Shelf,,Shelf
4230,1/14/2025 23:45:54,000000000567,Shelf -> Other,1,2025-01-14 23:45:54,TAKEOUT,Shelf,,Shelf
4231,1/15/2025 0:21:37,000000000338,Shelf -> Other,2,2025-01-15 00:21:37,TAKEOUT,Shelf,,Shelf
4232,1/15/2025 0:21:41,000000000369,Shelf -> Other,1,2025-01-15 00:21:41,TAKEOUT,Shelf,,Shelf
4233,1/15/2025 8:2:11,000000000338,Shelf -> Other,1,2025-01-15 08:02:11,TAKEOUT,Shelf,,Shelf
4234,1/15/2025 8:54:19,000000001090,Shelf -> Other,1,2025-01-15 08:54:19,TAKEOUT,Shelf,,Shelf
4235,1/16/2025 21:48:42,000000000369,Shelf -> Other,1,2025-01-16 21:48:42,TAKEOUT,Shelf,,Shelf
4236,1/17/2025 20:27:34,000000000451,Delivery -> Cage,5,2025-01-17 20:27:34,RESTOCK,,Cage,Cage
4237,1/17/2025 20:30:8,000000000338,Delivery -> Cage,50,2025-01-17 20:30:08,RESTOCK,,Cage,Cage
4238,1/20/2025 9:25:4,000000001120,Shelf -> Other,1,2025-01-20 09:25:04,TAKEOUT,Shelf,,Shelf
4239,1/20/2025 9:25:36,000000000338,Shelf -> Other,1,2025-01-20 09:25:36,TAKEOUT,Shelf,,Shelf
4240,1/20/2025 19:2:40,000000000017,Shelf -> Other,1,2025-01-20 19:02:40,TAKEOUT,Shelf,,Shelf
4241,1/20/2025 19:2:45,000000001120,Shelf -> Other,1,2025-01-20 19:02:45,TAKEOUT,Shelf,,Shelf
4242,1/20/2025 19:3:33,000000000093,Shelf -> Other,1,2025-01-20 19:03:33,TAKEOUT,Shelf,,Shelf
4243,1/20/2025 19:6:46,000000000031,Shelf -> Other,1,2025-01-20 19:06:46,TAKEOUT,Shelf,,Shelf
4244,1/20/2025 19:9:27,000000000390,Shelf -> Other,1,2025-01-20 19:09:27,TAKEOUT,Shelf,,Shelf
4245,1/20/2025 19:9:32,000000000383,Shelf -> Other,1,2025-01-20 19:09:32,TAKEOUT,Shelf,,Shelf
4246,1/21/2025 8:50:43,000000000369,Shelf -> Other,1,2025-01-21 08:50:43,TAKEOUT,Shelf,,Shelf
4247,1/22/2025 16:24:6,000000000116,Shelf -> Other,1,2025-01-22 16:24:06,TAKEOUT,Shelf,,Shelf
4248,1/22/2025 16:53:34,000000000567,Shelf -> Other,1,2025-01-22 16:53:34,TAKEOUT,Shelf,,Shelf
4249,1/22/2025 16:53:40,000000000550,Shelf -> Other,1,2025-01-22 16:53:40,TAKEOUT,Shelf,,Shelf
4250,1/23/2025 10:20:5,000000000338,Shelf -> Other,1,2025-01-23 10:20:05,TAKEOUT,Shelf,,Shelf
4251,1/23/2025 10:20:22,000000000567,Shelf -> Other,1,2025-01-23 10:20:22,TAKEOUT,Shelf,,Shelf
4252,1/23/2025 10:20:26,000000000574,Shelf -> Other,1,2025-01-23 10:20:26,TAKEOUT,Shelf,,Shelf
4253,1/23/2025 11:2:35,000000000741,Shelf -> Other,1,2025-01-23 11:02:35,TAKEOUT,Shelf,,Shelf
4254,1/24/2025 15:44:21,000000000338,Shelf -> Other,2,2025-01-24 15:44:21,TAKEOUT,Shelf,,Shelf
4255,1/24/2025 15:44:40,000000000369,Shelf -> Other,2,2025-01-24 15:44:40,TAKEOUT,Shelf,,Shelf
4256,1/25/2025 11:56:26,000000000741,Shelf -> Other,1,2025-01-25 11:56:26,TAKEOUT,Shelf,,Shelf
4257,1/25/2025 11:56:32,000000001120,Shelf -> Other,1,2025-01-25 11:56:32,TAKEOUT,Shelf,,Shelf
4258,1/26/2025 1:15:46,000000000338,Shelf -> Other,4,2025-01-26 01:15:46,TAKEOUT,Shelf,,Shelf
4259,1/26/2025 14:48:29,000000000369,Shelf -> Other,1,2025-01-26 14:48:29,TAKEOUT,Shelf,,Shelf
4260,1/27/2025 19:52:1,000000000055,Shelf -> Other,1,2025-01-27 19:52:01,TAKEOUT,Shelf,,Shelf
4261,1/27/2025 19:57:8,000000000215,Shelf -> Other,1,2025-01-27 19:57:08,TAKEOUT,Shelf,,Shelf
4262,1/27/2025 20:5:38,000000000949,Shelf -> Other,1,2025-01-27 20:05:38,TAKEOUT,Shelf,,Shelf
4263,1/27/2025 20:13:20,000000000345,Shelf -> Other,1,2025-01-27 20:13:20,TAKEOUT,Shelf,,Shelf
4264,1/27/2025 20:24:19,000000001090,Shelf -> Other,1,2025-01-27 20:24:19,TAKEOUT,Shelf,,Shelf
4265,1/27/2025 20:26:19,000000001144,Shelf -> Other,2,2025-01-27 20:26:19,TAKEOUT,Shelf,,Shelf
4266,1/27/2025 20:28:42,000000000338,Shelf -> Other,1,2025-01-27 20:28:42,TAKEOUT,Shelf,,Shelf
4267,1/31/2025 5:35:39,000000000567,Shelf -> Other,1,2025-01-31 05:35:39,TAKEOUT,Shelf,,Shelf
4268,1/31/2025 11:35:57,000000000338,Shelf -> Other,2,2025-01-31 11:35:57,TAKEOUT,Shelf,,Shelf
4269,1/31/2025 11:36:4,000000000369,Shelf -> Other,1,2025-01-31 11:36:04,TAKEOUT,Shelf,,Shelf
4270,1/31/2025 11:44:1,000000001137,Shelf -> Other,2,2025-01-31 11:44:01,TAKEOUT,Shelf,,Shelf
4271,1/31/2025 11:48:32,000000000291,Shelf -> Other,1,2025-01-31 11:48:32,TAKEOUT,Shelf,,Shelf
4272,1/31/2025 12:2:22,000000001137,Shelf -> Other,2,2025-01-31 12:02:22,TAKEOUT,Shelf,,Shelf
4273,1/31/2025 12:15:1,000000000550,Shelf -> Other,1,2025-01-31 12:15:01,TAKEOUT,Shelf,,Shelf
4274,1/31/2025 14:23:36,000000001120,Shelf -> Other,1,2025-01-31 14:23:36,TAKEOUT,Shelf,,Shelf
4275,1/31/2025 14:27:21,000000000574,Shelf -> Other,1,2025-01-31 14:27:21,TAKEOUT,Shelf,,Shelf
4276,1/31/2025 21:59:26,000000000369,Shelf -> Other,1,2025-01-31 21:59:26,TAKEOUT,Shelf,,Shelf
4277,2/2/2025 15:48:0,000000000062,Shelf -> Other,1,2025-02-02 15:48:00,TAKEOUT,Shelf,,Shelf
4278,2/2/2025 15:48:24,000000000024,Shelf -> Other,2,2025-02-02 15:48:24,TAKEOUT,Shelf,,Shelf
4279,2/2/2025 17:34:40,000000000383,Shelf -> Other,1,2025-02-02 17:34:40,TAKEOUT,Shelf,,Shelf
4280,2/2/2025 17:36:0,000000000970,Shelf -> Other,1,2025-02-02 17:36:00,TAKEOUT,Shelf,,Shelf
4281,2/3/2025 7:34:31,000000001090,Shelf -> Other,1,2025-02-03 07:34:31,TAKEOUT,Shelf,,Shelf
4282,2/3/2025 7:35:28,000000000369,Shelf -> Other,1,2025-02-03 07:35:28,TAKEOUT,Shelf,,Shelf
4283,2/3/2025 20:38:37,000000000314,Shelf -> Other,1,2025-02-03 20:38:37,TAKEOUT,Shelf,,Shelf
4284,2/3/2025 20:43:11,000000000321,Shelf -> Other,4,2025-02-03 20:43:11,TAKEOUT,Shelf,,Shelf
4285,2/4/2025 1:13:51,000000000338,Shelf -> Other,1,2025-02-04 01:13:51,TAKEOUT,Shelf,,Shelf
4286,2/4/2025 1:13:57,000000000369,Shelf -> Other,1,2025-02-04 01:13:57,TAKEOUT,Shelf,,Shelf
4287,2/4/2025 2:32:38,000000000338,Shelf -> Other,1,2025-02-04 02:32:38,TAKEOUT,Shelf,,Shelf
4288,2/4/2025 4:54:7,000000000109,Shelf -> Other,1,2025-02-04 04:54:07,TAKEOUT,Shelf,,Shelf
4289,2/4/2025 18:32:39,000000000338,Shelf -> Other,1,2025-02-04 18:32:39,TAKEOUT,Shelf,,Shelf
4290,2/4/2025 18:34:2,000000000369,Shelf -> Other,1,2025-02-04 18:34:02,TAKEOUT,Shelf,,Shelf
4291,2/5/2025 15:46:45,000000000116,Cage -> Shelf,2,2025-02-05 15:46:45,TRANSFER,Cage,Shelf,Shelf
4292,2/5/2025 15:47:0,000000000116,Shelf -> Other,1,2025-02-05 15:47:00,TAKEOUT,Shelf,,Shelf
4293,2/5/2025 15:53:53,000000000550,Cage -> Shelf,3,2025-02-05 15:53:53,TRANSFER,Cage,Shelf,Shelf
4294,2/5/2025 15:53:58,000000000567,Cage -> Shelf,3,2025-02-05 15:53:58,TRANSFER,Cage,Shelf,Shelf
4295,2/5/2025 15:54:3,000000000574,Cage -> Shelf,3,2025-02-05 15:54:03,TRANSFER,Cage,Shelf,Shelf
4296,2/5/2025 15:59:31,000000000338,Cage -> Shelf,4,2025-02-05 15:59:31,TRANSFER,Cage,Shelf,Shelf
4297,2/5/2025 16:44:2,000000000550,Shelf -> Other,1,2025-02-05 16:44:02,TAKEOUT,Shelf,,Shelf
4298,2/6/2025 13:12:44,000000000109,Shelf -> Other,3,2025-02-06 13:12:44,TAKEOUT,Shelf,,Shelf
4299,2/6/2025 13:12:54,000000001113,Shelf -> Other,3,2025-02-06 13:12:54,TAKEOUT,Shelf,,Shelf
4300,2/7/2025 18:16:43,000000000338,Shelf -> Other,3,2025-02-07 18:16:43,TAKEOUT,Shelf,,Shelf
4301,2/9/2025 15:13:6,000000000369,Shelf -> Other,1,2025-02-09 15:13:06,TAKEOUT,Shelf,,Shelf
4302,2/10/2025 9:31:50,000000000840,Shelf -> Other,3,2025-02-10 09:31:50,TAKEOUT,Shelf,,Shelf
4303,2/10/2025 9:32:36,000000001120,Shelf -> Other,2,2025-02-10 09:32:36,TAKEOUT,Shelf,,Shelf
4304,2/10/2025 19:8:27,000000001090,Shelf -> Other,2,2025-02-10 19:08:27,TAKEOUT,Shelf,,Shelf
4305,2/10/2025 19:16:46,000000000307,Shelf -> Other,1,2025-02-10 19:16:46,TAKEOUT,Shelf,,Shelf
4306,2/10/2025 19:16:53,000000000314,Shelf -> Other,1,2025-02-10 19:16:53,TAKEOUT,Shelf,,Shelf
4307,2/10/2025 19:18:13,000000000314,Shelf -> Other,1,2025-02-10 19:18:13,TAKEOUT,Shelf,,Shelf
4308,2/10/2025 19:43:18,000000001137,Shelf -> Other,2,2025-02-10 19:43:18,TAKEOUT,Shelf,,Shelf
4309,2/11/2025 7:8:48,000000000338,Shelf -> Other,3,2025-02-11 07:08:48,TAKEOUT,Shelf,,Shelf
4310,2/11/2025 22:57:51,000000000338,Cage -> Shelf,10,2025-02-11 22:57:51,TRANSFER,Cage,Shelf,Shelf
4311,2/11/2025 23:6:16,000000000437,Cage -> Shelf,1,2025-02-11 23:06:16,TRANSFER,Cage,Shelf,Shelf
4312,2/11/2025 23:10:39,000000001137,Cage -> Shelf,5,2025-02-11 23:10:39,TRANSFER,Cage,Shelf,Shelf
4313,2/12/2025 2:48:23,000000000024,Cage -> Shelf,1,2025-02-12 02:48:23,TRANSFER,Cage,Shelf,Shelf
4314,2/12/2025 2:49:58,000000000338,Cage -> Shelf,1,2025-02-12 02:49:58,TRANSFER,Cage,Shelf,Shelf
4315,2/12/2025 2:50:59,000000000437,Cage -> Shelf,1,2025-02-12 02:50:59,TRANSFER,Cage,Shelf,Shelf
4316,2/12/2025 4:51:27,000000001090,Cage -> Shelf,1,2025-02-12 04:51:27,TRANSFER,Cage,Shelf,Shelf
4317,2/13/2025 10:19:19,000000000109,Shelf -> Other,3,2025-02-13 10:19:19,TAKEOUT,Shelf,,Shelf
4318,2/13/2025 19:39:56,000000000369,Shelf -> Other,1,2025-02-13 19:39:56,TAKEOUT,Shelf,,Shelf
4319,2/14/2025 10:32:0,000000000338,Shelf -> Other,1,2025-02-14 10:32:00,TAKEOUT,Shelf,,Shelf
4320,2/14/2025 18:7:40,000000000536,Shelf -> Other,1,2025-02-14 18:07:40,TAKEOUT,Shelf,,Shelf
4321,2/14/2025 18:7:48,000000000451,Shelf -> Other,1,2025-02-14 18:07:48,TAKEOUT,Shelf,,Shelf
4322,2/16/2025 7:16:44,000000000574,Shelf -> Other,1,2025-02-16 07:16:44,TAKEOUT,Shelf,,Shelf
4323,2/17/2025 2:2:51,000000000338,Shelf -> Other,3,2025-02-17 02:02:51,TAKEOUT,Shelf,,Shelf
4324,2/17/2025 19:6:21,000000000024,Shelf -> Other,2,2025-02-17 19:06:21,TAKEOUT,Shelf,,Shelf
4325,2/17/2025 19:7:48,000000000017,Shelf -> Other,2,2025-02-17 19:07:48,TAKEOUT,Shelf,,Shelf
4326,2/17/2025 19:10:39,000000000758,Shelf -> Other,1,2025-02-17 19:10:39,TAKEOUT,Shelf,,Shelf
4327,2/17/2025 19:14:20,000000000369,Shelf -> Other,1,2025-02-17 19:14:20,TAKEOUT,Shelf,,Shelf
4328,2/18/2025 7:15:13,000000000024,Shelf -> Other,2,2025-02-18 07:15:13,TAKEOUT,Shelf,,Shelf
4329,2/18/2025 7:15:59,000000000062,Shelf -> Other,1,2025-02-18 07:15:59,TAKEOUT,Shelf,,Shelf
4330,2/19/2025 18:48:21,000000000567,Shelf -> Other,1,2025-02-19 18:48:21,TAKEOUT,Shelf,,Shelf
4331,2/22/2025 9:18:4,000000000550,Shelf -> Other,1,2025-02-22 09:18:04,TAKEOUT,Shelf,,Shelf
4332,2/25/2025 0:14:20,000000000017,Shelf -> Other,8,2025-02-25 00:14:20,TAKEOUT,Shelf,,Shelf
4333,2/25/2025 0:14:47,000000000017,Shelf -> Other,8,2025-02-25 00:14:47,TAKEOUT,Shelf,,Shelf
4334,2/25/2025 13:13:5,000000001090,Shelf -> Other,3,2025-02-25 13:13:05,TAKEOUT,Shelf,,Shelf
4335,2/27/2025 19:7:28,000000000246,Cage -> Other,1,2025-02-27 19:07:28,TAKEOUT,Cage,,Cage
4336,2/27/2025 19:7:34,000000000284,Cage -> Other,1,2025-02-27 19:07:34,TAKEOUT,Cage,,Cage
4337,2/27/2025 19:7:38,000000000314,Cage -> Other,1,2025-02-27 19:07:38,TAKEOUT,Cage,,Cage
4338,2/27/2025 19:8:8,000000000246,Shelf -> Other,3,2025-02-27 19:08:08,TAKEOUT,Shelf,,Shelf
4339,2/27/2025 19:8:18,000000000314,Shelf -> Other,1,2025-02-27 19:08:18,TAKEOUT,Shelf,,Shelf
4340,2/27/2025 19:8:31,000000000284,Shelf -> Other,1,2025-02-27 19:08:31,TAKEOUT,Shelf,,Shelf
4341,2/27/2025 19:8:54,000000000314,Cage -> Other,4,2025-02-27 19:08:54,TAKEOUT,Cage,,Cage
4342,2/27/2025 19:9:13,000000000314,Cage -> Shelf,1,2025-02-27 19:09:13,TRANSFER,Cage,Shelf,Shelf
4343,2/27/2025 19:9:48,000000000246,Cage -> Shelf,2,2025-02-27 19:09:48,TRANSFER,Cage,Shelf,Shelf
4344,2/27/2025 19:10:20,000000000284,Cage -> Shelf,2,2025-02-27 19:10:20,TRANSFER,Cage,Shelf,Shelf
4345,2/27/2025 19:11:40,000000000000,Shelf -> Other,1,2025-02-27 19:11:40,TAKEOUT,Shelf,,Shelf
4346,2/27/2025 19:13:10,000000000000,Cage -> Shelf,4,2025-02-27 19:13:10,TRANSFER,Cage,Shelf,Shelf
4347,2/27/2025 19:22:39,000000000963,Shelf -> Other,2,2025-02-27 19:22:39,TAKEOUT,Shelf,,Shelf
4348,2/27/2025 19:22:51,000000000963,Cage -> Shelf,2,2025-02-27 19:22:51,TRANSFER,Cage,Shelf,Shelf
4349,2/27/2025 19:23:16,000000000949,Cage -> Other,1,2025-02-27 19:23:16,TAKEOUT,Cage,,Cage
4350,2/28/2025 14:51:4,000000000116,Cage -> Other,1,2025-02-28 14:51:04,TAKEOUT,Cage,,Cage
4351,3/1/2025 3:44:29,000000000369,Shelf -> Other,1,2025-03-01 03:44:29,TAKEOUT,Shelf,,Shelf
4352,3/1/2025 15:9:51,000000000369,Shelf -> Other,1,2025-03-01 15:09:51,TAKEOUT,Shelf,,Shelf
4353,3/2/2025 2:4:13,000000001120,Shelf -> Other,1,2025-03-02 02:04:13,TAKEOUT,Shelf,,Shelf
4354,3/2/2025 2:4:23,000000000840,Shelf -> Other,1,2025-03-02 02:04:23,TAKEOUT,Shelf,,Shelf
4355,3/2/2025 19:32:19,000000000741,Shelf -> Other,1,2025-03-02 19:32:19,TAKEOUT,Shelf,,Shelf
4356,3/3/2025 3:26:42,000000001090,Shelf -> Other,2,2025-03-03 03:26:42,TAKEOUT,Shelf,,Shelf
4357,3/3/2025 20:13:20,000000000789,Shelf -> Other,1,2025-03-03 20:13:20,TAKEOUT,Shelf,,Shelf
4358,3/3/2025 20:15:44,000000000574,Shelf -> Other,2,2025-03-03 20:15:44,TAKEOUT,Shelf,,Shelf
4359,3/3/2025 20:15:50,000000000567,Shelf -> Other,1,2025-03-03 20:15:50,TAKEOUT,Shelf,,Shelf
4360,3/3/2025 20:17:29,000000000550,Shelf -> Other,1,2025-03-03 20:17:29,TAKEOUT,Shelf,,Shelf
4361,3/3/2025 20:18:5,000000000369,Shelf -> Other,1,2025-03-03 20:18:05,TAKEOUT,Shelf,,Shelf
4362,3/3/2025 20:18:13,000000000338,Shelf -> Other,2,2025-03-03 20:18:13,TAKEOUT,Shelf,,Shelf
4363,3/3/2025 20:19:27,000000001144,Shelf -> Other,2,2025-03-03 20:19:27,TAKEOUT,Shelf,,Shelf
4364,3/4/2025 20:32:42,000000000338,Shelf -> Other,1,2025-03-04 20:32:42,TAKEOUT,Shelf,,Shelf
4365,3/4/2025 20:32:49,000000000369,Shelf -> Other,1,2025-03-04 20:32:49,TAKEOUT,Shelf,,Shelf
4366,3/5/2025 11:8:2,000000000567,Shelf -> Other,1,2025-03-05 11:08:02,TAKEOUT,Shelf,,Shelf
4367,3/6/2025 2:45:30,000000000567,Shelf -> Other,1,2025-03-06 02:45:30,TAKEOUT,Shelf,,Shelf
4368,3/6/2025 2:45:42,000000000338,Shelf -> Other,2,2025-03-06 02:45:42,TAKEOUT,Shelf,,Shelf
4369,3/6/2025 2:45:49,000000000345,Shelf -> Other,1,2025-03-06 02:45:49,TAKEOUT,Shelf,,Shelf
4370,3/6/2025 2:45:57,000000000376,Shelf -> Other,1,2025-03-06 02:45:57,TAKEOUT,Shelf,,Shelf
4371,3/6/2025 3:5:30,000000000376,Shelf -> Other,1,2025-03-06 03:05:30,TAKEOUT,Shelf,,Shelf
4372,3/6/2025 3:5:35,000000000369,Shelf -> Other,1,2025-03-06 03:05:35,TAKEOUT,Shelf,,Shelf
4373,3/6/2025 21:21:1,000000000758,Shelf -> Other,1,2025-03-06 21:21:01,TAKEOUT,Shelf,,Shelf
4374,3/6/2025 23:13:58,000000000338,Shelf -> Other,1,2025-03-06 23:13:58,TAKEOUT,Shelf,,Shelf
4375,3/6/2025 23:14:16,000000000383,Shelf -> Other,1,2025-03-06 23:14:16,TAKEOUT,Shelf,,Shelf
4376,3/7/2025 16:50:4,000000000369,Shelf -> Other,1,2025-03-07 16:50:04,TAKEOUT,Shelf,,Shelf
4377,3/7/2025 20:18:6,000000000345,Shelf -> Other,1,2025-03-07 20:18:06,TAKEOUT,Shelf,,Shelf
4378,3/9/2025 14:35:3,000000000017,Shelf -> Other,1,2025-03-09 14:35:03,TAKEOUT,Shelf,,Shelf
4379,3/9/2025 19:48:51,000000000550,Shelf -> Other,1,2025-03-09 19:48:51,TAKEOUT,Shelf,,Shelf
4380,3/10/2025 7:30:6,000000000567,Shelf -> Other,1,2025-03-10 07:30:06,TAKEOUT,Shelf,,Shelf
4381,3/10/2025 11:34:37,000000000062,Shelf -> Other,1,2025-03-10 11:34:37,TAKEOUT,Shelf,,Shelf
4382,3/10/2025 19:45:43,000000000963,Shelf -> Other,2,2025-03-10 19:45:43,TAKEOUT,Shelf,,Shelf
4383,3/10/2025 19:46:19,000000000239,Shelf -> Other,1,2025-03-10 19:46:19,TAKEOUT,Shelf,,Shelf
4384,3/10/2025 19:46:27,000000000253,Shelf -> Other,1,2025-03-10 19:46:27,TAKEOUT,Shelf,,Shelf
4385,3/10/2025 19:47:0,000000000314,Shelf -> Other,1,2025-03-10 19:47:00,TAKEOUT,Shelf,,Shelf
4386,3/10/2025 19:55:26,000000000239,Shelf -> Other,1,2025-03-10 19:55:26,TAKEOUT,Shelf,,Shelf
4387,3/10/2025 19:55:34,000000000246,Shelf -> Other,1,2025-03-10 19:55:34,TAKEOUT,Shelf,,Shelf
4388,3/10/2025 19:56:6,000000000284,Shelf -> Other,1,2025-03-10 19:56:06,TAKEOUT,Shelf,,Shelf
4389,3/11/2025 17:44:23,000000000369,Shelf -> Other,1,2025-03-11 17:44:23,TAKEOUT,Shelf,,Shelf
4390,3/11/2025 23:49:1,000000000437,Cage -> Other,1,2025-03-11 23:49:01,TAKEOUT,Cage,,Cage
4391,3/12/2025 20:35:52,000000000437,Other -> Shelf,1,2025-03-12 20:35:52,TRANSFER,Other,Shelf,Shelf
4392,3/13/2025 9:11:8,000000000567,Shelf -> Other,1,2025-03-13 09:11:08,TAKEOUT,Shelf,,Shelf
4393,3/13/2025 18:2:54,000000000369,Shelf -> Other,1,2025-03-13 18:02:54,TAKEOUT,Shelf,,Shelf
4394,3/15/2025 8:4:12,000000000055,Shelf -> Other,5,2025-03-15 08:04:12,TAKEOUT,Shelf,,Shelf
4395,3/15/2025 12:48:42,000000001120,Shelf -> Other,1,2025-03-15 12:48:42,TAKEOUT,Shelf,,Shelf
4396,3/15/2025 12:49:24,000000000840,Shelf -> Other,2,2025-03-15 12:49:24,TAKEOUT,Shelf,,Shelf
4397,3/15/2025 12:50:21,000000000055,Shelf -> Other,5,2025-03-15 12:50:21,TAKEOUT,Shelf,,Shelf
4398,3/15/2025 20:19:0,000000001069,Shelf -> Other,1,2025-03-15 20:19:00,TAKEOUT,Shelf,,Shelf
4399,3/15/2025 20:20:5,000000000963,RECOUNT - Shelf,1,2025-03-15 20:20:05,COUNT,,Shelf,Shelf
4400,3/17/2025 14:41:58,000000000567,Shelf -> Other,1,2025-03-17 14:41:58,TAKEOUT,Shelf,,Shelf
4401,3/17/2025 17:47:31,000000000789,Shelf -> Other,2,2025-03-17 17:47:31,TAKEOUT,Shelf,,Shelf
4402,3/17/2025 20:36:29,000000000055,Shelf -> Other,1,2025-03-17 20:36:29,TAKEOUT,Shelf,,Shelf
4403,3/17/2025 20:36:33,000000000000,Shelf -> Other,1,2025-03-17 20:36:33,TAKEOUT,Shelf,,Shelf
4404,3/17/2025 20:36:39,000000000024,Shelf -> Other,2,2025-03-17 20:36:39,TAKEOUT,Shelf,,Shelf
4405,3/17/2025 20:36:43,000000000017,Shelf -> Other,1,2025-03-17 20:36:43,TAKEOUT,Shelf,,Shelf
4406,3/19/2025 15:26:49,000000000338,Shelf -> Other,2,2025-03-19 15:26:49,TAKEOUT,Shelf,,Shelf
4407,3/19/2025 15:27:0,000000000369,Shelf -> Other,2,2025-03-19 15:27:00,TAKEOUT,Shelf,,Shelf
4408,3/19/2025 15:34:6,000000000574,Shelf -> Other,1,2025-03-19 15:34:06,TAKEOUT,Shelf,,Shelf
4409,3/19/2025 21:42:7,000000000109,Shelf -> Other,5,2025-03-19 21:42:07,TAKEOUT,Shelf,,Shelf
4410,3/19/2025 21:42:25,000000001113,Shelf -> Other,5,2025-03-19 21:42:25,TAKEOUT,Shelf,,Shelf
4411,3/19/2025 21:42:40,000000000093,Shelf -> Other,1,2025-03-19 21:42:40,TAKEOUT,Shelf,,Shelf
4412,3/20/2025 9:32:22,000000000086,Shelf -> Other,5,2025-03-20 09:32:22,TAKEOUT,Shelf,,Shelf
4413,3/20/2025 10:50:40,000000001151,Shelf -> Other,1,2025-03-20 10:50:40,TAKEOUT,Shelf,,Shelf
4414,3/20/2025 11:30:16,000000000550,Shelf -> Other,1,2025-03-20 11:30:16,TAKEOUT,Shelf,,Shelf
4415,3/20/2025 19:6:31,000000000093,Shelf -> Other,1,2025-03-20 19:06:31,TAKEOUT,Shelf,,Shelf
4416,3/20/2025 19:6:42,000000000093,Shelf -> Other,1,2025-03-20 19:06:42,TAKEOUT,Shelf,,Shelf
4417,3/20/2025 19:7:9,000000000024,Shelf -> Other,2,2025-03-20 19:07:09,TAKEOUT,Shelf,,Shelf
4418,3/20/2025 19:12:15,000000000000,Shelf -> Other,1,2025-03-20 19:12:15,TAKEOUT,Shelf,,Shelf
4419,3/22/2025 9:5:56,000000000024,Shelf -> Other,4,2025-03-22 09:05:56,TAKEOUT,Shelf,,Shelf
4420,3/22/2025 9:6:39,000000000086,Shelf -> Other,2,2025-03-22 09:06:39,TAKEOUT,Shelf,,Shelf
4421,3/23/2025 5:2:57,000000000369,Shelf -> Other,1,2025-03-23 05:02:57,TAKEOUT,Shelf,,Shelf
4422,3/23/2025 5:3:17,000000001090,Shelf -> Other,1,2025-03-23 05:03:17,TAKEOUT,Shelf,,Shelf
4423,3/23/2025 5:3:50,000000000024,Shelf -> Other,1,2025-03-23 05:03:50,TAKEOUT,Shelf,,Shelf
4424,3/24/2025 19:24:27,000000000017,Shelf -> Other,4,2025-03-24 19:24:27,TAKEOUT,Shelf,,Shelf
4425,3/24/2025 19:25:5,000000000062,Shelf -> Other,1,2025-03-24 19:25:05,TAKEOUT,Shelf,,Shelf
4426,3/24/2025 19:26:3,000000000000,Shelf -> Other,1,2025-03-24 19:26:03,TAKEOUT,Shelf,,Shelf
4427,3/25/2025 20:22:55,000000000567,Shelf -> Other,1,2025-03-25 20:22:55,TAKEOUT,Shelf,,Shelf
4428,3/26/2025 9:26:51,000000000017,Shelf -> Other,2,2025-03-26 09:26:51,TAKEOUT,Shelf,,Shelf
4429,3/26/2025 9:27:45,000000000062,Shelf -> Other,1,2025-03-26 09:27:45,TAKEOUT,Shelf,,Shelf
4430,3/26/2025 9:28:26,000000000055,Shelf -> Other,1,2025-03-26 09:28:26,TAKEOUT,Shelf,,Shelf
4431,3/26/2025 14:5:17,000000000741,Shelf -> Other,1,2025-03-26 14:05:17,TAKEOUT,Shelf,,Shelf
4432,3/26/2025 14:7:43,000000000024,Shelf -> Other,2,2025-03-26 14:07:43,TAKEOUT,Shelf,,Shelf
4433,3/26/2025 15:32:57,000000000055,Shelf -> Other,10,2025-03-26 15:32:57,TAKEOUT,Shelf,,Shelf
4434,3/26/2025 20:25:2,000000000093,Shelf -> Other,1,2025-03-26 20:25:02,TAKEOUT,Shelf,,Shelf
4435,3/29/2025 10:56:34,000000000116,Shelf -> Other,1,2025-03-29 10:56:34,TAKEOUT,Shelf,,Shelf
4436,3/29/2025 10:56:38,000000000024,Shelf -> Other,1,2025-03-29 10:56:38,TAKEOUT,Shelf,,Shelf
4437,3/29/2025 10:56:44,000000000062,Shelf -> Other,1,2025-03-29 10:56:44,TAKEOUT,Shelf,,Shelf
4438,3/30/2025 4:52:25,000000000550,Shelf -> Other,2,2025-03-30 04:52:25,TAKEOUT,Shelf,,Shelf
4439,3/30/2025 18:52:9,000000000024,Shelf -> Other,11,2025-03-30 18:52:09,TAKEOUT,Shelf,,Shelf
4440,3/30/2025 18:52:19,000000001144,Shelf -> Other,2,2025-03-30 18:52:19,TAKEOUT,Shelf,,Shelf
4441,3/30/2025 18:52:45,000000001090,Shelf -> Other,2,2025-03-30 18:52:45,TAKEOUT,Shelf,,Shelf
4442,3/30/2025 18:55:25,000000000581,Shelf -> Other,13,2025-03-30 18:55:25,TAKEOUT,Shelf,,Shelf
4443,3/30/2025 20:25:55,000000000338,Shelf -> Other,1,2025-03-30 20:25:55,TAKEOUT,Shelf,,Shelf
4444,3/31/2025 18:41:56,000000000444,Shelf -> Other,1,2025-03-31 18:41:56,TAKEOUT,Shelf,,Shelf
4445,3/31/2025 20:28:2,000000000338,Shelf -> Other,1,2025-03-31 20:28:02,TAKEOUT,Shelf,,Shelf
4446,3/31/2025 20:28:11,000000000024,Shelf -> Other,1,2025-03-31 20:28:11,TAKEOUT,Shelf,,Shelf
4447,3/31/2025 20:28:48,000000000840,Shelf -> Other,2,2025-03-31 20:28:48,TAKEOUT,Shelf,,Shelf
4448,3/31/2025 20:29:35,000000000000,Shelf -> Other,1,2025-03-31 20:29:35,TAKEOUT,Shelf,,Shelf
4449,3/31/2025 22:8:40,000000000109,Shelf -> Other,4,2025-03-31 22:08:40,TAKEOUT,Shelf,,Shelf
4450,3/31/2025 22:20:43,000000000390,Shelf -> Other,1,2025-03-31 22:20:43,TAKEOUT,Shelf,,Shelf
4451,3/31/2025 22:21:24,000000000390,Shelf -> Other,1,2025-03-31 22:21:24,TAKEOUT,Shelf,,Shelf
4452,3/31/2025 22:23:52,000000000963,Shelf -> Other,1,2025-03-31 22:23:52,TAKEOUT,Shelf,,Shelf
4453,3/31/2025 22:29:1,000000000963,Shelf -> Other,2,2025-03-31 22:29:01,TAKEOUT,Shelf,,Shelf
4454,4/2/2025 15:28:36,000000000017,Shelf -> Other,1,2025-04-02 15:28:36,TAKEOUT,Shelf,,Shelf
4455,4/2/2025 15:29:16,000000000000,Shelf -> Other,2,2025-04-02 15:29:16,TAKEOUT,Shelf,,Shelf
4456,4/3/2025 13:58:18,000000000024,Shelf -> Other,1,2025-04-03 13:58:18,TAKEOUT,Shelf,,Shelf
4457,4/3/2025 13:58:51,000000000062,Shelf -> Other,1,2025-04-03 13:58:51,TAKEOUT,Shelf,,Shelf
4458,4/3/2025 13:59:35,000000000055,Shelf -> Other,1,2025-04-03 13:59:35,TAKEOUT,Shelf,,Shelf
4459,4/3/2025 23:12:14,000000000963,Cage -> Other,1,2025-04-03 23:12:14,TAKEOUT,Cage,,Cage
4460,4/3/2025 23:12:39,000000000000,Shelf -> Other,1,2025-04-03 23:12:39,TAKEOUT,Shelf,,Shelf
4461,4/4/2025 21:53:15,000000000338,Shelf -> Other,1,2025-04-04 21:53:15,TAKEOUT,Shelf,,Shelf
4462,4/6/2025 12:23:46,000000000338,Shelf -> Other,1,2025-04-06 12:23:46,TAKEOUT,Shelf,,Shelf
4463,4/6/2025 12:33:20,000000001151,Shelf -> Other,1,2025-04-06 12:33:20,TAKEOUT,Shelf,,Shelf
4464,4/6/2025 17:18:58,000000000369,Shelf -> Other,1,2025-04-06 17:18:58,TAKEOUT,Shelf,,Shelf
4465,4/7/2025 20:21:14,000000000369,Shelf -> Other,1,2025-04-07 20:21:14,TAKEOUT,Shelf,,Shelf
4466,4/7/2025 20:22:11,000000001120,Shelf -> Other,2,2025-04-07 20:22:11,TAKEOUT,Shelf,,Shelf
4467,4/7/2025 20:32:47,000000000338,Shelf -> Other,1,2025-04-07 20:32:47,TAKEOUT,Shelf,,Shelf
4468,4/7/2025 20:35:35,000000000024,Shelf -> Other,1,2025-04-07 20:35:35,TAKEOUT,Shelf,,Shelf
4469,4/9/2025 19:46:26,000000000840,Shelf -> Other,4,2025-04-09 19:46:26,TAKEOUT,Shelf,,Shelf
4470,4/9/2025 20:6:59,000000000055,Shelf -> Other,1,2025-04-09 20:06:59,TAKEOUT,Shelf,,Shelf
4471,4/9/2025 20:12:1,000000000543,Shelf -> Other,1,2025-04-09 20:12:01,TAKEOUT,Shelf,,Shelf
4472,4/9/2025 20:12:11,000000000543,Shelf -> Other,1,2025-04-09 20:12:11,TAKEOUT,Shelf,,Shelf
4473,4/9/2025 20:14:9,000000000024,Shelf -> Other,1,2025-04-09 20:14:09,TAKEOUT,Shelf,,Shelf
4474,4/9/2025 20:23:9,000000000055,Shelf -> Other,36,2025-04-09 20:23:09,TAKEOUT,Shelf,,Shelf
4475,4/9/2025 20:28:39,000000000055,Shelf -> Other,20,2025-04-09 20:28:39,TAKEOUT,Shelf,,Shelf
4476,4/9/2025 20:29:18,000000000024,Cage -> Other,100,2025-04-09 20:29:18,TAKEOUT,Cage,,Cage
4477,4/9/2025 20:29:36,000000000055,Cage -> Other,36,2025-04-09 20:29:36,TAKEOUT,Cage,,Cage
4478,4/10/2025 19:46:37,000000000338,Shelf -> Other,1,2025-04-10 19:46:37,TAKEOUT,Shelf,,Shelf
4479,4/12/2025 10:36:36,000000000543,Shelf -> Other,1,2025-04-12 10:36:36,TAKEOUT,Shelf,,Shelf
4480,4/12/2025 10:37:57,000000000024,Shelf -> Other,5,2025-04-12 10:37:57,TAKEOUT,Shelf,,Shelf
4481,4/13/2025 12:41:38,000000000062,Shelf -> Other,1,2025-04-13 12:41:38,TAKEOUT,Shelf,,Shelf
4482,4/13/2025 12:42:43,000000000024,Shelf -> Other,1,2025-04-13 12:42:43,TAKEOUT,Shelf,,Shelf
4483,4/13/2025 13:31:9,000000000024,Shelf -> Other,1,2025-04-13 13:31:09,TAKEOUT,Shelf,,Shelf
4484,4/13/2025 18:58:4,000000000024,Shelf -> Other,4,2025-04-13 18:58:04,TAKEOUT,Shelf,,Shelf
4485,4/13/2025 18:58:41,000000000062,Shelf -> Other,1,2025-04-13 18:58:41,TAKEOUT,Shelf,,Shelf
4486,4/14/2025 23:37:5,000000000338,Shelf -> Other,2,2025-04-14 23:37:05,TAKEOUT,Shelf,,Shelf
4487,4/14/2025 23:38:3,000000000338,Shelf -> Other,1,2025-04-14 23:38:03,TAKEOUT,Shelf,,Shelf
4488,4/16/2025 3:29:19,000000000567,Shelf -> Other,1,2025-04-16 03:29:19,TAKEOUT,Shelf,,Shelf
4489,4/16/2025 3:29:26,000000000024,Shelf -> Other,2,2025-04-16 03:29:26,TAKEOUT,Shelf,,Shelf
4490,4/16/2025 22:22:43,000000000062,Shelf -> Other,1,2025-04-16 22:22:43,TAKEOUT,Shelf,,Shelf
4491,4/17/2025 16:59:27,000000001090,Shelf -> Other,1,2025-04-17 16:59:27,TAKEOUT,Shelf,,Shelf
4492,4/18/2025 18:36:3,000000000000,Shelf -> Other,1,2025-04-18 18:36:03,TAKEOUT,Shelf,,Shelf
4493,4/18/2025 18:36:25,000000000024,Shelf -> Other,2,2025-04-18 18:36:25,TAKEOUT,Shelf,,Shelf
4494,4/18/2025 18:41:35,000000000017,Shelf -> Other,2,2025-04-18 18:41:35,TAKEOUT,Shelf,,Shelf
4495,4/18/2025 18:41:37,000000001120,Shelf -> Other,1,2025-04-18 18:41:37,TAKEOUT,Shelf,,Shelf
4496,4/18/2025 18:41:44,000000000000,Shelf -> Other,1,2025-04-18 18:41:44,TAKEOUT,Shelf,,Shelf
4497,4/18/2025 21:0:54,000000000574,Shelf -> Other,1,2025-04-18 21:00:54,TAKEOUT,Shelf,,Shelf
4498,4/18/2025 21:19:37,000000000093,Shelf -> Other,1,2025-04-18 21:19:37,TAKEOUT,Shelf,,Shelf
4499,4/20/2025 21:11:12,000000000017,Shelf -> Other,4,2025-04-20 21:11:12,TAKEOUT,Shelf,,Shelf
4500,4/20/2025 21:12:47,000000000963,Shelf -> Other,2,2025-04-20 21:12:47,TAKEOUT,Shelf,,Shelf
4501,4/20/2025 21:13:59,000000000000,Shelf -> Other,1,2025-04-20 21:13:59,TAKEOUT,Shelf,,Shelf
4502,4/20/2025 21:14:44,000000000338,Shelf -> Other,2,2025-04-20 21:14:44,TAKEOUT,Shelf,,Shelf
4503,4/20/2025 21:18:49,000000001144,Shelf -> Other,2,2025-04-20 21:18:49,TAKEOUT,Shelf,,Shelf
4504,4/20/2025 21:22:46,000000000741,Shelf -> Other,1,2025-04-20 21:22:46,TAKEOUT,Shelf,,Shelf
4505,4/21/2025 18:45:39,000000000024,Shelf -> Other,1,2025-04-21 18:45:39,TAKEOUT,Shelf,,Shelf
4506,4/21/2025 19:56:14,000000000093,Shelf -> Other,2,2025-04-21 19:56:14,TAKEOUT,Shelf,,Shelf
4507,4/21/2025 20:0:25,000000000338,Shelf -> Other,2,2025-04-21 20:00:25,TAKEOUT,Shelf,,Shelf
4508,4/22/2025 0:5:59,000000000574,Shelf -> Other,1,2025-04-22 00:05:59,TAKEOUT,Shelf,,Shelf
4509,4/22/2025 9:18:24,000000000369,Shelf -> Other,1,2025-04-22 09:18:24,TAKEOUT,Shelf,,Shelf
4510,4/22/2025 10:15:33,000000000093,Shelf -> Other,2,2025-04-22 10:15:33,TAKEOUT,Shelf,,Shelf
4511,4/22/2025 17:45:12,000000000024,Shelf -> Other,8,2025-04-22 17:45:12,TAKEOUT,Shelf,,Shelf
4512,4/22/2025 17:45:20,000000000000,Shelf -> Other,1,2025-04-22 17:45:20,TAKEOUT,Shelf,,Shelf
4513,4/22/2025 17:45:34,000000000055,Shelf -> Other,1,2025-04-22 17:45:34,TAKEOUT,Shelf,,Shelf
4514,4/23/2025 7:52:50,000000000383,Shelf -> Other,1,2025-04-23 07:52:50,TAKEOUT,Shelf,,Shelf
4515,4/23/2025 7:53:43,000000000970,Shelf -> Other,1,2025-04-23 07:53:43,TAKEOUT,Shelf,,Shelf
4516,4/23/2025 19:3:38,000000000369,Shelf -> Other,1,2025-04-23 19:03:38,TAKEOUT,Shelf,,Shelf
4517,4/24/2025 11:48:39,000000000338,Shelf -> Other,2,2025-04-24 11:48:39,TAKEOUT,Shelf,,Shelf
4518,4/24/2025 11:49:46,000000000369,Shelf -> Other,1,2025-04-24 11:49:46,TAKEOUT,Shelf,,Shelf
4519,4/24/2025 19:14:44,000000000543,Shelf -> Other,1,2025-04-24 19:14:44,TAKEOUT,Shelf,,Shelf
4520,4/24/2025 19:14:53,000000000567,Shelf -> Other,1,2025-04-24 19:14:53,TAKEOUT,Shelf,,Shelf
4521,4/24/2025 19:15:2,000000000550,Shelf -> Other,1,2025-04-24 19:15:02,TAKEOUT,Shelf,,Shelf
4522,4/25/2025 2:37:54,000000000741,Shelf -> Other,1,2025-04-25 02:37:54,TAKEOUT,Shelf,,Shelf
4523,4/25/2025 2:38:0,000000000550,Shelf -> Other,1,2025-04-25 02:38:00,TAKEOUT,Shelf,,Shelf
4524,4/25/2025 12:9:48,000000000024,Shelf -> Other,3,2025-04-25 12:09:48,TAKEOUT,Shelf,,Shelf
4525,4/25/2025 12:10:26,000000000017,Shelf -> Other,5,2025-04-25 12:10:26,TAKEOUT,Shelf,,Shelf
4526,4/25/2025 12:10:47,000000000000,Shelf -> Other,1,2025-04-25 12:10:47,TAKEOUT,Shelf,,Shelf
4527,4/26/2025 8:51:4,000000000550,Shelf -> Other,1,2025-04-26 08:51:04,TAKEOUT,Shelf,,Shelf
4528,4/26/2025 8:51:8,000000000567,Shelf -> Other,1,2025-04-26 08:51:08,TAKEOUT,Shelf,,Shelf
4529,4/26/2025 8:51:18,000000000550,Shelf -> Other,1,2025-04-26 08:51:18,TAKEOUT,Shelf,,Shelf
4530,4/26/2025 20:43:0,000000000024,Shelf -> Other,10,2025-04-26 20:43:00,TAKEOUT,Shelf,,Shelf
4531,4/26/2025 20:59:37,000000000338,Shelf -> Other,1,2025-04-26 20:59:37,TAKEOUT,Shelf,,Shelf
4532,4/27/2025 10:58:53,000000001120,Shelf -> Other,2,2025-04-27 10:58:53,TAKEOUT,Shelf,,Shelf
4533,4/27/2025 17:59:18,000000000840,Shelf -> Other,1,2025-04-27 17:59:18,TAKEOUT,Shelf,,Shelf
4534,4/27/2025 17:59:51,000000000741,Shelf -> Other,1,2025-04-27 17:59:51,TAKEOUT,Shelf,,Shelf
4535,4/29/2025 20:48:59,000000000963,Shelf -> Other,1,2025-04-29 20:48:59,TAKEOUT,Shelf,,Shelf
4536,4/29/2025 20:58:38,000000000055,Shelf -> Other,1,2025-04-29 20:58:38,TAKEOUT,Shelf,,Shelf
4537,4/30/2025 13:46:42,000000000567,Shelf -> Other,1,2025-04-30 13:46:42,TAKEOUT,Shelf,,Shelf
4538,4/30/2025 19:41:59,000000000550,Shelf -> Other,1,2025-04-30 19:41:59,TAKEOUT,Shelf,,Shelf
4539,4/30/2025 21:19:35,000000001120,Shelf -> Other,1,2025-04-30 21:19:35,TAKEOUT,Shelf,,Shelf
4540,5/2/2025 20:51:16,000000000963,Shelf -> Other,2,2025-05-02 20:51:16,TAKEOUT,Shelf,,Shelf
4541,5/2/2025 20:51:27,000000000307,Shelf -> Other,1,2025-05-02 20:51:27,TAKEOUT,Shelf,,Shelf
4542,5/2/2025 20:51:31,000000000253,Shelf -> Other,1,2025-05-02 20:51:31,TAKEOUT,Shelf,,Shelf
4543,5/2/2025 20:51:37,000000000284,Shelf -> Other,1,2025-05-02 20:51:37,TAKEOUT,Shelf,,Shelf
4544,5/2/2025 20:51:54,000000000345,Shelf -> Other,1,2025-05-02 20:51:54,TAKEOUT,Shelf,,Shelf
4545,5/2/2025 20:52:1,000000000369,Shelf -> Other,1,2025-05-02 20:52:01,TAKEOUT,Shelf,,Shelf
4546,5/3/2025 9:29:43,000000000338,Shelf -> Other,1,2025-05-03 09:29:43,TAKEOUT,Shelf,,Shelf
4547,5/3/2025 12:39:47,000000001090,Shelf -> Other,2,2025-05-03 12:39:47,TAKEOUT,Shelf,,Shelf
4548,5/3/2025 18:38:55,000000000741,Shelf -> Other,2,2025-05-03 18:38:55,TAKEOUT,Shelf,,Shelf
4549,5/4/2025 19:40:26,000000000567,Shelf -> Other,1,2025-05-04 19:40:26,TAKEOUT,Shelf,,Shelf
4550,5/5/2025 14:5:20,000000000604,Shelf -> Other,1,2025-05-05 14:05:20,TAKEOUT,Shelf,,Shelf
4551,5/5/2025 20:18:13,000000000567,Shelf -> Other,1,2025-05-05 20:18:13,TAKEOUT,Shelf,,Shelf
4552,5/5/2025 20:48:45,000000000109,Shelf -> Other,1,2025-05-05 20:48:45,TAKEOUT,Shelf,,Shelf
4553,5/5/2025 20:55:15,000000000338,Shelf -> Other,1,2025-05-05 20:55:15,TAKEOUT,Shelf,,Shelf
4554,5/5/2025 20:55:25,000000000345,Shelf -> Other,1,2025-05-05 20:55:25,TAKEOUT,Shelf,,Shelf
4555,5/5/2025 20:55:34,000000000345,Shelf -> Other,1,2025-05-05 20:55:34,TAKEOUT,Shelf,,Shelf
4556,5/5/2025 20:56:5,000000000369,Shelf -> Other,1,2025-05-05 20:56:05,TAKEOUT,Shelf,,Shelf
4557,5/7/2025 15:33:49,000000000024,Shelf -> Other,1,2025-05-07 15:33:49,TAKEOUT,Shelf,,Shelf
4558,5/7/2025 15:33:56,000000001113,Shelf -> Other,2,2025-05-07 15:33:56,TAKEOUT,Shelf,,Shelf
4559,5/7/2025 19:46:20,000000000024,Shelf -> Other,1,2025-05-07 19:46:20,TAKEOUT,Shelf,,Shelf
4560,5/7/2025 19:46:25,000000001113,Shelf -> Other,2,2025-05-07 19:46:25,TAKEOUT,Shelf,,Shelf
4561,5/7/2025 21:7:46,000000000789,Shelf -> Other,1,2025-05-07 21:07:46,TAKEOUT,Shelf,,Shelf
4562,5/7/2025 21:7:56,000000000840,Shelf -> Other,3,2025-05-07 21:07:56,TAKEOUT,Shelf,,Shelf
4563,5/7/2025 21:8:28,000000001120,Shelf -> Other,1,2025-05-07 21:08:28,TAKEOUT,Shelf,,Shelf
4564,5/8/2025 18:23:37,000000000116,Cage -> Shelf,1,2025-05-08 18:23:37,TRANSFER,Cage,Shelf,Shelf
4565,5/8/2025 18:23:47,000000000116,Cage -> Other,1,2025-05-08 18:23:47,TAKEOUT,Cage,,Cage
4566,5/8/2025 20:33:33,000000000550,Shelf -> Other,1,2025-05-08 20:33:33,TAKEOUT,Shelf,,Shelf
4567,5/8/2025 20:33:38,000000000338,Shelf -> Other,1,2025-05-08 20:33:38,TAKEOUT,Shelf,,Shelf
4568,5/10/2025 4:17:57,000000000000,Shelf -> Other,1,2025-05-10 04:17:57,TAKEOUT,Shelf,,Shelf
4569,5/10/2025 20:51:7,000000000338,Shelf -> Other,2,2025-05-10 20:51:07,TAKEOUT,Shelf,,Shelf
4570,5/11/2025 7:31:36,000000000376,Shelf -> Other,1,2025-05-11 07:31:36,TAKEOUT,Shelf,,Shelf
4571,5/11/2025 16:51:27,000000000567,Shelf -> Other,1,2025-05-11 16:51:27,TAKEOUT,Shelf,,Shelf
4572,5/11/2025 16:53:8,000000000338,Shelf -> Other,1,2025-05-11 16:53:08,TAKEOUT,Shelf,,Shelf
4573,5/11/2025 16:53:14,000000000741,Shelf -> Other,1,2025-05-11 16:53:14,TAKEOUT,Shelf,,Shelf
4574,5/11/2025 21:39:22,000000000550,Shelf -> Other,1,2025-05-11 21:39:22,TAKEOUT,Shelf,,Shelf
4575,5/11/2025 21:39:30,000000000543,Shelf -> Other,1,2025-05-11 21:39:30,TAKEOUT,Shelf,,Shelf
4576,5/12/2025 18:38:46,000000000000,Shelf -> Other,1,2025-05-12 18:38:46,TAKEOUT,Shelf,,Shelf
4577,5/12/2025 18:39:8,000000000024,Shelf -> Other,1,2025-05-12 18:39:08,TAKEOUT,Shelf,,Shelf
4578,5/12/2025 19:50:45,000000000017,Shelf -> Other,1,2025-05-12 19:50:45,TAKEOUT,Shelf,,Shelf
4579,5/12/2025 20:2:29,000000000338,Shelf -> Other,1,2025-05-12 20:02:29,TAKEOUT,Shelf,,Shelf
4580,5/12/2025 20:2:36,000000000369,Shelf -> Other,1,2025-05-12 20:02:36,TAKEOUT,Shelf,,Shelf
4581,5/12/2025 20:2:44,000000001137,Shelf -> Other,1,2025-05-12 20:02:44,TAKEOUT,Shelf,,Shelf
4582,5/12/2025 20:2:50,000000001120,Shelf -> Other,1,2025-05-12 20:02:50,TAKEOUT,Shelf,,Shelf
4583,5/12/2025 23:21:3,000000000345,Shelf -> Other,1,2025-05-12 23:21:03,TAKEOUT,Shelf,,Shelf
4584,5/12/2025 23:21:24,000000000451,Shelf -> Other,1,2025-05-12 23:21:24,TAKEOUT,Shelf,,Shelf
4585,5/12/2025 23:21:44,000000000475,Shelf -> Other,1,2025-05-12 23:21:44,TAKEOUT,Shelf,,Shelf
4586,5/15/2025 16:35:7,000000001168,Shelf -> Other,1,2025-05-15 16:35:07,TAKEOUT,Shelf,,Shelf
4587,5/15/2025 16:35:32,000000000345,Shelf -> Other,1,2025-05-15 16:35:32,TAKEOUT,Shelf,,Shelf
4588,5/15/2025 16:35:48,000000000024,Shelf -> Other,2,2025-05-15 16:35:48,TAKEOUT,Shelf,,Shelf
4589,5/15/2025 16:36:8,000000000338,Shelf -> Other,2,2025-05-15 16:36:08,TAKEOUT,Shelf,,Shelf
4590,5/15/2025 16:36:12,000000000017,Shelf -> Other,2,2025-05-15 16:36:12,TAKEOUT,Shelf,,Shelf
4591,5/15/2025 16:36:20,000000000000,Shelf -> Other,1,2025-05-15 16:36:20,TAKEOUT,Shelf,,Shelf
4592,5/18/2025 10:7:48,000000000000,Shelf -> Other,1,2025-05-18 10:07:48,TAKEOUT,Shelf,,Shelf
4593,5/18/2025 10:7:59,000000000017,Shelf -> Other,2,2025-05-18 10:07:59,TAKEOUT,Shelf,,Shelf
4594,5/18/2025 10:8:5,000000000062,Shelf -> Other,1,2025-05-18 10:08:05,TAKEOUT,Shelf,,Shelf
4595,5/18/2025 10:8:13,000000000024,Shelf -> Other,1,2025-05-18 10:08:13,TAKEOUT,Shelf,,Shelf
4596,5/18/2025 18:32:41,000000000550,Shelf -> Other,1,2025-05-18 18:32:41,TAKEOUT,Shelf,,Shelf
4597,5/18/2025 18:32:49,000000000567,Shelf -> Other,1,2025-05-18 18:32:49,TAKEOUT,Shelf,,Shelf
4598,5/18/2025 18:32:57,000000000338,Shelf -> Other,1,2025-05-18 18:32:57,TAKEOUT,Shelf,,Shelf
4599,5/18/2025 18:35:38,000000000840,Shelf -> Other,1,2025-05-18 18:35:38,TAKEOUT,Shelf,,Shelf
4600,5/18/2025 18:36:20,000000000017,Shelf -> Other,2,2025-05-18 18:36:20,TAKEOUT,Shelf,,Shelf
4601,5/18/2025 18:36:40,000000001045,Shelf -> Other,1,2025-05-18 18:36:40,TAKEOUT,Shelf,,Shelf
4602,5/18/2025 18:36:48,000000001014,Shelf -> Other,1,2025-05-18 18:36:48,TAKEOUT,Shelf,,Shelf
4603,5/18/2025 18:40:17,000000000581,Shelf -> Other,7,2025-05-18 18:40:17,TAKEOUT,Shelf,,Shelf
4604,5/18/2025 18:40:58,000000000581,Shelf -> Other,8,2025-05-18 18:40:58,TAKEOUT,Shelf,,Shelf
4605,5/18/2025 18:42:12,000000001090,Shelf -> Other,1,2025-05-18 18:42:12,TAKEOUT,Shelf,,Shelf
4606,5/19/2025 11:34:42,000000000062,Shelf -> Other,2,2025-05-19 11:34:42,TAKEOUT,Shelf,,Shelf
4607,5/19/2025 11:36:9,000000000789,Shelf -> Other,1,2025-05-19 11:36:09,TAKEOUT,Shelf,,Shelf
4608,5/19/2025 23:6:23,000000000017,Shelf -> Other,4,2025-05-19 23:06:23,TAKEOUT,Shelf,,Shelf
4609,5/19/2025 23:6:29,000000000017,Shelf -> Other,1,2025-05-19 23:06:29,TAKEOUT,Shelf,,Shelf
4610,5/19/2025 23:6:50,000000000062,Shelf -> Other,5,2025-05-19 23:06:50,TAKEOUT,Shelf,,Shelf
4611,5/19/2025 23:9:0,000000000574,Shelf -> Other,1,2025-05-19 23:09:00,TAKEOUT,Shelf,,Shelf
4612,5/20/2025 10:21:37,000000000062,Shelf -> Other,1,2025-05-20 10:21:37,TAKEOUT,Shelf,,Shelf
4613,5/20/2025 10:21:42,000000000024,Shelf -> Other,1,2025-05-20 10:21:42,TAKEOUT,Shelf,,Shelf
4614,5/20/2025 18:10:37,000000001120,Shelf -> Other,1,2025-05-20 18:10:37,TAKEOUT,Shelf,,Shelf
4615,5/20/2025 19:19:3,000000000017,Shelf -> Other,1,2025-05-20 19:19:03,TAKEOUT,Shelf,,Shelf
4616,5/20/2025 19:21:39,000000000031,Shelf -> Other,1,2025-05-20 19:21:39,TAKEOUT,Shelf,,Shelf
4617,5/21/2025 19:5:40,000000000383,Shelf -> Other,1,2025-05-21 19:05:40,TAKEOUT,Shelf,,Shelf
4618,5/21/2025 19:11:29,000000000420,Shelf -> Other,1,2025-05-21 19:11:29,TAKEOUT,Shelf,,Shelf
4619,5/22/2025 19:20:48,000000000369,Shelf -> Other,1,2025-05-22 19:20:48,TAKEOUT,Shelf,,Shelf
4620,5/25/2025 1:4:45,000000000345,Shelf -> Other,1,2025-05-25 01:04:45,TAKEOUT,Shelf,,Shelf
4621,5/25/2025 17:17:5,000000000024,Shelf -> Other,1,2025-05-25 17:17:05,TAKEOUT,Shelf,,Shelf
4622,5/26/2025 13:54:41,000000000345,Shelf -> Other,1,2025-05-26 13:54:41,TAKEOUT,Shelf,,Shelf
4623,5/26/2025 13:54:47,000000000338,Shelf -> Other,2,2025-05-26 13:54:47,TAKEOUT,Shelf,,Shelf
4624,5/26/2025 19:52:15,000000000284,Shelf -> Other,1,2025-05-26 19:52:15,TAKEOUT,Shelf,,Shelf
4625,5/27/2025 12:57:38,000000000338,Shelf -> Other,2,2025-05-27 12:57:38,TAKEOUT,Shelf,,Shelf
4626,5/27/2025 12:58:38,000000000369,Shelf -> Other,1,2025-05-27 12:58:38,TAKEOUT,Shelf,,Shelf
4627,5/28/2025 13:7:30,000000000741,Shelf -> Other,1,2025-05-28 13:07:30,TAKEOUT,Shelf,,Shelf
4628,5/28/2025 20:24:2,000000000550,Shelf -> Other,1,2025-05-28 20:24:02,TAKEOUT,Shelf,,Shelf
4629,5/28/2025 20:24:18,000000001137,Shelf -> Other,2,2025-05-28 20:24:18,TAKEOUT,Shelf,,Shelf
4630,5/28/2025 20:24:38,000000001120,Shelf -> Other,2,2025-05-28 20:24:38,TAKEOUT,Shelf,,Shelf
4631,5/28/2025 20:25:5,000000000840,Shelf -> Other,2,2025-05-28 20:25:05,TAKEOUT,Shelf,,Shelf
4632,5/28/2025 20:25:33,000000000017,Shelf -> Other,4,2025-05-28 20:25:33,TAKEOUT,Shelf,,Shelf
4633,5/28/2025 20:25:56,000000000000,Shelf -> Other,1,2025-05-28 20:25:56,TAKEOUT,Shelf,,Shelf
4634,5/28/2025 20:26:40,000000000093,Shelf -> Other,1,2025-05-28 20:26:40,TAKEOUT,Shelf,,Shelf
4635,5/28/2025 20:27:2,000000000024,Shelf -> Other,4,2025-05-28 20:27:02,TAKEOUT,Shelf,,Shelf
4636,5/28/2025 20:27:30,000000000062,Shelf -> Other,3,2025-05-28 20:27:30,TAKEOUT,Shelf,,Shelf
4637,5/28/2025 20:27:57,000000000055,Shelf -> Other,3,2025-05-28 20:27:57,TAKEOUT,Shelf,,Shelf
4638,5/28/2025 20:28:14,000000001069,Shelf -> Other,1,2025-05-28 20:28:14,TAKEOUT,Shelf,,Shelf
4639,5/30/2025 17:37:7,000000000239,Shelf -> Other,1,2025-05-30 17:37:07,TAKEOUT,Shelf,,Shelf
4640,5/30/2025 17:37:13,000000000307,Shelf -> Other,1,2025-05-30 17:37:13,TAKEOUT,Shelf,,Shelf
4641,5/30/2025 17:38:13,000000000314,Shelf -> Other,1,2025-05-30 17:38:13,TAKEOUT,Shelf,,Shelf
4642,5/31/2025 11:43:37,000000000956,Shelf -> Other,6,2025-05-31 11:43:37,TAKEOUT,Shelf,,Shelf
4643,6/1/2025 20:27:11,000000000550,Shelf -> Other,2,2025-06-01 20:27:11,TAKEOUT,Shelf,,Shelf
4644,6/1/2025 21:35:27,000000000024,Shelf -> Other,3,2025-06-01 21:35:27,TAKEOUT,Shelf,,Shelf
4645,6/1/2025 21:35:50,000000000017,Shelf -> Other,3,2025-06-01 21:35:50,TAKEOUT,Shelf,,Shelf
4646,6/1/2025 21:38:8,000000000055,Shelf -> Other,1,2025-06-01 21:38:08,TAKEOUT,Shelf,,Shelf
4647,6/1/2025 21:40:24,000000000000,Shelf -> Other,1,2025-06-01 21:40:24,TAKEOUT,Shelf,,Shelf
4648,6/1/2025 21:41:7,000000000338,Shelf -> Other,1,2025-06-01 21:41:07,TAKEOUT,Shelf,,Shelf
4649,6/1/2025 21:41:40,000000000369,Shelf -> Other,1,2025-06-01 21:41:40,TAKEOUT,Shelf,,Shelf
4650,6/1/2025 21:42:8,000000000055,Shelf -> Other,2,2025-06-01 21:42:08,TAKEOUT,Shelf,,Shelf
4651,6/1/2025 21:42:32,000000000062,Shelf -> Other,1,2025-06-01 21:42:32,TAKEOUT,Shelf,,Shelf
4652,6/1/2025 21:42:39,000000000963,Shelf -> Other,1,2025-06-01 21:42:39,TAKEOUT,Shelf,,Shelf
4653,6/1/2025 21:47:53,000000000376,Shelf -> Other,1,2025-06-01 21:47:53,TAKEOUT,Shelf,,Shelf
4654,6/2/2025 0:9:15,000000000567,Shelf -> Other,1,2025-06-02 00:09:15,TAKEOUT,Shelf,,Shelf
4655,6/2/2025 20:8:9,000000000338,Shelf -> Other,1,2025-06-02 20:08:09,TAKEOUT,Shelf,,Shelf
4656,6/2/2025 20:14:12,000000001090,Shelf -> Other,1,2025-06-02 20:14:12,TAKEOUT,Shelf,,Shelf
4657,6/3/2025 7:30:55,000000000567,Shelf -> Other,1,2025-06-03 07:30:55,TAKEOUT,Shelf,,Shelf
4658,6/3/2025 7:31:28,000000000369,Shelf -> Other,1,2025-06-03 07:31:28,TAKEOUT,Shelf,,Shelf
4659,6/3/2025 7:40:50,000000001090,Shelf -> Other,1,2025-06-03 07:40:50,TAKEOUT,Shelf,,Shelf
4660,6/3/2025 18:4:40,000000000055,Shelf -> Other,1,2025-06-03 18:04:40,TAKEOUT,Shelf,,Shelf
4661,6/3/2025 18:30:33,000000000550,Shelf -> Other,1,2025-06-03 18:30:33,TAKEOUT,Shelf,,Shelf
4662,6/4/2025 16:51:29,000000000062,Shelf -> Other,1,2025-06-04 16:51:29,TAKEOUT,Shelf,,Shelf
4663,6/4/2025 16:51:57,000000001120,Shelf -> Other,3,2025-06-04 16:51:57,TAKEOUT,Shelf,,Shelf
4664,6/4/2025 16:52:20,000000000017,Shelf -> Other,3,2025-06-04 16:52:20,TAKEOUT,Shelf,,Shelf
4665,6/4/2025 16:52:56,000000000840,Shelf -> Other,2,2025-06-04 16:52:56,TAKEOUT,Shelf,,Shelf
4666,6/4/2025 17:52:52,000000000567,Shelf -> Other,1,2025-06-04 17:52:52,TAKEOUT,Shelf,,Shelf
4667,6/5/2025 16:18:37,000000000024,Shelf -> Other,9,2025-06-05 16:18:37,TAKEOUT,Shelf,,Shelf
4668,6/5/2025 16:18:48,000000000000,Shelf -> Other,1,2025-06-05 16:18:48,TAKEOUT,Shelf,,Shelf
4669,6/5/2025 16:19:36,000000001144,Shelf -> Other,1,2025-06-05 16:19:36,TAKEOUT,Shelf,,Shelf
4670,6/5/2025 19:39:32,000000000239,Shelf -> Other,1,2025-06-05 19:39:32,TAKEOUT,Shelf,,Shelf
4671,6/5/2025 19:39:40,000000000321,Shelf -> Other,10,2025-06-05 19:39:40,TAKEOUT,Shelf,,Shelf
4672,6/6/2025 1:24:2,000000000338,Shelf -> Other,1,2025-06-06 01:24:02,TAKEOUT,Shelf,,Shelf
4673,6/6/2025 1:24:5,000000000369,Shelf -> Other,1,2025-06-06 01:24:05,TAKEOUT,Shelf,,Shelf
4674,6/6/2025 1:24:10,000000000567,Shelf -> Other,1,2025-06-06 01:24:10,TAKEOUT,Shelf,,Shelf
4675,6/6/2025 12:59:40,000000000369,Shelf -> Other,1,2025-06-06 12:59:40,TAKEOUT,Shelf,,Shelf
4676,6/6/2025 19:37:25,000000000017,Shelf -> Other,1,2025-06-06 19:37:25,TAKEOUT,Shelf,,Shelf
4677,6/6/2025 19:37:38,000000000024,Shelf -> Other,4,2025-06-06 19:37:38,TAKEOUT,Shelf,,Shelf
4678,6/6/2025 19:38:8,000000000055,Shelf -> Other,3,2025-06-06 19:38:08,TAKEOUT,Shelf,,Shelf
4679,6/6/2025 19:38:45,000000001120,Shelf -> Other,1,2025-06-06 19:38:45,TAKEOUT,Shelf,,Shelf
4680,6/7/2025 2:54:51,000000000369,Shelf -> Other,1,2025-06-07 02:54:51,TAKEOUT,Shelf,,Shelf
4681,6/7/2025 23:14:1,000000000390,Shelf -> Other,1,2025-06-07 23:14:01,TAKEOUT,Shelf,,Shelf
4682,6/7/2025 23:23:53,000000000550,Shelf -> Other,1,2025-06-07 23:23:53,TAKEOUT,Shelf,,Shelf
4683,6/8/2025 18:48:9,000000000000,Shelf -> Other,1,2025-06-08 18:48:09,TAKEOUT,Shelf,,Shelf
4684,6/8/2025 18:48:14,000000000024,Shelf -> Other,2,2025-06-08 18:48:14,TAKEOUT,Shelf,,Shelf
4685,6/9/2025 19:39:26,000000000369,Shelf -> Other,1,2025-06-09 19:39:26,TAKEOUT,Shelf,,Shelf
4686,6/9/2025 19:40:4,000000000338,Shelf -> Other,1,2025-06-09 19:40:04,TAKEOUT,Shelf,,Shelf
4687,6/10/2025 8:10:28,000000000093,Shelf -> Other,1,2025-06-10 08:10:28,TAKEOUT,Shelf,,Shelf
4688,6/10/2025 8:10:32,000000000017,Shelf -> Other,2,2025-06-10 08:10:32,TAKEOUT,Shelf,,Shelf
4689,6/10/2025 8:11:53,000000000055,Shelf -> Other,1,2025-06-10 08:11:53,TAKEOUT,Shelf,,Shelf
4690,6/10/2025 13:23:29,000000000369,Shelf -> Other,1,2025-06-10 13:23:29,TAKEOUT,Shelf,,Shelf
4691,6/11/2025 12:23:39,000000001120,Shelf -> Other,1,2025-06-11 12:23:39,TAKEOUT,Shelf,,Shelf
4692,6/11/2025 12:23:59,000000000840,Shelf -> Other,1,2025-06-11 12:23:59,TAKEOUT,Shelf,,Shelf
4693,6/11/2025 19:38:36,000000000758,Shelf -> Other,1,2025-06-11 19:38:36,TAKEOUT,Shelf,,Shelf
4694,6/11/2025 20:17:0,000000000338,Shelf -> Other,1,2025-06-11 20:17:00,TAKEOUT,Shelf,,Shelf
4695,6/11/2025 20:25:14,000000000000,Shelf -> Other,1,2025-06-11 20:25:14,TAKEOUT,Shelf,,Shelf
4696,6/11/2025 20:25:21,000000000017,Shelf -> Other,2,2025-06-11 20:25:21,TAKEOUT,Shelf,,Shelf
4697,6/11/2025 22:33:39,000000000024,Shelf -> Other,5,2025-06-11 22:33:39,TAKEOUT,Shelf,,Shelf
4698,6/11/2025 22:35:14,000000001120,Shelf -> Other,1,2025-06-11 22:35:14,TAKEOUT,Shelf,,Shelf
4699,6/11/2025 22:36:36,000000001120,Cage -> Shelf,15,2025-06-11 22:36:36,TRANSFER,Cage,Shelf,Shelf
4700,6/11/2025 22:36:50,000000001120,Cage -> Other,1,2025-06-11 22:36:50,TAKEOUT,Cage,,Cage
4701,6/11/2025 22:37:24,000000000000,Cage -> Shelf,16,2025-06-11 22:37:24,TRANSFER,Cage,Shelf,Shelf
4702,6/11/2025 22:37:36,000000000000,Shelf -> Other,1,2025-06-11 22:37:36,TAKEOUT,Shelf,,Shelf
4703,6/11/2025 22:40:28,000000000369,Cage -> Shelf,10,2025-06-11 22:40:28,TRANSFER,Cage,Shelf,Shelf
4704,6/11/2025 22:40:42,000000000338,Cage -> Shelf,10,2025-06-11 22:40:42,TRANSFER,Cage,Shelf,Shelf
4705,6/12/2025 19:23:34,000000000024,Shelf -> Other,2,2025-06-12 19:23:34,TAKEOUT,Shelf,,Shelf
4706,6/12/2025 19:26:18,000000000017,Shelf -> Other,1,2025-06-12 19:26:18,TAKEOUT,Shelf,,Shelf
4707,6/13/2025 0:0:4,000000000741,Shelf -> Other,1,2025-06-13 00:00:04,TAKEOUT,Shelf,,Shelf
4708,6/13/2025 12:39:54,000000000369,Shelf -> Other,1,2025-06-13 12:39:54,TAKEOUT,Shelf,,Shelf
4709,6/14/2025 12:10:31,000000000741,Shelf -> Other,1,2025-06-14 12:10:31,TAKEOUT,Shelf,,Shelf
4710,6/14/2025 12:11:1,000000000000,Shelf -> Other,1,2025-06-14 12:11:01,TAKEOUT,Shelf,,Shelf
4711,6/14/2025 12:11:9,000000000055,Shelf -> Other,1,2025-06-14 12:11:09,TAKEOUT,Shelf,,Shelf
4712,6/14/2025 12:11:40,000000000017,Shelf -> Other,1,2025-06-14 12:11:40,TAKEOUT,Shelf,,Shelf
4713,6/14/2025 12:12:30,000000001151,Shelf -> Other,1,2025-06-14 12:12:30,TAKEOUT,Shelf,,Shelf
4714,6/14/2025 12:12:48,000000000062,Shelf -> Other,1,2025-06-14 12:12:48,TAKEOUT,Shelf,,Shelf
4715,6/15/2025 10:58:29,000000000574,Shelf -> Other,1,2025-06-15 10:58:29,TAKEOUT,Shelf,,Shelf
4716,6/15/2025 18:39:34,000000000369,Shelf -> Other,1,2025-06-15 18:39:34,TAKEOUT,Shelf,,Shelf
4717,6/15/2025 18:53:49,000000001120,Shelf -> Other,1,2025-06-15 18:53:49,TAKEOUT,Shelf,,Shelf
4718,6/16/2025 8:30:50,000000000505,Shelf -> Other,1,2025-06-16 08:30:50,TAKEOUT,Shelf,,Shelf
4719,6/16/2025 8:33:6,000000000451,Shelf -> Other,1,2025-06-16 08:33:06,TAKEOUT,Shelf,,Shelf
4720,6/16/2025 8:33:10,000000000536,Shelf -> Other,1,2025-06-16 08:33:10,TAKEOUT,Shelf,,Shelf
4721,6/16/2025 8:33:17,000000000970,Shelf -> Other,1,2025-06-16 08:33:17,TAKEOUT,Shelf,,Shelf
4722,6/16/2025 16:57:53,000000000550,Shelf -> Other,1,2025-06-16 16:57:53,TAKEOUT,Shelf,,Shelf
4723,6/16/2025 20:48:53,000000000000,Shelf -> Other,1,2025-06-16 20:48:53,TAKEOUT,Shelf,,Shelf
4724,6/16/2025 20:59:0,000000000338,Shelf -> Other,1,2025-06-16 20:59:00,TAKEOUT,Shelf,,Shelf
4725,6/16/2025 20:59:49,000000000369,Shelf -> Other,1,2025-06-16 20:59:49,TAKEOUT,Shelf,,Shelf
4726,6/17/2025 18:11:5,000000000338,Shelf -> Other,1,2025-06-17 18:11:05,TAKEOUT,Shelf,,Shelf
4727,6/17/2025 20:30:19,000000000369,Shelf -> Other,1,2025-06-17 20:30:19,TAKEOUT,Shelf,,Shelf
4728,6/18/2025 15:4:14,000000000338,Shelf -> Other,1,2025-06-18 15:04:14,TAKEOUT,Shelf,,Shelf
4729,6/18/2025 15:5:25,000000001137,Shelf -> Other,5,2025-06-18 15:05:25,TAKEOUT,Shelf,,Shelf
4730,6/18/2025 15:8:23,000000001120,Shelf -> Other,3,2025-06-18 15:08:23,TAKEOUT,Shelf,,Shelf
4731,6/18/2025 17:12:17,000000001120,Shelf -> Other,4,2025-06-18 17:12:17,TAKEOUT,Shelf,,Shelf
4732,6/18/2025 17:16:28,000000001120,Cage -> Shelf,24,2025-06-18 17:16:28,TRANSFER,Cage,Shelf,Shelf
4733,6/18/2025 17:16:59,000000001120,Shelf -> Other,4,2025-06-18 17:16:59,TAKEOUT,Shelf,,Shelf
4734,6/18/2025 17:17:11,000000000024,Shelf -> Other,1,2025-06-18 17:17:11,TAKEOUT,Shelf,,Shelf
4735,6/18/2025 17:27:51,000000000741,Shelf -> Other,1,2025-06-18 17:27:51,TAKEOUT,Shelf,,Shelf
4736,6/18/2025 21:8:58,000000001120,Shelf -> Other,2,2025-06-18 21:08:58,TAKEOUT,Shelf,,Shelf
4737,6/19/2025 3:4:50,000000001120,Shelf -> Other,1,2025-06-19 03:04:50,TAKEOUT,Shelf,,Shelf
4738,6/19/2025 3:5:17,000000000840,Shelf -> Other,1,2025-06-19 03:05:17,TAKEOUT,Shelf,,Shelf
4739,6/19/2025 13:57:10,000000000338,Shelf -> Other,1,2025-06-19 13:57:10,TAKEOUT,Shelf,,Shelf
4740,6/19/2025 13:57:43,000000000369,Shelf -> Other,1,2025-06-19 13:57:43,TAKEOUT,Shelf,,Shelf
4741,6/19/2025 14:8:32,000000001120,Shelf -> Other,2,2025-06-19 14:08:32,TAKEOUT,Shelf,,Shelf
4742,6/20/2025 12:39:31,000000000956,Shelf -> Other,1,2025-06-20 12:39:31,TAKEOUT,Shelf,,Shelf
4743,6/20/2025 15:31:13,000000000024,Shelf -> Other,4,2025-06-20 15:31:13,TAKEOUT,Shelf,,Shelf
4744,6/20/2025 15:31:20,000000000000,Shelf -> Other,1,2025-06-20 15:31:20,TAKEOUT,Shelf,,Shelf
4745,6/20/2025 15:31:28,000000001120,Shelf -> Other,1,2025-06-20 15:31:28,TAKEOUT,Shelf,,Shelf
4746,6/20/2025 15:33:56,000000000840,Shelf -> Other,1,2025-06-20 15:33:56,TAKEOUT,Shelf,,Shelf
4747,6/20/2025 15:42:26,000000001120,Shelf -> Other,1,2025-06-20 15:42:26,TAKEOUT,Shelf,,Shelf
4748,6/20/2025 17:35:23,000000000369,Shelf -> Other,1,2025-06-20 17:35:23,TAKEOUT,Shelf,,Shelf
4749,6/20/2025 17:36:1,000000000055,Shelf -> Other,1,2025-06-20 17:36:01,TAKEOUT,Shelf,,Shelf
4750,6/21/2025 18:8:56,000000000369,Shelf -> Other,1,2025-06-21 18:08:56,TAKEOUT,Shelf,,Shelf
4751,6/21/2025 18:9:1,000000000338,Shelf -> Other,1,2025-06-21 18:09:01,TAKEOUT,Shelf,,Shelf
4752,6/22/2025 14:16:37,000000001045,Shelf -> Other,2,2025-06-22 14:16:37,TAKEOUT,Shelf,,Shelf
4753,6/22/2025 23:42:43,000000000055,Shelf -> Other,1,2025-06-22 23:42:43,TAKEOUT,Shelf,,Shelf
4754,6/22/2025 23:42:48,000000000024,Shelf -> Other,1,2025-06-22 23:42:48,TAKEOUT,Shelf,,Shelf
4755,6/22/2025 23:46:4,000000000000,Shelf -> Other,1,2025-06-22 23:46:04,TAKEOUT,Shelf,,Shelf
4756,6/23/2025 2:47:3,000000000024,Shelf -> Other,2,2025-06-23 02:47:03,TAKEOUT,Shelf,,Shelf
4757,6/23/2025 2:48:18,000000000000,Shelf -> Other,1,2025-06-23 02:48:18,TAKEOUT,Shelf,,Shelf
4758,6/24/2025 12:7:23,000000001120,Shelf -> Other,1,2025-06-24 12:07:23,TAKEOUT,Shelf,,Shelf
4759,6/24/2025 22:8:10,000000000000,Shelf -> Other,1,2025-06-24 22:08:10,TAKEOUT,Shelf,,Shelf
4760,6/24/2025 22:8:19,000000000024,Shelf -> Other,4,2025-06-24 22:08:19,TAKEOUT,Shelf,,Shelf
4761,6/25/2025 20:9:5,000000001151,Cage -> Shelf,3,2025-06-25 20:09:05,TRANSFER,Cage,Shelf,Shelf
4762,6/25/2025 20:9:13,000000001151,Shelf -> Other,1,2025-06-25 20:09:13,TAKEOUT,Shelf,,Shelf
4763,6/26/2025 12:50:8,000000000840,Shelf -> Other,1,2025-06-26 12:50:08,TAKEOUT,Shelf,,Shelf
4764,6/26/2025 12:50:48,000000000086,Shelf -> Other,5,2025-06-26 12:50:48,TAKEOUT,Shelf,,Shelf
4765,6/26/2025 12:55:52,000000000055,Shelf -> Other,3,2025-06-26 12:55:52,TAKEOUT,Shelf,,Shelf
4766,6/27/2025 0:11:34,000000000574,Shelf -> Other,1,2025-06-27 00:11:34,TAKEOUT,Shelf,,Shelf
4767,6/28/2025 4:51:17,000000000338,Shelf -> Other,1,2025-06-28 04:51:17,TAKEOUT,Shelf,,Shelf
4768,6/28/2025 11:29:25,000000000338,Shelf -> Other,1,2025-06-28 11:29:25,TAKEOUT,Shelf,,Shelf
4769,6/28/2025 12:18:35,000000000345,Shelf -> Other,1,2025-06-28 12:18:35,TAKEOUT,Shelf,,Shelf
4770,6/28/2025 12:18:39,000000000376,Shelf -> Other,1,2025-06-28 12:18:39,TAKEOUT,Shelf,,Shelf
4771,6/28/2025 12:18:54,000000000567,Shelf -> Other,1,2025-06-28 12:18:54,TAKEOUT,Shelf,,Shelf
4772,6/28/2025 12:19:27,000000000017,Shelf -> Other,3,2025-06-28 12:19:27,TAKEOUT,Shelf,,Shelf
4773,6/28/2025 12:19:46,000000000581,Shelf -> Other,7,2025-06-28 12:19:46,TAKEOUT,Shelf,,Shelf
4774,6/28/2025 12:20:7,000000001014,Shelf -> Other,1,2025-06-28 12:20:07,TAKEOUT,Shelf,,Shelf
4775,6/28/2025 12:20:44,000000000086,Shelf -> Other,1,2025-06-28 12:20:44,TAKEOUT,Shelf,,Shelf
4776,6/28/2025 12:21:8,000000000024,Shelf -> Other,8,2025-06-28 12:21:08,TAKEOUT,Shelf,,Shelf
4777,6/28/2025 12:21:39,000000000000,Shelf -> Other,2,2025-06-28 12:21:39,TAKEOUT,Shelf,,Shelf
4778,6/28/2025 12:21:46,000000000062,Shelf -> Other,4,2025-06-28 12:21:46,TAKEOUT,Shelf,,Shelf
4779,6/28/2025 12:23:27,000000001137,Shelf -> Other,1,2025-06-28 12:23:27,TAKEOUT,Shelf,,Shelf
4780,6/28/2025 12:24:31,000000000642,Shelf -> Other,4,2025-06-28 12:24:31,TAKEOUT,Shelf,,Shelf
4781,6/28/2025 12:25:43,000000000086,Shelf -> Other,1,2025-06-28 12:25:43,TAKEOUT,Shelf,,Shelf
4782,6/28/2025 12:25:54,000000001113,Shelf -> Other,10,2025-06-28 12:25:54,TAKEOUT,Shelf,,Shelf
4783,6/28/2025 12:26:56,000000000000,Shelf -> Other,1,2025-06-28 12:26:56,TAKEOUT,Shelf,,Shelf
4784,6/28/2025 14:23:57,000000000024,Shelf -> Other,4,2025-06-28 14:23:57,TAKEOUT,Shelf,,Shelf
4785,6/28/2025 14:24:2,000000000055,Shelf -> Other,4,2025-06-28 14:24:02,TAKEOUT,Shelf,,Shelf
4786,6/29/2025 18:5:14,000000000369,Shelf -> Other,1,2025-06-29 18:05:14,TAKEOUT,Shelf,,Shelf
4787,6/29/2025 18:5:31,000000000376,Shelf -> Other,1,2025-06-29 18:05:31,TAKEOUT,Shelf,,Shelf
4788,6/29/2025 18:26:49,000000000307,Shelf -> Other,1,2025-06-29 18:26:49,TAKEOUT,Shelf,,Shelf
4789,6/29/2025 18:35:48,000000000307,Shelf -> Other,1,2025-06-29 18:35:48,TAKEOUT,Shelf,,Shelf
4790,6/29/2025 21:1:3,000000000383,Shelf -> Other,1,2025-06-29 21:01:03,TAKEOUT,Shelf,,Shelf
4791,6/29/2025 21:6:40,000000000970,Shelf -> Other,1,2025-06-29 21:06:40,TAKEOUT,Shelf,,Shelf
4792,6/29/2025 22:41:56,000000000024,Shelf -> Other,5,2025-06-29 22:41:56,TAKEOUT,Shelf,,Shelf
4793,6/29/2025 22:42:21,000000000000,Shelf -> Other,1,2025-06-29 22:42:21,TAKEOUT,Shelf,,Shelf
4794,6/29/2025 23:44:40,000000000024,Shelf -> Other,3,2025-06-29 23:44:40,TAKEOUT,Shelf,,Shelf
4795,6/29/2025 23:44:45,000000000000,Shelf -> Other,1,2025-06-29 23:44:45,TAKEOUT,Shelf,,Shelf
4796,6/29/2025 23:48:7,000000000567,Shelf -> Other,1,2025-06-29 23:48:07,TAKEOUT,Shelf,,Shelf
4797,6/29/2025 23:48:12,000000000550,Shelf -> Other,1,2025-06-29 23:48:12,TAKEOUT,Shelf,,Shelf
4798,6/30/2025 15:16:48,000000000451,Shelf -> Other,1,2025-06-30 15:16:48,TAKEOUT,Shelf,,Shelf
4799,6/30/2025 18:29:12,000000000024,Shelf -> Other,2,2025-06-30 18:29:12,TAKEOUT,Shelf,,Shelf
4800,6/30/2025 18:29:30,000000000840,Shelf -> Other,1,2025-06-30 18:29:30,TAKEOUT,Shelf,,Shelf
4801,6/30/2025 19:4:22,000000000574,Shelf -> Other,1,2025-06-30 19:04:22,TAKEOUT,Shelf,,Shelf
4802,6/30/2025 19:5:9,000000001120,Shelf -> Other,1,2025-06-30 19:05:09,TAKEOUT,Shelf,,Shelf
4803,6/30/2025 19:5:42,000000000840,Shelf -> Other,1,2025-06-30 19:05:42,TAKEOUT,Shelf,,Shelf
4804,6/30/2025 19:17:19,000000000055,Shelf -> Other,3,2025-06-30 19:17:19,TAKEOUT,Shelf,,Shelf
4805,6/30/2025 19:17:49,000000000017,Shelf -> Other,10,2025-06-30 19:17:49,TAKEOUT,Shelf,,Shelf
4806,6/30/2025 19:18:36,000000000062,Shelf -> Other,6,2025-06-30 19:18:36,TAKEOUT,Shelf,,Shelf
4807,6/30/2025 19:19:32,000000000024,Shelf -> Other,4,2025-06-30 19:19:32,TAKEOUT,Shelf,,Shelf
4808,6/30/2025 19:20:46,000000000093,Shelf -> Other,1,2025-06-30 19:20:46,TAKEOUT,Shelf,,Shelf
4809,6/30/2025 19:21:5,000000000093,Shelf -> Other,2,2025-06-30 19:21:05,TAKEOUT,Shelf,,Shelf
4810,6/30/2025 19:21:31,000000000093,Shelf -> Other,1,2025-06-30 19:21:31,TAKEOUT,Shelf,,Shelf
4811,6/30/2025 20:42:46,000000000970,Shelf -> Other,1,2025-06-30 20:42:46,TAKEOUT,Shelf,,Shelf
4812,6/30/2025 20:46:37,000000000338,Shelf -> Other,1,2025-06-30 20:46:37,TAKEOUT,Shelf,,Shelf
4813,6/30/2025 20:50:23,000000001120,Shelf -> Other,2,2025-06-30 20:50:23,TAKEOUT,Shelf,,Shelf
4814,6/30/2025 20:50:48,000000000062,Shelf -> Other,3,2025-06-30 20:50:48,TAKEOUT,Shelf,,Shelf
4815,6/30/2025 20:51:28,000000000550,Shelf -> Other,1,2025-06-30 20:51:28,TAKEOUT,Shelf,,Shelf
4816,6/30/2025 20:51:52,000000001090,Shelf -> Other,3,2025-06-30 20:51:52,TAKEOUT,Shelf,,Shelf
4817,6/30/2025 20:54:59,000000000581,Shelf -> Other,12,2025-06-30 20:54:59,TAKEOUT,Shelf,,Shelf
4818,6/30/2025 20:55:33,000000000963,Shelf -> Other,1,2025-06-30 20:55:33,TAKEOUT,Shelf,,Shelf
4819,6/30/2025 20:57:59,000000001090,Shelf -> Other,1,2025-06-30 20:57:59,TAKEOUT,Shelf,,Shelf
4820,6/30/2025 20:59:39,000000000413,Shelf -> Other,1,2025-06-30 20:59:39,TAKEOUT,Shelf,,Shelf
4821,6/30/2025 21:1:32,000000000420,Shelf -> Other,1,2025-06-30 21:01:32,TAKEOUT,Shelf,,Shelf
4822,6/30/2025 21:15:56,000000000109,Shelf -> Other,3,2025-06-30 21:15:56,TAKEOUT,Shelf,,Shelf
4823,7/1/2025 18:15:53,000000001045,Shelf -> Other,1,2025-07-01 18:15:53,TAKEOUT,Shelf,,Shelf
4824,7/1/2025 20:44:15,000000000543,RECOUNT - Shelf,5,2025-07-01 20:44:15,COUNT,,Shelf,Shelf
4825,7/1/2025 20:44:22,000000000550,RECOUNT - Shelf,6,2025-07-01 20:44:22,COUNT,,Shelf,Shelf
4826,7/1/2025 20:44:30,000000000567,RECOUNT - Shelf,5,2025-07-01 20:44:30,COUNT,,Shelf,Shelf
4827,7/1/2025 20:44:35,000000000574,RECOUNT - Shelf,3,2025-07-01 20:44:35,COUNT,,Shelf,Shelf
4828,7/1/2025 20:44:40,000000001090,RECOUNT - Shelf,11,2025-07-01 20:44:40,COUNT,,Shelf,Shelf
4829,7/1/2025 20:44:49,000000001144,RECOUNT - Shelf,50,2025-07-01 20:44:49,COUNT,,Shelf,Shelf
4830,7/1/2025 20:44:55,000000000338,RECOUNT - Shelf,11,2025-07-01 20:44:55,COUNT,,Shelf,Shelf
4831,7/1/2025 20:45:1,000000000345,RECOUNT - Shelf,7,2025-07-01 20:45:01,COUNT,,Shelf,Shelf
4832,7/1/2025 20:45:8,000000000017,RECOUNT - Shelf,14,2025-07-01 20:45:08,COUNT,,Shelf,Shelf
4833,7/1/2025 20:45:15,000000000093,RECOUNT - Shelf,17,2025-07-01 20:45:15,COUNT,,Shelf,Shelf
4834,7/1/2025 20:45:22,000000001069,RECOUNT - Shelf,81,2025-07-01 20:45:22,COUNT,,Shelf,Shelf
4835,7/1/2025 20:45:26,000000000963,RECOUNT - Shelf,2,2025-07-01 20:45:26,COUNT,,Shelf,Shelf
4836,7/1/2025 20:45:36,000000001014,RECOUNT - Shelf,2,2025-07-01 20:45:36,COUNT,,Shelf,Shelf
4837,7/1/2025 20:45:40,000000001045,RECOUNT - Shelf,1,2025-07-01 20:45:40,COUNT,,Shelf,Shelf
4838,7/1/2025 20:45:50,000000000369,RECOUNT - Shelf,5,2025-07-01 20:45:50,COUNT,,Shelf,Shelf
4839,7/1/2025 20:45:57,000000000376,RECOUNT - Shelf,14,2025-07-01 20:45:57,COUNT,,Shelf,Shelf
4840,7/1/2025 20:46:12,000000000581,RECOUNT - Shelf,100,2025-07-01 20:46:12,COUNT,,Shelf,Shelf
4841,7/1/2025 20:46:17,000000000055,RECOUNT - Shelf,10,2025-07-01 20:46:17,COUNT,,Shelf,Shelf
4842,7/1/2025 20:46:22,000000000413,RECOUNT - Shelf,6,2025-07-01 20:46:22,COUNT,,Shelf,Shelf
4843,7/1/2025 20:46:27,000000000437,RECOUNT - Shelf,1,2025-07-01 20:46:27,COUNT,,Shelf,Shelf
4844,7/1/2025 20:46:31,000000000444,RECOUNT - Shelf,0,2025-07-01 20:46:31,COUNT,,Shelf,Shelf
4845,7/1/2025 20:46:36,000000000970,RECOUNT - Shelf,3,2025-07-01 20:46:36,COUNT,,Shelf,Shelf
4846,7/1/2025 20:46:40,000000000987,RECOUNT - Shelf,3,2025-07-01 20:46:40,COUNT,,Shelf,Shelf
4847,7/1/2025 20:46:57,000000001137,RECOUNT - Shelf,4,2025-07-01 20:46:57,COUNT,,Shelf,Shelf
4848,7/1/2025 20:47:3,000000001120,RECOUNT - Shelf,26,2025-07-01 20:47:03,COUNT,,Shelf,Shelf
4849,7/1/2025 20:47:52,000000000109,RECOUNT - Shelf,0,2025-07-01 20:47:52,COUNT,,Shelf,Shelf
4850,7/1/2025 20:48:11,000000001113,RECOUNT - Shelf,100,2025-07-01 20:48:11,COUNT,,Shelf,Shelf
4851,7/1/2025 20:48:23,000000000024,RECOUNT - Shelf,185,2025-07-01 20:48:23,COUNT,,Shelf,Shelf
4852,7/1/2025 20:48:29,000000000000,RECOUNT - Shelf,3,2025-07-01 20:48:29,COUNT,,Shelf,Shelf
4853,7/1/2025 20:48:35,000000000789,RECOUNT - Shelf,2,2025-07-01 20:48:35,COUNT,,Shelf,Shelf
4854,7/1/2025 20:48:42,000000000840,RECOUNT - Shelf,11,2025-07-01 20:48:42,COUNT,,Shelf,Shelf
4855,7/1/2025 20:48:54,000000000468,RECOUNT - Shelf,3,2025-07-01 20:48:54,COUNT,,Shelf,Shelf
4856,7/1/2025 20:48:58,000000000475,RECOUNT - Shelf,2,2025-07-01 20:48:58,COUNT,,Shelf,Shelf
4857,7/1/2025 20:49:3,000000000482,RECOUNT - Shelf,1,2025-07-01 20:49:03,COUNT,,Shelf,Shelf
4858,7/1/2025 20:49:8,000000000499,RECOUNT - Shelf,2,2025-07-01 20:49:08,COUNT,,Shelf,Shelf
4859,7/1/2025 20:49:13,000000000505,RECOUNT - Shelf,0,2025-07-01 20:49:13,COUNT,,Shelf,Shelf
4860,7/1/2025 20:49:17,000000000512,RECOUNT - Shelf,3,2025-07-01 20:49:17,COUNT,,Shelf,Shelf
4861,7/1/2025 20:49:22,000000000529,RECOUNT - Shelf,3,2025-07-01 20:49:22,COUNT,,Shelf,Shelf
4862,7/1/2025 20:49:28,000000000062,RECOUNT - Shelf,7,2025-07-01 20:49:28,COUNT,,Shelf,Shelf
4863,7/1/2025 20:49:55,000000000239,RECOUNT - Shelf,0,2025-07-01 20:49:55,COUNT,,Shelf,Shelf
4864,7/1/2025 20:50:0,000000000246,RECOUNT - Shelf,1,2025-07-01 20:50:00,COUNT,,Shelf,Shelf
4865,7/1/2025 20:50:4,000000000253,RECOUNT - Shelf,1,2025-07-01 20:50:04,COUNT,,Shelf,Shelf
4866,7/1/2025 20:50:9,000000000260,RECOUNT - Shelf,2,2025-07-01 20:50:09,COUNT,,Shelf,Shelf
4867,7/1/2025 20:50:13,000000000277,RECOUNT - Shelf,1,2025-07-01 20:50:13,COUNT,,Shelf,Shelf
4868,7/1/2025 20:50:17,000000000284,RECOUNT - Shelf,0,2025-07-01 20:50:17,COUNT,,Shelf,Shelf
4869,7/1/2025 20:50:22,000000000291,RECOUNT - Shelf,1,2025-07-01 20:50:22,COUNT,,Shelf,Shelf
4870,7/1/2025 20:50:26,000000000307,RECOUNT - Shelf,0,2025-07-01 20:50:26,COUNT,,Shelf,Shelf
4871,7/1/2025 20:50:32,000000000314,RECOUNT - Shelf,4,2025-07-01 20:50:32,COUNT,,Shelf,Shelf
4872,7/1/2025 20:50:40,000000000321,RECOUNT - Shelf,3,2025-07-01 20:50:40,COUNT,,Shelf,Shelf
4873,7/1/2025 20:50:49,000000000147,RECOUNT - Shelf,3,2025-07-01 20:50:49,COUNT,,Shelf,Shelf
4874,7/1/2025 20:50:55,000000000154,RECOUNT - Shelf,3,2025-07-01 20:50:55,COUNT,,Shelf,Shelf
4875,7/1/2025 20:51:1,000000000161,RECOUNT - Shelf,4,2025-07-01 20:51:01,COUNT,,Shelf,Shelf
4876,7/1/2025 20:51:5,000000000178,RECOUNT - Shelf,3,2025-07-01 20:51:05,COUNT,,Shelf,Shelf
4877,7/1/2025 20:51:10,000000000185,RECOUNT - Shelf,4,2025-07-01 20:51:10,COUNT,,Shelf,Shelf
4878,7/1/2025 20:51:15,000000000192,RECOUNT - Shelf,4,2025-07-01 20:51:15,COUNT,,Shelf,Shelf
4879,7/1/2025 20:51:20,000000000208,RECOUNT - Shelf,2,2025-07-01 20:51:20,COUNT,,Shelf,Shelf
4880,7/1/2025 20:51:35,000000000215,RECOUNT - Shelf,2,2025-07-01 20:51:35,COUNT,,Shelf,Shelf
4881,7/1/2025 20:51:51,000000000536,RECOUNT - Shelf,0,2025-07-01 20:51:51,COUNT,,Shelf,Shelf
4882,7/1/2025 20:51:58,000000000451,RECOUNT - Shelf,0,2025-07-01 20:51:58,COUNT,,Shelf,Shelf
4883,7/1/2025 20:52:4,000000000765,RECOUNT - Shelf,2,2025-07-01 20:52:04,COUNT,,Shelf,Shelf
4884,7/1/2025 20:52:8,000000000772,RECOUNT - Shelf,1,2025-07-01 20:52:08,COUNT,,Shelf,Shelf
4885,7/1/2025 20:52:13,000000000383,RECOUNT - Shelf,1,2025-07-01 20:52:13,COUNT,,Shelf,Shelf
4886,7/1/2025 20:52:18,000000000390,RECOUNT - Shelf,4,2025-07-01 20:52:18,COUNT,,Shelf,Shelf
4887,7/1/2025 20:52:23,000000000406,RECOUNT - Shelf,2,2025-07-01 20:52:23,COUNT,,Shelf,Shelf
4888,7/1/2025 20:52:30,000000000420,RECOUNT - Shelf,0,2025-07-01 20:52:30,COUNT,,Shelf,Shelf
4889,7/1/2025 20:52:36,000000001151,RECOUNT - Shelf,2,2025-07-01 20:52:36,COUNT,,Shelf,Shelf
4890,7/1/2025 20:52:41,000000000031,RECOUNT - Shelf,2,2025-07-01 20:52:41,COUNT,,Shelf,Shelf
4891,7/1/2025 20:52:58,000000001168,RECOUNT - Shelf,1,2025-07-01 20:52:58,COUNT,,Shelf,Shelf
4892,7/1/2025 20:53:4,000000001175,RECOUNT - Shelf,6,2025-07-01 20:53:04,COUNT,,Shelf,Shelf
4893,7/1/2025 20:53:9,000000000697,RECOUNT - Shelf,1,2025-07-01 20:53:09,COUNT,,Shelf,Shelf
4894,7/1/2025 20:53:16,000000000758,RECOUNT - Shelf,4,2025-07-01 20:53:16,COUNT,,Shelf,Shelf
4895,7/1/2025 20:53:22,000000000741,RECOUNT - Shelf,10,2025-07-01 20:53:22,COUNT,,Shelf,Shelf
4896,7/1/2025 20:53:40,000000000628,RECOUNT - Shelf,0,2025-07-01 20:53:40,COUNT,,Shelf,Shelf
4897,7/1/2025 20:53:45,000000000635,RECOUNT - Shelf,0,2025-07-01 20:53:45,COUNT,,Shelf,Shelf
4898,7/1/2025 20:53:49,000000000642,RECOUNT - Shelf,0,2025-07-01 20:53:49,COUNT,,Shelf,Shelf
4899,7/1/2025 20:53:54,000000000604,RECOUNT - Shelf,0,2025-07-01 20:53:54,COUNT,,Shelf,Shelf
4900,7/1/2025 20:56:40,000000000598,RECOUNT - Cage,1,2025-07-01 20:56:40,COUNT,,Cage,Cage
4901,7/1/2025 20:56:53,000000000598,RECOUNT - Cage,160,2025-07-01 20:56:53,COUNT,,Cage,Cage
4902,7/1/2025 20:57:6,000000000956,RECOUNT - Cage,14,2025-07-01 20:57:06,COUNT,,Cage,Cage
4903,7/1/2025 20:57:12,000000000932,RECOUNT - Cage,3,2025-07-01 20:57:12,COUNT,,Cage,Cage
4904,7/1/2025 20:57:17,000000000949,RECOUNT - Cage,6,2025-07-01 20:57:17,COUNT,,Cage,Cage
4905,7/1/2025 20:57:22,000000000925,RECOUNT - Cage,3,2025-07-01 20:57:22,COUNT,,Cage,Cage
4906,7/1/2025 20:57:31,000000000048,RECOUNT - Cage,6,2025-07-01 20:57:31,COUNT,,Cage,Cage
4907,7/1/2025 20:57:36,000000000079,RECOUNT - Cage,1,2025-07-01 20:57:36,COUNT,,Cage,Cage
4908,7/1/2025 20:57:47,000000001052,RECOUNT - Cage,24,2025-07-01 20:57:47,COUNT,,Cage,Cage
4909,7/1/2025 21:0:45,000000000093,RECOUNT - Cage,182,2025-07-01 21:00:45,COUNT,,Cage,Cage
4910,7/1/2025 21:2:9,000000000062,RECOUNT - Cage,60,2025-07-01 21:02:09,COUNT,,Cage,Cage
4911,7/1/2025 21:2:39,000000000055,RECOUNT - Cage,240,2025-07-01 21:02:39,COUNT,,Cage,Cage
4912,7/1/2025 21:2:57,000000000017,RECOUNT - Cage,100,2025-07-01 21:02:57,COUNT,,Cage,Cage
4913,7/1/2025 21:3:23,000000001069,RECOUNT - Cage,600,2025-07-01 21:03:23,COUNT,,Cage,Cage
4914,7/1/2025 21:3:33,000000000840,RECOUNT - Cage,24,2025-07-01 21:03:33,COUNT,,Cage,Cage
4915,7/1/2025 21:4:16,000000001113,RECOUNT - Cage,1400,2025-07-01 21:04:16,COUNT,,Cage,Cage
4916,7/1/2025 21:4:25,000000000789,RECOUNT - Cage,4,2025-07-01 21:04:25,COUNT,,Cage,Cage
4917,7/1/2025 21:4:33,000000001151,RECOUNT - Cage,5,2025-07-01 21:04:33,COUNT,,Cage,Cage
4918,7/1/2025 21:5:14,000000000581,RECOUNT - Cage,2000,2025-07-01 21:05:14,COUNT,,Cage,Cage
4919,7/1/2025 21:5:14,000000000581,RECOUNT - Cage,2000,2025-07-01 21:05:14,COUNT,,Cage,Cage
4920,7/1/2025 21:5:29,000000001168,RECOUNT - Cage,2,2025-07-01 21:05:29,COUNT,,Cage,Cage
4921,7/1/2025 21:5:35,000000000031,RECOUNT - Cage,4,2025-07-01 21:05:35,COUNT,,Cage,Cage
4922,7/1/2025 21:5:49,000000000963,RECOUNT - Cage,6,2025-07-01 21:05:49,COUNT,,Cage,Cage
4923,7/1/2025 21:6:21,000000000109,RECOUNT - Cage,900,2025-07-01 21:06:21,COUNT,,Cage,Cage
4924,7/1/2025 21:6:31,000000001045,RECOUNT - Cage,1,2025-07-01 21:06:31,COUNT,,Cage,Cage
4925,7/1/2025 21:6:38,000000001014,RECOUNT - Cage,5,2025-07-01 21:06:38,COUNT,,Cage,Cage
4926,7/1/2025 21:6:59,000000001175,RECOUNT - Cage,0,2025-07-01 21:06:59,COUNT,,Cage,Cage
4927,7/1/2025 21:7:16,000000001144,RECOUNT - Cage,200,2025-07-01 21:07:16,COUNT,,Cage,Cage
4928,7/1/2025 21:7:23,000000000604,RECOUNT - Cage,2,2025-07-01 21:07:23,COUNT,,Cage,Cage
4929,7/1/2025 21:7:38,000000000772,RECOUNT - Cage,8,2025-07-01 21:07:38,COUNT,,Cage,Cage
4930,7/1/2025 21:7:48,000000000765,RECOUNT - Cage,6,2025-07-01 21:07:48,COUNT,,Cage,Cage
4931,7/1/2025 21:8:18,000000000628,RECOUNT - Cage,135,2025-07-01 21:08:18,COUNT,,Cage,Cage
4932,7/1/2025 21:9:1,000000000239,RECOUNT - Cage,3,2025-07-01 21:09:01,COUNT,,Cage,Cage
4933,7/1/2025 21:9:6,000000000246,RECOUNT - Cage,3,2025-07-01 21:09:06,COUNT,,Cage,Cage
4934,7/1/2025 21:9:11,000000000253,RECOUNT - Cage,2,2025-07-01 21:09:11,COUNT,,Cage,Cage
4935,7/1/2025 21:9:16,000000000260,RECOUNT - Cage,6,2025-07-01 21:09:16,COUNT,,Cage,Cage
4936,7/1/2025 21:9:22,000000000277,RECOUNT - Cage,6,2025-07-01 21:09:22,COUNT,,Cage,Cage
4937,7/1/2025 21:9:27,000000000284,RECOUNT - Cage,1,2025-07-01 21:09:27,COUNT,,Cage,Cage
4938,7/1/2025 21:9:32,000000000291,RECOUNT - Cage,2,2025-07-01 21:09:32,COUNT,,Cage,Cage
4939,7/1/2025 21:9:39,000000000307,RECOUNT - Cage,0,2025-07-01 21:09:39,COUNT,,Cage,Cage
4940,7/1/2025 21:9:47,000000000314,RECOUNT - Cage,6,2025-07-01 21:09:47,COUNT,,Cage,Cage
4941,7/1/2025 21:10:29,000000000147,RECOUNT - Cage,10,2025-07-01 21:10:29,COUNT,,Cage,Cage
4942,7/1/2025 21:10:34,000000000154,RECOUNT - Cage,5,2025-07-01 21:10:34,COUNT,,Cage,Cage
4943,7/1/2025 21:10:40,000000000161,RECOUNT - Cage,14,2025-07-01 21:10:40,COUNT,,Cage,Cage
4944,7/1/2025 21:10:45,000000000178,RECOUNT - Cage,5,2025-07-01 21:10:45,COUNT,,Cage,Cage
4945,7/1/2025 21:10:51,000000000185,RECOUNT - Cage,11,2025-07-01 21:10:51,COUNT,,Cage,Cage
4946,7/1/2025 21:10:56,000000000192,RECOUNT - Cage,3,2025-07-01 21:10:56,COUNT,,Cage,Cage
4947,7/1/2025 21:11:2,000000000208,RECOUNT - Cage,8,2025-07-01 21:11:02,COUNT,,Cage,Cage
4948,7/1/2025 21:11:8,000000000215,RECOUNT - Cage,14,2025-07-01 21:11:08,COUNT,,Cage,Cage
4949,7/1/2025 21:11:24,000000000543,RECOUNT - Cage,5,2025-07-01 21:11:24,COUNT,,Cage,Cage
4950,7/1/2025 21:11:32,000000000550,RECOUNT - Cage,27,2025-07-01 21:11:32,COUNT,,Cage,Cage
4951,7/1/2025 21:11:39,000000000567,RECOUNT - Cage,19,2025-07-01 21:11:39,COUNT,,Cage,Cage
4952,7/1/2025 21:11:45,000000000574,RECOUNT - Cage,41,2025-07-01 21:11:45,COUNT,,Cage,Cage
4953,7/1/2025 21:12:0,000000000536,RECOUNT - Cage,6,2025-07-01 21:12:00,COUNT,,Cage,Cage
4954,7/1/2025 21:12:13,000000000406,RECOUNT - Cage,9,2025-07-01 21:12:13,COUNT,,Cage,Cage
4955,7/1/2025 21:12:21,000000000451,RECOUNT - Cage,10,2025-07-01 21:12:21,COUNT,,Cage,Cage
4956,7/1/2025 21:12:38,000000000468,RECOUNT - Cage,5,2025-07-01 21:12:38,COUNT,,Cage,Cage
4957,7/1/2025 21:12:44,000000000475,RECOUNT - Cage,10,2025-07-01 21:12:44,COUNT,,Cage,Cage
4958,7/1/2025 21:12:50,000000000482,RECOUNT - Cage,8,2025-07-01 21:12:50,COUNT,,Cage,Cage
4959,7/1/2025 21:12:56,000000000499,RECOUNT - Cage,13,2025-07-01 21:12:56,COUNT,,Cage,Cage
4960,7/1/2025 21:13:1,000000000505,RECOUNT - Cage,6,2025-07-01 21:13:01,COUNT,,Cage,Cage
4961,7/1/2025 21:13:9,000000000512,RECOUNT - Cage,11,2025-07-01 21:13:09,COUNT,,Cage,Cage
4962,7/1/2025 21:13:15,000000000529,RECOUNT - Cage,20,2025-07-01 21:13:15,COUNT,,Cage,Cage
4963,7/1/2025 21:13:25,000000001090,RECOUNT - Cage,29,2025-07-01 21:13:25,COUNT,,Cage,Cage
4964,7/1/2025 21:14:3,000000000321,RECOUNT - Cage,1,2025-07-01 21:14:03,COUNT,,Cage,Cage
4965,7/1/2025 21:14:17,000000000321,RECOUNT - Cage,72,2025-07-01 21:14:17,COUNT,,Cage,Cage
4966,7/1/2025 21:14:25,000000000383,RECOUNT - Cage,12,2025-07-01 21:14:25,COUNT,,Cage,Cage
4967,7/1/2025 21:14:37,000000000734,RECOUNT - Cage,3,2025-07-01 21:14:37,COUNT,,Cage,Cage
4968,7/1/2025 21:14:43,000000000710,RECOUNT - Cage,9,2025-07-01 21:14:43,COUNT,,Cage,Cage
4969,7/1/2025 21:14:51,000000000369,RECOUNT - Cage,28,2025-07-01 21:14:51,COUNT,,Cage,Cage
4970,7/1/2025 21:14:58,000000000338,RECOUNT - Cage,72,2025-07-01 21:14:58,COUNT,,Cage,Cage
4971,7/1/2025 21:15:6,000000000376,RECOUNT - Cage,38,2025-07-01 21:15:06,COUNT,,Cage,Cage
4972,7/1/2025 21:15:12,000000000345,RECOUNT - Cage,61,2025-07-01 21:15:12,COUNT,,Cage,Cage
4973,7/1/2025 21:15:18,000000000413,RECOUNT - Cage,24,2025-07-01 21:15:18,COUNT,,Cage,Cage
4974,7/1/2025 21:15:25,000000000420,RECOUNT - Cage,7,2025-07-01 21:15:25,COUNT,,Cage,Cage
4975,7/1/2025 21:15:37,000000000437,RECOUNT - Cage,1,2025-07-01 21:15:37,COUNT,,Cage,Cage
4976,7/1/2025 21:15:47,000000001120,RECOUNT - Cage,96,2025-07-01 21:15:47,COUNT,,Cage,Cage
4977,7/1/2025 21:15:54,000000001137,RECOUNT - Cage,35,2025-07-01 21:15:54,COUNT,,Cage,Cage
4978,7/1/2025 21:16:15,000000000987,RECOUNT - Cage,2,2025-07-01 21:16:15,COUNT,,Cage,Cage
4979,7/1/2025 21:16:25,000000000000,RECOUNT - Cage,24,2025-07-01 21:16:25,COUNT,,Cage,Cage
4980,7/1/2025 21:16:32,000000000970,RECOUNT - Cage,5,2025-07-01 21:16:32,COUNT,,Cage,Cage
4981,7/1/2025 21:18:36,000000000741,RECOUNT - Cage,13,2025-07-01 21:18:36,COUNT,,Cage,Cage
4982,7/1/2025 21:18:51,000000000758,RECOUNT - Cage,13,2025-07-01 21:18:51,COUNT,,Cage,Cage
4983,7/1/2025 21:18:58,000000000697,RECOUNT - Cage,13,2025-07-01 21:18:58,COUNT,,Cage,Cage
4984,7/1/2025 21:19:14,000000000703,RECOUNT - Cage,8,2025-07-01 21:19:14,COUNT,,Cage,Cage
4985,7/1/2025 21:22:19,000000000352,RECOUNT - Cage,0,2025-07-01 21:22:19,COUNT,,Cage,Cage
4986,7/1/2025 21:22:33,000000000901,RECOUNT - Cage,3,2025-07-01 21:22:33,COUNT,,Cage,Cage
4987,7/1/2025 21:22:41,000000000871,RECOUNT - Cage,4,2025-07-01 21:22:41,COUNT,,Cage,Cage
4988,7/1/2025 21:22:49,000000000895,RECOUNT - Cage,5,2025-07-01 21:22:49,COUNT,,Cage,Cage
4989,7/1/2025 21:22:55,000000000888,RECOUNT - Cage,1,2025-07-01 21:22:55,COUNT,,Cage,Cage
4990,7/1/2025 21:23:1,000000000864,RECOUNT - Cage,3,2025-07-01 21:23:01,COUNT,,Cage,Cage
4991,7/1/2025 21:23:7,000000000857,RECOUNT - Cage,1,2025-07-01 21:23:07,COUNT,,Cage,Cage
4992,7/1/2025 21:23:14,000000000918,RECOUNT - Cage,1,2025-07-01 21:23:14,COUNT,,Cage,Cage
4993,7/1/2025 21:23:21,000000001007,RECOUNT - Cage,2,2025-07-01 21:23:21,COUNT,,Cage,Cage
4994,7/1/2025 21:23:38,000000001106,RECOUNT - Cage,5,2025-07-01 21:23:38,COUNT,,Cage,Cage
4995,7/1/2025 21:23:55,000000000222,RECOUNT - Cage,4,2025-07-01 21:23:55,COUNT,,Cage,Cage
4996,7/1/2025 21:24:6,000000001106,RECOUNT - Shelf,1,2025-07-01 21:24:06,COUNT,,Shelf,Shelf
4997,7/1/2025 22:35:42,000000000116,RECOUNT - Cage,12,2025-07-01 22:35:42,COUNT,,Cage,Cage
4998,7/1/2025 22:35:51,000000000611,RECOUNT - Cage,24,2025-07-01 22:35:51,COUNT,,Cage,Cage
4999,7/1/2025 22:36:5,000000000116,RECOUNT - Shelf,1,2025-07-01 22:36:05,COUNT,,Shelf,Shelf
5000,7/2/2025 14:28:33,000000000567,Shelf -> Other,1,2025-07-02 14:28:33,TAKEOUT,Shelf,,Shelf
5001,7/2/2025 16:39:18,000000000338,Shelf -> Other,1,2025-07-02 16:39:18,TAKEOUT,Shelf,,Shelf
5002,7/2/2025 18:4:6,000000000338,Shelf -> Other,1,2025-07-02 18:04:06,TAKEOUT,Shelf,,Shelf
5003,7/2/2025 20:52:40,000000000024,Shelf -> Other,1,2025-07-02 20:52:40,TAKEOUT,Shelf,,Shelf
5004,7/2/2025 20:52:44,000000000093,Shelf -> Other,1,2025-07-02 20:52:44,TAKEOUT,Shelf,,Shelf
5005,7/2/2025 20:52:52,000000000024,Shelf -> Other,1,2025-07-02 20:52:52,TAKEOUT,Shelf,,Shelf
5006,7/2/2025 20:53:41,000000000109,Shelf -> Other,6,2025-07-02 20:53:41,TAKEOUT,Shelf,,Shelf
5007,7/2/2025 20:53:48,000000001113,Shelf -> Other,2,2025-07-02 20:53:48,TAKEOUT,Shelf,,Shelf
5008,7/3/2025 1:44:47,000000000338,Shelf -> Other,1,2025-07-03 01:44:47,TAKEOUT,Shelf,,Shelf
5009,7/3/2025 1:44:52,000000000369,Shelf -> Other,1,2025-07-03 01:44:52,TAKEOUT,Shelf,,Shelf
5010,7/4/2025 1:15:26,000000000567,Shelf -> Other,1,2025-07-04 01:15:26,TAKEOUT,Shelf,,Shelf
5011,7/4/2025 18:3:34,000000000338,Shelf -> Other,1,2025-07-04 18:03:34,TAKEOUT,Shelf,,Shelf
5012,7/4/2025 23:58:40,000000000338,Shelf -> Other,1,2025-07-04 23:58:40,TAKEOUT,Shelf,,Shelf
5013,7/4/2025 23:58:56,000000000369,Shelf -> Other,1,2025-07-04 23:58:56,TAKEOUT,Shelf,,Shelf
5014,7/5/2025 0:7:39,000000000338,Shelf -> Other,1,2025-07-05 00:07:39,TAKEOUT,Shelf,,Shelf
5015,7/5/2025 0:7:43,000000000369,Shelf -> Other,1,2025-07-05 00:07:43,TAKEOUT,Shelf,,Shelf
5016,7/5/2025 13:31:5,000000000369,Shelf -> Other,1,2025-07-05 13:31:05,TAKEOUT,Shelf,,Shelf
5017,7/5/2025 13:31:20,000000000338,Shelf -> Other,1,2025-07-05 13:31:20,TAKEOUT,Shelf,,Shelf
5018,7/5/2025 22:38:10,000000000369,Shelf -> Other,1,2025-07-05 22:38:10,TAKEOUT,Shelf,,Shelf
5019,7/5/2025 23:33:35,000000000369,Cage -> Shelf,6,2025-07-05 23:33:35,TRANSFER,Cage,Shelf,Shelf
5020,7/6/2025 7:14:43,000000000093,Shelf -> Other,1,2025-07-06 07:14:43,TAKEOUT,Shelf,,Shelf
5021,7/7/2025 6:32:9,000000001090,Shelf -> Other,1,2025-07-07 06:32:09,TAKEOUT,Shelf,,Shelf
5022,7/7/2025 13:59:47,000000001120,Shelf -> Other,1,2025-07-07 13:59:47,TAKEOUT,Shelf,,Shelf
5023,7/7/2025 14:0:38,000000000840,Shelf -> Other,1,2025-07-07 14:00:38,TAKEOUT,Shelf,,Shelf
5024,7/7/2025 15:23:42,000000001120,Shelf -> Other,2,2025-07-07 15:23:42,TAKEOUT,Shelf,,Shelf
5025,7/7/2025 20:0:46,000000000840,Shelf -> Other,1,2025-07-07 20:00:46,TAKEOUT,Shelf,,Shelf
5026,7/7/2025 20:0:51,000000000741,Shelf -> Other,1,2025-07-07 20:00:51,TAKEOUT,Shelf,,Shelf
5027,7/7/2025 20:3:3,000000000079,Shelf -> Other,1,2025-07-07 20:03:03,TAKEOUT,Shelf,,Shelf
5028,7/7/2025 22:56:3,000000000000,Shelf -> Other,1,2025-07-07 22:56:03,TAKEOUT,Shelf,,Shelf
5029,7/7/2025 22:56:6,000000000017,Shelf -> Other,1,2025-07-07 22:56:06,TAKEOUT,Shelf,,Shelf
5030,7/7/2025 22:56:11,000000000024,Shelf -> Other,1,2025-07-07 22:56:11,TAKEOUT,Shelf,,Shelf
5031,7/8/2025 20:23:55,000000000109,Shelf -> Other,3,2025-07-08 20:23:55,TAKEOUT,Shelf,,Shelf
5032,7/9/2025 2:8:19,000000000338,Shelf -> Other,1,2025-07-09 02:08:19,TAKEOUT,Shelf,,Shelf
5033,7/9/2025 20:47:27,000000001168,Cage -> Other,1,2025-07-09 20:47:27,TAKEOUT,Cage,,Cage
5034,7/9/2025 20:47:41,000000001168,Delivery -> Cage,7,2025-07-09 20:47:41,RESTOCK,,Cage,Cage
5035,7/9/2025 20:49:23,000000000079,RECOUNT - Cage,3,2025-07-09 20:49:23,COUNT,,Cage,Cage
5036,7/9/2025 20:49:36,000000000079,RECOUNT - Shelf,0,2025-07-09 20:49:36,COUNT,,Shelf,Shelf
5037,7/9/2025 20:51:18,000000000307,Delivery -> Cage,6,2025-07-09 20:51:18,RESTOCK,,Cage,Cage
5038,7/9/2025 20:52:27,000000001045,Delivery -> Cage,12,2025-07-09 20:52:27,RESTOCK,,Cage,Cage
5039,7/9/2025 20:52:59,000000000918,Delivery -> Cage,3,2025-07-09 20:52:59,RESTOCK,,Cage,Cage
5040,7/9/2025 20:54:7,000000000109,RECOUNT - Shelf,6,2025-07-09 20:54:07,COUNT,,Shelf,Shelf
5041,7/9/2025 20:54:27,000000000284,Other -> Shelf,1,2025-07-09 20:54:27,TRANSFER,Other,Shelf,Shelf
5042,7/9/2025 20:54:40,000000000314,Shelf -> Other,1,2025-07-09 20:54:40,TAKEOUT,Shelf,,Shelf
5043,7/9/2025 20:55:4,000000000086,RECOUNT - Shelf,0,2025-07-09 20:55:04,COUNT,,Shelf,Shelf
5044,7/9/2025 20:55:54,000000000901,RECOUNT - Shelf,0,2025-07-09 20:55:54,COUNT,,Shelf,Shelf
5045,7/9/2025 20:56:8,000000000918,RECOUNT - Shelf,0,2025-07-09 20:56:08,COUNT,,Shelf,Shelf
5046,7/9/2025 20:56:20,000000000932,RECOUNT - Shelf,0,2025-07-09 20:56:20,COUNT,,Shelf,Shelf
5047,7/9/2025 20:56:24,000000000949,RECOUNT - Shelf,0,2025-07-09 20:56:24,COUNT,,Shelf,Shelf
5048,7/9/2025 20:56:33,000000000956,RECOUNT - Shelf,0,2025-07-09 20:56:33,COUNT,,Shelf,Shelf
5049,7/9/2025 20:56:42,000000001007,RECOUNT - Shelf,0,2025-07-09 20:56:42,COUNT,,Shelf,Shelf
5050,7/9/2025 20:58:8,000000000307,Cage -> Shelf,2,2025-07-09 20:58:08,TRANSFER,Cage,Shelf,Shelf
5051,7/9/2025 21:4:47,000000000987,Shelf -> Other,1,2025-07-09 21:04:47,TAKEOUT,Shelf,,Shelf
5052,7/9/2025 21:7:21,000000001175,Delivery -> Cage,4,2025-07-09 21:07:21,RESTOCK,,Cage,Cage
5053,7/9/2025 21:8:1,000000000604,Delivery -> Cage,4,2025-07-09 21:08:01,RESTOCK,,Cage,Cage
5054,7/9/2025 21:8:19,000000000604,Cage -> Shelf,4,2025-07-09 21:08:19,TRANSFER,Cage,Shelf,Shelf
5055,7/9/2025 21:9:15,000000000024,Other -> Shelf,24,2025-07-09 21:09:15,TRANSFER,Other,Shelf,Shelf
5056,7/10/2025 18:7:47,000000000369,Shelf -> Other,1,2025-07-10 18:07:47,TAKEOUT,Shelf,,Shelf
5057,7/12/2025 2:43:55,000000000017,Shelf -> Other,1,2025-07-12 02:43:55,TAKEOUT,Shelf,,Shelf
5058,7/12/2025 2:44:17,000000000024,Shelf -> Other,3,2025-07-12 02:44:17,TAKEOUT,Shelf,,Shelf
5059,7/12/2025 2:45:26,000000000000,Shelf -> Other,1,2025-07-12 02:45:26,TAKEOUT,Shelf,,Shelf
5060,7/12/2025 2:45:33,000000000062,Shelf -> Other,1,2025-07-12 02:45:33,TAKEOUT,Shelf,,Shelf
5061,7/13/2025 1:9:31,000000000000,Shelf -> Other,1,2025-07-13 01:09:31,TAKEOUT,Shelf,,Shelf
5062,7/13/2025 1:9:38,000000000017,Shelf -> Other,2,2025-07-13 01:09:38,TAKEOUT,Shelf,,Shelf
5063,7/13/2025 1:9:43,000000000024,Shelf -> Other,4,2025-07-13 01:09:43,TAKEOUT,Shelf,,Shelf
5064,7/13/2025 1:9:48,000000000062,Shelf -> Other,1,2025-07-13 01:09:48,TAKEOUT,Shelf,,Shelf
5065,7/13/2025 1:10:5,000000000000,Cage -> Shelf,12,2025-07-13 01:10:05,TRANSFER,Cage,Shelf,Shelf
5066,7/13/2025 1:12:4,000000000901,RECOUNT - Cage,4,2025-07-13 01:12:04,COUNT,,Cage,Cage
5067,7/13/2025 8:27:42,000000001120,Shelf -> Other,4,2025-07-13 08:27:42,TAKEOUT,Shelf,,Shelf
5068,7/13/2025 8:28:5,000000000345,Shelf -> Other,1,2025-07-13 08:28:05,TAKEOUT,Shelf,,Shelf
5069,7/13/2025 8:28:26,000000000376,Shelf -> Other,1,2025-07-13 08:28:26,TAKEOUT,Shelf,,Shelf
5070,7/13/2025 8:28:42,000000000017,Shelf -> Other,4,2025-07-13 08:28:42,TAKEOUT,Shelf,,Shelf
5071,7/14/2025 9:3:26,000000000840,Shelf -> Other,2,2025-07-14 09:03:26,TAKEOUT,Shelf,,Shelf
5072,7/14/2025 13:24:16,000000000574,Shelf -> Other,1,2025-07-14 13:24:16,TAKEOUT,Shelf,,Shelf
5073,7/14/2025 19:49:57,000000001090,Shelf -> Other,1,2025-07-14 19:49:57,TAKEOUT,Shelf,,Shelf
5074,7/15/2025 18:31:45,000000000840,Shelf -> Other,2,2025-07-15 18:31:45,TAKEOUT,Shelf,,Shelf
5075,7/16/2025 1:57:2,000000000338,Shelf -> Other,1,2025-07-16 01:57:02,TAKEOUT,Shelf,,Shelf
5076,7/16/2025 8:2:19,000000001120,Shelf -> Other,1,2025-07-16 08:02:19,TAKEOUT,Shelf,,Shelf
5077,7/16/2025 8:4:29,000000000840,Shelf -> Other,1,2025-07-16 08:04:29,TAKEOUT,Shelf,,Shelf
5078,7/16/2025 14:18:26,000000000338,Shelf -> Other,1,2025-07-16 14:18:26,TAKEOUT,Shelf,,Shelf
5079,7/16/2025 14:49:3,000000000369,Shelf -> Other,1,2025-07-16 14:49:03,TAKEOUT,Shelf,,Shelf
5080,7/16/2025 16:21:20,000000001120,Shelf -> Other,4,2025-07-16 16:21:20,TAKEOUT,Shelf,,Shelf
5081,7/18/2025 0:2:16,000000000338,Shelf -> Other,1,2025-07-18 00:02:16,TAKEOUT,Shelf,,Shelf
5082,7/18/2025 0:3:1,000000000338,RECOUNT - Shelf,0,2025-07-18 00:03:01,COUNT,,Shelf,Shelf
5083,7/18/2025 0:4:57,000000000338,Cage -> Shelf,10,2025-07-18 00:04:57,TRANSFER,Cage,Shelf,Shelf
5084,7/18/2025 11:1:56,000000001120,Shelf -> Other,1,2025-07-18 11:01:56,TAKEOUT,Shelf,,Shelf
5085,7/18/2025 11:2:5,000000001120,Shelf -> Other,2,2025-07-18 11:02:05,TAKEOUT,Shelf,,Shelf
5086,7/18/2025 11:2:18,000000000369,Shelf -> Other,1,2025-07-18 11:02:18,TAKEOUT,Shelf,,Shelf
5087,7/18/2025 11:2:29,000000000840,Shelf -> Other,1,2025-07-18 11:02:29,TAKEOUT,Shelf,,Shelf
5088,7/18/2025 16:10:36,000000001120,Shelf -> Other,2,2025-07-18 16:10:36,TAKEOUT,Shelf,,Shelf
5089,7/19/2025 2:42:40,000000000338,Shelf -> Other,1,2025-07-19 02:42:40,TAKEOUT,Shelf,,Shelf
5090,7/19/2025 2:42:46,000000000369,Shelf -> Other,1,2025-07-19 02:42:46,TAKEOUT,Shelf,,Shelf
5091,7/19/2025 2:42:55,000000000024,Shelf -> Other,4,2025-07-19 02:42:55,TAKEOUT,Shelf,,Shelf
5092,7/19/2025 2:43:56,000000000550,Shelf -> Other,1,2025-07-19 02:43:56,TAKEOUT,Shelf,,Shelf
5093,7/19/2025 11:15:28,000000000574,Shelf -> Other,1,2025-07-19 11:15:28,TAKEOUT,Shelf,,Shelf
5094,7/19/2025 19:41:21,000000001120,Shelf -> Other,1,2025-07-19 19:41:21,TAKEOUT,Shelf,,Shelf
5095,7/19/2025 19:46:0,000000000338,Shelf -> Other,3,2025-07-19 19:46:00,TAKEOUT,Shelf,,Shelf
5096,7/19/2025 19:46:30,000000000024,Shelf -> Other,2,2025-07-19 19:46:30,TAKEOUT,Shelf,,Shelf
5097,7/19/2025 19:50:50,000000000567,Shelf -> Other,1,2025-07-19 19:50:50,TAKEOUT,Shelf,,Shelf
5098,7/19/2025 19:59:8,000000000840,Shelf -> Other,1,2025-07-19 19:59:08,TAKEOUT,Shelf,,Shelf
5099,7/21/2025 20:5:9,000000001090,Shelf -> Other,2,2025-07-21 20:05:09,TAKEOUT,Shelf,,Shelf
5100,7/21/2025 20:6:48,000000000550,Shelf -> Other,1,2025-07-21 20:06:48,TAKEOUT,Shelf,,Shelf
5101,7/21/2025 20:11:8,000000001120,Shelf -> Other,1,2025-07-21 20:11:08,TAKEOUT,Shelf,,Shelf
5102,7/22/2025 18:29:57,000000000338,Shelf -> Other,1,2025-07-22 18:29:57,TAKEOUT,Shelf,,Shelf
5103,7/22/2025 18:30:4,000000000369,Shelf -> Other,1,2025-07-22 18:30:04,TAKEOUT,Shelf,,Shelf
5104,7/23/2025 22:11:47,000000001120,Shelf -> Other,2,2025-07-23 22:11:47,TAKEOUT,Shelf,,Shelf
5105,7/25/2025 19:27:29,000000000024,Shelf -> Other,6,2025-07-25 19:27:29,TAKEOUT,Shelf,,Shelf
5106,7/25/2025 19:28:11,000000000055,Shelf -> Other,1,2025-07-25 19:28:11,TAKEOUT,Shelf,,Shelf
5107,7/25/2025 19:28:18,000000000062,Shelf -> Other,1,2025-07-25 19:28:18,TAKEOUT,Shelf,,Shelf
5108,7/26/2025 18:35:52,000000000338,Shelf -> Other,1,2025-07-26 18:35:52,TAKEOUT,Shelf,,Shelf
5109,7/26/2025 19:32:46,000000000376,Shelf -> Other,1,2025-07-26 19:32:46,TAKEOUT,Shelf,,Shelf
5110,7/26/2025 19:43:11,000000001120,Shelf -> Other,1,2025-07-26 19:43:11,TAKEOUT,Shelf,,Shelf
5111,7/26/2025 19:46:54,000000001175,Shelf -> Other,2,2025-07-26 19:46:54,TAKEOUT,Shelf,,Shelf
5112,7/26/2025 19:48:1,000000000406,Shelf -> Other,1,2025-07-26 19:48:01,TAKEOUT,Shelf,,Shelf
5113,7/26/2025 19:48:34,000000000413,Shelf -> Other,2,2025-07-26 19:48:34,TAKEOUT,Shelf,,Shelf
5114,7/26/2025 21:6:32,000000001090,Shelf -> Other,1,2025-07-26 21:06:32,TAKEOUT,Shelf,,Shelf
5115,7/27/2025 19:34:53,000000000338,Shelf -> Other,1,2025-07-27 19:34:53,TAKEOUT,Shelf,,Shelf
5116,7/27/2025 19:53:55,000000001045,Shelf -> Other,1,2025-07-27 19:53:55,TAKEOUT,Shelf,,Shelf
5117,7/29/2025 11:24:1,000000000116,Cage -> Other,1,2025-07-29 11:24:01,TAKEOUT,Cage,,Cage
5118,7/29/2025 15:55:37,000000000864,Cage -> Other,1,2025-07-29 15:55:37,TAKEOUT,Cage,,Cage
5119,7/29/2025 18:28:46,000000000116,Shelf -> Other,1,2025-07-29 18:28:46,TAKEOUT,Shelf,,Shelf
5120,7/29/2025 18:30:24,000000000055,Shelf -> Other,1,2025-07-29 18:30:24,TAKEOUT,Shelf,,Shelf
5121,7/29/2025 18:30:40,000000000017,Shelf -> Other,2,2025-07-29 18:30:40,TAKEOUT,Shelf,,Shelf
5122,7/29/2025 18:32:29,000000000543,Shelf -> Other,1,2025-07-29 18:32:29,TAKEOUT,Shelf,,Shelf
5123,7/29/2025 18:33:32,000000000116,Cage -> Shelf,1,2025-07-29 18:33:32,TRANSFER,Cage,Shelf,Shelf
5124,7/29/2025 18:34:1,000000000239,Cage -> Shelf,2,2025-07-29 18:34:01,TRANSFER,Cage,Shelf,Shelf
5125,7/29/2025 18:34:23,000000000246,Cage -> Shelf,2,2025-07-29 18:34:23,TRANSFER,Cage,Shelf,Shelf
5126,7/29/2025 18:34:43,000000000253,Cage -> Shelf,2,2025-07-29 18:34:43,TRANSFER,Cage,Shelf,Shelf
5127,7/29/2025 18:34:58,000000000277,Cage -> Shelf,2,2025-07-29 18:34:58,TRANSFER,Cage,Shelf,Shelf
5128,7/29/2025 18:35:22,000000000284,Cage -> Shelf,1,2025-07-29 18:35:22,TRANSFER,Cage,Shelf,Shelf
5129,7/29/2025 18:35:26,000000000291,Cage -> Shelf,2,2025-07-29 18:35:26,TRANSFER,Cage,Shelf,Shelf
5130,7/29/2025 18:35:41,000000000307,Cage -> Shelf,2,2025-07-29 18:35:41,TRANSFER,Cage,Shelf,Shelf
5131,7/29/2025 21:44:49,000000000338,Shelf -> Other,1,2025-07-29 21:44:49,TAKEOUT,Shelf,,Shelf
5132,7/29/2025 22:51:23,000000000338,Shelf -> Other,1,2025-07-29 22:51:23,TAKEOUT,Shelf,,Shelf
5133,7/29/2025 22:51:28,000000000345,Shelf -> Other,1,2025-07-29 22:51:28,TAKEOUT,Shelf,,Shelf
5134,7/30/2025 13:0:33,000000001120,RECOUNT - Cage,72,2025-07-30 13:00:33,COUNT,,Cage,Cage
5135,7/30/2025 13:0:51,000000001120,RECOUNT - Shelf,8,2025-07-30 13:00:51,COUNT,,Shelf,Shelf
5136,7/30/2025 18:31:44,000000001120,Shelf -> Other,2,2025-07-30 18:31:44,TAKEOUT,Shelf,,Shelf
5137,7/31/2025 19:39:35,000000000109,Shelf -> Other,2,2025-07-31 19:39:35,TAKEOUT,Shelf,,Shelf
5138,7/31/2025 19:39:54,000000000109,Cage -> Shelf,50,2025-07-31 19:39:54,TRANSFER,Cage,Shelf,Shelf
5139,8/1/2025 16:50:21,000000000017,Shelf -> Other,1,2025-08-01 16:50:21,TAKEOUT,Shelf,,Shelf
5140,8/1/2025 16:51:54,000000001120,Shelf -> Other,1,2025-08-01 16:51:54,TAKEOUT,Shelf,,Shelf
5141,8/2/2025 15:26:27,000000000345,Shelf -> Other,1,2025-08-02 15:26:27,TAKEOUT,Shelf,,Shelf
5142,8/2/2025 15:26:34,000000000338,Shelf -> Other,1,2025-08-02 15:26:34,TAKEOUT,Shelf,,Shelf
5143,8/2/2025 15:27:53,000000001090,Shelf -> Other,1,2025-08-02 15:27:53,TAKEOUT,Shelf,,Shelf
5144,8/3/2025 23:52:2,000000001120,Shelf -> Other,1,2025-08-03 23:52:02,TAKEOUT,Shelf,,Shelf
5145,8/3/2025 23:52:9,000000000062,Shelf -> Other,1,2025-08-03 23:52:09,TAKEOUT,Shelf,,Shelf
5146,8/3/2025 23:52:14,000000000093,Shelf -> Other,1,2025-08-03 23:52:14,TAKEOUT,Shelf,,Shelf
5147,8/5/2025 20:37:8,000000001151,Delivery -> Cage,10,2025-08-05 20:37:08,RESTOCK,,Cage,Cage
5148,8/5/2025 20:38:29,000000000789,Delivery -> Cage,5,2025-08-05 20:38:29,RESTOCK,,Cage,Cage
5149,8/5/2025 20:38:43,000000000536,Delivery -> Cage,25,2025-08-05 20:38:43,RESTOCK,,Cage,Cage
5150,8/5/2025 20:39:20,000000000048,Delivery -> Cage,4,2025-08-05 20:39:20,RESTOCK,,Cage,Cage
5151,8/5/2025 20:39:38,000000000840,Delivery -> Cage,144,2025-08-05 20:39:38,RESTOCK,,Cage,Cage
5152,8/5/2025 20:41:10,000000000031,Delivery -> Cage,20,2025-08-05 20:41:10,RESTOCK,,Cage,Cage
5153,8/5/2025 20:42:46,000000000369,Delivery -> Cage,25,2025-08-05 20:42:46,RESTOCK,,Cage,Cage
5154,8/5/2025 20:43:4,000000000451,Delivery -> Cage,30,2025-08-05 20:43:04,RESTOCK,,Cage,Cage
5155,8/5/2025 20:47:57,000000000352,Delivery -> Cage,20,2025-08-05 20:47:57,RESTOCK,,Cage,Cage
5156,8/5/2025 20:50:7,000000000352,Delivery -> Cage,20,2025-08-05 20:50:07,RESTOCK,,Cage,Cage
5157,8/5/2025 20:50:36,000000000352,RECOUNT - Cage,20,2025-08-05 20:50:36,COUNT,,Cage,Cage
5158,8/5/2025 20:51:27,000000000383,Delivery -> Cage,7,2025-08-05 20:51:27,RESTOCK,,Cage,Cage
5159,8/5/2025 20:52:34,000000000437,Delivery -> Cage,3,2025-08-05 20:52:34,RESTOCK,,Cage,Cage
5160,8/5/2025 20:55:16,000000000734,Delivery -> Cage,3,2025-08-05 20:55:16,RESTOCK,,Cage,Cage
5161,8/5/2025 20:56:0,000000000772,Delivery -> Cage,5,2025-08-05 20:56:00,RESTOCK,,Cage,Cage
5162,8/5/2025 20:57:47,000000000772,Cage -> Other,5,2025-08-05 20:57:47,TAKEOUT,Cage,,Cage
5163,8/5/2025 20:57:56,000000000765,Delivery -> Cage,5,2025-08-05 20:57:56,RESTOCK,,Cage,Cage
5164,8/5/2025 20:58:50,000000000239,Delivery -> Cage,2,2025-08-05 20:58:50,RESTOCK,,Cage,Cage
5165,8/5/2025 20:58:55,000000000246,Delivery -> Cage,1,2025-08-05 20:58:55,RESTOCK,,Cage,Cage
5166,8/5/2025 20:59:0,000000000253,Delivery -> Cage,2,2025-08-05 20:59:00,RESTOCK,,Cage,Cage
5167,8/5/2025 20:59:6,000000000284,Delivery -> Cage,2,2025-08-05 20:59:06,RESTOCK,,Cage,Cage
5168,8/5/2025 20:59:12,000000000291,Delivery -> Cage,2,2025-08-05 20:59:12,RESTOCK,,Cage,Cage
5169,8/5/2025 20:59:43,000000000222,Delivery -> Cage,1,2025-08-05 20:59:43,RESTOCK,,Cage,Cage
5170,8/5/2025 21:3:33,000000000840,Cage -> Shelf,12,2025-08-05 21:03:33,TRANSFER,Cage,Shelf,Shelf
5171,8/5/2025 21:3:42,000000000451,Cage -> Shelf,5,2025-08-05 21:03:42,TRANSFER,Cage,Shelf,Shelf
5172,8/5/2025 21:3:48,000000000765,Cage -> Shelf,1,2025-08-05 21:03:48,TRANSFER,Cage,Shelf,Shelf
5173,8/5/2025 21:4:4,000000000536,Cage -> Shelf,6,2025-08-05 21:04:04,TRANSFER,Cage,Shelf,Shelf
5174,8/5/2025 21:4:15,000000000536,Shelf -> Other,1,2025-08-05 21:04:15,TAKEOUT,Shelf,,Shelf
5175,8/5/2025 21:4:36,000000000338,Shelf -> Other,1,2025-08-05 21:04:36,TAKEOUT,Shelf,,Shelf
5176,8/5/2025 21:4:42,000000000345,Shelf -> Other,1,2025-08-05 21:04:42,TAKEOUT,Shelf,,Shelf
5177,8/5/2025 21:7:11,000000000338,Cage -> Shelf,10,2025-08-05 21:07:11,TRANSFER,Cage,Shelf,Shelf
5178,8/6/2025 14:9:36,000000000369,Cage -> Shelf,4,2025-08-06 14:09:36,TRANSFER,Cage,Shelf,Shelf
5179,8/6/2025 14:10:25,000000000574,Cage -> Shelf,3,2025-08-06 14:10:25,TRANSFER,Cage,Shelf,Shelf
5180,8/6/2025 14:11:5,000000000567,Cage -> Shelf,3,2025-08-06 14:11:05,TRANSFER,Cage,Shelf,Shelf
5181,8/6/2025 14:13:9,000000000017,Cage -> Shelf,4,2025-08-06 14:13:09,TRANSFER,Cage,Shelf,Shelf
5182,8/6/2025 14:16:38,000000000055,Cage -> Shelf,12,2025-08-06 14:16:38,TRANSFER,Cage,Shelf,Shelf
5183,8/6/2025 14:21:53,000000000062,Cage -> Shelf,12,2025-08-06 14:21:53,TRANSFER,Cage,Shelf,Shelf
5184,8/6/2025 14:31:26,000000000369,Shelf -> Other,1,2025-08-06 14:31:26,TAKEOUT,Shelf,,Shelf
5185,8/6/2025 14:32:37,000000000581,Shelf -> Other,3,2025-08-06 14:32:37,TAKEOUT,Shelf,,Shelf
5186,8/8/2025 19:2:14,000000000963,Shelf -> Other,1,2025-08-08 19:02:14,TAKEOUT,Shelf,,Shelf
5187,8/8/2025 19:4:58,000000001090,Shelf -> Other,2,2025-08-08 19:04:58,TAKEOUT,Shelf,,Shelf
5188,8/8/2025 19:9:0,000000000987,Shelf -> Other,1,2025-08-08 19:09:00,TAKEOUT,Shelf,,Shelf
5189,8/8/2025 19:9:5,000000000970,Shelf -> Other,1,2025-08-08 19:09:05,TAKEOUT,Shelf,,Shelf
5190,8/9/2025 21:12:44,000000000840,Shelf -> Other,1,2025-08-09 21:12:44,TAKEOUT,Shelf,,Shelf
5191,8/9/2025 21:13:17,000000001120,Shelf -> Other,1,2025-08-09 21:13:17,TAKEOUT,Shelf,,Shelf
5192,8/9/2025 22:48:48,000000000475,Shelf -> Other,1,2025-08-09 22:48:48,TAKEOUT,Shelf,,Shelf
5193,8/9/2025 22:52:17,000000000338,Shelf -> Other,2,2025-08-09 22:52:17,TAKEOUT,Shelf,,Shelf
5194,8/9/2025 22:52:25,000000000345,Shelf -> Other,2,2025-08-09 22:52:25,TAKEOUT,Shelf,,Shelf
5195,8/9/2025 22:53:1,000000000369,Shelf -> Other,2,2025-08-09 22:53:01,TAKEOUT,Shelf,,Shelf
5196,8/9/2025 22:53:18,000000000376,Shelf -> Other,2,2025-08-09 22:53:18,TAKEOUT,Shelf,,Shelf
5197,8/9/2025 23:12:46,000000000406,Shelf -> Other,1,2025-08-09 23:12:46,TAKEOUT,Shelf,,Shelf
5198,8/9/2025 23:13:4,000000000390,Shelf -> Other,1,2025-08-09 23:13:04,TAKEOUT,Shelf,,Shelf
5199,8/9/2025 23:13:37,000000000345,Shelf -> Other,1,2025-08-09 23:13:37,TAKEOUT,Shelf,,Shelf
5200,8/9/2025 23:38:20,000000000741,Shelf -> Other,1,2025-08-09 23:38:20,TAKEOUT,Shelf,,Shelf
5201,8/9/2025 23:38:24,000000000055,Shelf -> Other,1,2025-08-09 23:38:24,TAKEOUT,Shelf,,Shelf
5202,8/10/2025 6:29:26,000000000093,Shelf -> Other,1,2025-08-10 06:29:26,TAKEOUT,Shelf,,Shelf
5203,8/11/2025 11:5:12,000000001120,Shelf -> Other,1,2025-08-11 11:05:12,TAKEOUT,Shelf,,Shelf
5204,8/11/2025 17:46:26,000000000369,Shelf -> Other,1,2025-08-11 17:46:26,TAKEOUT,Shelf,,Shelf
5205,8/12/2025 10:14:0,000000000369,Shelf -> Other,1,2025-08-12 10:14:00,TAKEOUT,Shelf,,Shelf
5206,8/12/2025 10:36:56,000000000338,Shelf -> Other,1,2025-08-12 10:36:56,TAKEOUT,Shelf,,Shelf
5207,8/12/2025 18:4:42,000000000109,Shelf -> Other,3,2025-08-12 18:04:42,TAKEOUT,Shelf,,Shelf
5208,8/12/2025 18:4:49,000000001113,Shelf -> Other,10,2025-08-12 18:04:49,TAKEOUT,Shelf,,Shelf
5209,8/12/2025 18:7:57,000000000093,Shelf -> Other,1,2025-08-12 18:07:57,TAKEOUT,Shelf,,Shelf
5210,8/12/2025 18:16:29,000000000451,Shelf -> Other,2,2025-08-12 18:16:29,TAKEOUT,Shelf,,Shelf
5211,8/12/2025 18:17:35,000000000963,Shelf -> Other,1,2025-08-12 18:17:35,TAKEOUT,Shelf,,Shelf
5212,8/12/2025 18:19:22,000000000369,Shelf -> Other,2,2025-08-12 18:19:22,TAKEOUT,Shelf,,Shelf
5213,8/12/2025 18:21:23,000000001120,Shelf -> Other,1,2025-08-12 18:21:23,TAKEOUT,Shelf,,Shelf
5214,8/12/2025 18:22:41,000000000369,Shelf -> Other,1,2025-08-12 18:22:41,TAKEOUT,Shelf,,Shelf
5215,8/13/2025 12:5:46,000000001120,Cage -> Shelf,10,2025-08-13 12:05:46,TRANSFER,Cage,Shelf,Shelf
5216,8/13/2025 12:9:12,000000000369,Cage -> Shelf,10,2025-08-13 12:09:12,TRANSFER,Cage,Shelf,Shelf
5217,8/13/2025 12:12:57,000000000345,Cage -> Shelf,9,2025-08-13 12:12:57,TRANSFER,Cage,Shelf,Shelf
5218,8/13/2025 12:24:43,000000000550,Cage -> Shelf,1,2025-08-13 12:24:43,TRANSFER,Cage,Shelf,Shelf
5219,8/14/2025 12:46:25,000000000338,Shelf -> Other,1,2025-08-14 12:46:25,TAKEOUT,Shelf,,Shelf
5220,8/14/2025 12:46:31,000000000345,Shelf -> Other,1,2025-08-14 12:46:31,TAKEOUT,Shelf,,Shelf
5221,8/14/2025 12:46:38,000000000017,Shelf -> Other,1,2025-08-14 12:46:38,TAKEOUT,Shelf,,Shelf
5222,8/14/2025 12:48:53,000000000390,Shelf -> Other,1,2025-08-14 12:48:53,TAKEOUT,Shelf,,Shelf
5223,8/14/2025 12:50:3,000000000383,Shelf -> Other,1,2025-08-14 12:50:03,TAKEOUT,Shelf,,Shelf
5224,8/14/2025 19:12:17,000000000284,Delivery -> Cage,1,2025-08-14 19:12:17,RESTOCK,,Cage,Cage
5225,8/14/2025 19:12:25,000000000772,Delivery -> Cage,5,2025-08-14 19:12:25,RESTOCK,,Cage,Cage
5226,8/14/2025 19:12:55,000000000888,Delivery -> Cage,2,2025-08-14 19:12:55,RESTOCK,,Cage,Cage
5227,8/14/2025 19:20:19,000000000550,Shelf -> Other,1,2025-08-14 19:20:19,TAKEOUT,Shelf,,Shelf
5228,8/14/2025 19:33:41,000000000772,Shelf -> Other,3,2025-08-14 19:33:41,TAKEOUT,Shelf,,Shelf
5229,8/14/2025 20:0:37,000000000000,Shelf -> Other,1,2025-08-14 20:00:37,TAKEOUT,Shelf,,Shelf
5230,8/14/2025 20:25:17,000000000307,Shelf -> Other,1,2025-08-14 20:25:17,TAKEOUT,Shelf,,Shelf
5231,8/14/2025 20:30:59,000000001175,Shelf -> Other,2,2025-08-14 20:30:59,TAKEOUT,Shelf,,Shelf
5232,8/14/2025 20:31:4,000000000345,Shelf -> Other,1,2025-08-14 20:31:04,TAKEOUT,Shelf,,Shelf
5233,8/14/2025 20:32:10,000000000918,Shelf -> Cage,1,2025-08-14 20:32:10,TRANSFER,Shelf,Cage,Cage
5234,8/14/2025 20:32:27,000000000918,RECOUNT - Shelf,0,2025-08-14 20:32:27,COUNT,,Shelf,Shelf
5235,8/14/2025 20:34:5,000000000918,Shelf -> Cage,1,2025-08-14 20:34:05,TRANSFER,Shelf,Cage,Cage
5236,8/14/2025 20:34:14,000000000918,RECOUNT - Shelf,0,2025-08-14 20:34:14,COUNT,,Shelf,Shelf
5237,8/14/2025 20:34:46,000000000352,Cage -> Other,2,2025-08-14 20:34:46,TAKEOUT,Cage,,Cage
5238,8/14/2025 20:35:13,000000000352,Cage -> Other,4,2025-08-14 20:35:13,TAKEOUT,Cage,,Cage
5239,8/14/2025 20:36:9,000000000345,Shelf -> Other,1,2025-08-14 20:36:09,TAKEOUT,Shelf,,Shelf
5240,8/14/2025 20:37:39,000000001175,Shelf -> Other,2,2025-08-14 20:37:39,TAKEOUT,Shelf,,Shelf
5241,8/14/2025 20:42:29,000000001175,Shelf -> Cage,4,2025-08-14 20:42:29,TRANSFER,Shelf,Cage,Cage
5242,8/14/2025 20:43:9,000000001175,RECOUNT - Cage,0,2025-08-14 20:43:09,COUNT,,Cage,Cage
5243,8/14/2025 20:43:19,000000001175,RECOUNT - Shelf,4,2025-08-14 20:43:19,COUNT,,Shelf,Shelf
5244,8/14/2025 20:43:26,000000001175,RECOUNT - Cage,0,2025-08-14 20:43:26,COUNT,,Cage,Cage
5245,8/14/2025 20:44:40,000000000987,RECOUNT - Cage,1,2025-08-14 20:44:40,COUNT,,Cage,Cage
5246,8/14/2025 20:44:49,000000000987,RECOUNT - Shelf,1,2025-08-14 20:44:49,COUNT,,Shelf,Shelf
5247,8/14/2025 20:45:8,000000000970,RECOUNT - Shelf,2,2025-08-14 20:45:08,COUNT,,Shelf,Shelf
5248,8/14/2025 20:48:12,000000000505,Cage -> Shelf,3,2025-08-14 20:48:12,TRANSFER,Cage,Shelf,Shelf
5249,8/14/2025 20:49:9,000000000734,RECOUNT - Shelf,0,2025-08-14 20:49:09,COUNT,,Shelf,Shelf
5250,8/14/2025 20:49:59,000000000734,RECOUNT - Cage,3,2025-08-14 20:49:59,COUNT,,Cage,Cage
5251,8/14/2025 20:50:31,000000000703,RECOUNT - Cage,7,2025-08-14 20:50:31,COUNT,,Cage,Cage
5252,8/14/2025 20:51:1,000000000710,RECOUNT - Cage,5,2025-08-14 20:51:01,COUNT,,Cage,Cage
5253,8/14/2025 20:51:13,000000000734,Delivery -> Cage,1,2025-08-14 20:51:13,RESTOCK,,Cage,Cage
5254,8/14/2025 21:10:1,000000000772,RECOUNT - Cage,10,2025-08-14 21:10:01,COUNT,,Cage,Cage
5255,8/14/2025 21:10:13,000000000772,RECOUNT - Shelf,4,2025-08-14 21:10:13,COUNT,,Shelf,Shelf
5256,8/15/2025 1:7:43,000000000017,Shelf -> Other,2,2025-08-15 01:07:43,TAKEOUT,Shelf,,Shelf
5257,8/15/2025 1:7:49,000000001090,Shelf -> Other,1,2025-08-15 01:07:49,TAKEOUT,Shelf,,Shelf
5258,8/16/2025 20:36:39,000000000550,Shelf -> Other,1,2025-08-16 20:36:39,TAKEOUT,Shelf,,Shelf
5259,8/16/2025 20:36:42,000000000567,Shelf -> Other,1,2025-08-16 20:36:42,TAKEOUT,Shelf,,Shelf
5260,8/16/2025 20:36:46,000000000574,Shelf -> Other,1,2025-08-16 20:36:46,TAKEOUT,Shelf,,Shelf
5261,8/16/2025 20:36:53,000000001120,Shelf -> Other,2,2025-08-16 20:36:53,TAKEOUT,Shelf,,Shelf
5262,8/16/2025 20:36:56,000000000000,Shelf -> Other,1,2025-08-16 20:36:56,TAKEOUT,Shelf,,Shelf
5263,8/16/2025 20:37:29,000000000062,Shelf -> Other,1,2025-08-16 20:37:29,TAKEOUT,Shelf,,Shelf
5264,8/16/2025 20:38:6,000000000840,Shelf -> Other,1,2025-08-16 20:38:06,TAKEOUT,Shelf,,Shelf
5265,8/17/2025 1:12:47,000000001090,Cage -> Shelf,2,2025-08-17 01:12:47,TRANSFER,Cage,Shelf,Shelf
5266,8/17/2025 1:25:45,000000001090,Shelf -> Other,1,2025-08-17 01:25:45,TAKEOUT,Shelf,,Shelf
5267,8/17/2025 14:17:29,000000001120,Shelf -> Other,7,2025-08-17 14:17:29,TAKEOUT,Shelf,,Shelf
5268,8/18/2025 10:35:44,000000000338,Shelf -> Other,1,2025-08-18 10:35:44,TAKEOUT,Shelf,,Shelf
5269,8/18/2025 21:45:7,000000000369,Shelf -> Other,1,2025-08-18 21:45:07,TAKEOUT,Shelf,,Shelf
5270,8/18/2025 21:46:15,000000000840,Shelf -> Other,2,2025-08-18 21:46:15,TAKEOUT,Shelf,,Shelf
5271,8/19/2025 6:31:6,000000000024,Shelf -> Other,1,2025-08-19 06:31:06,TAKEOUT,Shelf,,Shelf
5272,8/19/2025 18:16:21,000000000338,Shelf -> Other,1,2025-08-19 18:16:21,TAKEOUT,Shelf,,Shelf
5273,8/19/2025 18:31:15,000000001120,Shelf -> Other,1,2025-08-19 18:31:15,TAKEOUT,Shelf,,Shelf
5274,8/19/2025 18:38:52,000000000376,Shelf -> Other,3,2025-08-19 18:38:52,TAKEOUT,Shelf,,Shelf
5275,8/19/2025 18:46:16,000000001144,Shelf -> Other,4,2025-08-19 18:46:16,TAKEOUT,Shelf,,Shelf
5276,8/19/2025 18:48:41,000000000567,Shelf -> Other,1,2025-08-19 18:48:41,TAKEOUT,Shelf,,Shelf
5277,8/19/2025 18:48:45,000000000550,Shelf -> Other,1,2025-08-19 18:48:45,TAKEOUT,Shelf,,Shelf
5278,8/20/2025 21:31:18,000000000741,Shelf -> Other,1,2025-08-20 21:31:18,TAKEOUT,Shelf,,Shelf
5279,8/21/2025 3:8:38,000000000000,Shelf -> Other,1,2025-08-21 03:08:38,TAKEOUT,Shelf,,Shelf
5280,8/21/2025 3:9:2,000000000840,Shelf -> Other,4,2025-08-21 03:09:02,TAKEOUT,Shelf,,Shelf
5281,8/21/2025 3:9:18,000000000024,Shelf -> Other,1,2025-08-21 03:09:18,TAKEOUT,Shelf,,Shelf
5282,8/21/2025 13:9:6,000000000901,Cage -> Other,1,2025-08-21 13:09:06,TAKEOUT,Cage,,Cage
5283,8/21/2025 21:25:38,000000000574,Shelf -> Other,1,2025-08-21 21:25:38,TAKEOUT,Shelf,,Shelf
5284,8/22/2025 1:55:57,000000001120,Shelf -> Other,1,2025-08-22 01:55:57,TAKEOUT,Shelf,,Shelf
5285,8/22/2025 1:56:12,000000000840,Cage -> Shelf,12,2025-08-22 01:56:12,TRANSFER,Cage,Shelf,Shelf
5286,8/22/2025 1:56:52,000000000840,Shelf -> Other,6,2025-08-22 01:56:52,TAKEOUT,Shelf,,Shelf
5287,8/22/2025 1:57:5,000000000338,Shelf -> Other,1,2025-08-22 01:57:05,TAKEOUT,Shelf,,Shelf
5288,8/22/2025 1:57:11,000000001151,Shelf -> Other,1,2025-08-22 01:57:11,TAKEOUT,Shelf,,Shelf
5289,8/22/2025 12:13:47,000000000574,Shelf -> Other,1,2025-08-22 12:13:47,TAKEOUT,Shelf,,Shelf
5290,8/22/2025 12:58:15,000000000369,Shelf -> Other,1,2025-08-22 12:58:15,TAKEOUT,Shelf,,Shelf
5291,8/22/2025 21:10:58,000000000840,Shelf -> Other,4,2025-08-22 21:10:58,TAKEOUT,Shelf,,Shelf
5292,8/23/2025 7:24:56,000000000017,Shelf -> Other,1,2025-08-23 07:24:56,TAKEOUT,Shelf,,Shelf
5293,8/23/2025 7:26:56,000000000000,Shelf -> Other,1,2025-08-23 07:26:56,TAKEOUT,Shelf,,Shelf
5294,8/23/2025 19:20:46,000000000529,Shelf -> Other,1,2025-08-23 19:20:46,TAKEOUT,Shelf,,Shelf
5295,8/23/2025 19:20:50,000000000451,Shelf -> Other,1,2025-08-23 19:20:50,TAKEOUT,Shelf,,Shelf
5296,8/23/2025 19:20:56,000000001120,Shelf -> Other,1,2025-08-23 19:20:56,TAKEOUT,Shelf,,Shelf
5297,8/23/2025 19:21:2,000000000840,Shelf -> Other,1,2025-08-23 19:21:02,TAKEOUT,Shelf,,Shelf
5298,8/23/2025 19:21:22,000000001120,RECOUNT - Shelf,0,2025-08-23 19:21:22,COUNT,,Shelf,Shelf
5299,8/23/2025 19:23:14,000000001120,Cage -> Shelf,14,2025-08-23 19:23:14,TRANSFER,Cage,Shelf,Shelf
5300,8/23/2025 19:48:0,000000001120,Shelf -> Other,1,2025-08-23 19:48:00,TAKEOUT,Shelf,,Shelf
5301,8/23/2025 19:49:41,000000000376,Shelf -> Other,3,2025-08-23 19:49:41,TAKEOUT,Shelf,,Shelf
5302,8/23/2025 19:50:1,000000000550,Shelf -> Other,1,2025-08-23 19:50:01,TAKEOUT,Shelf,,Shelf
5303,8/23/2025 19:51:56,000000000024,Shelf -> Other,5,2025-08-23 19:51:56,TAKEOUT,Shelf,,Shelf
5304,8/23/2025 19:53:21,000000000017,Shelf -> Other,1,2025-08-23 19:53:21,TAKEOUT,Shelf,,Shelf
5305,8/23/2025 23:23:49,000000000550,Cage -> Shelf,4,2025-08-23 23:23:49,TRANSFER,Cage,Shelf,Shelf
5306,8/23/2025 23:24:28,000000000567,Cage -> Shelf,2,2025-08-23 23:24:28,TRANSFER,Cage,Shelf,Shelf
5307,8/23/2025 23:25:44,000000000574,Cage -> Shelf,3,2025-08-23 23:25:44,TRANSFER,Cage,Shelf,Shelf
5308,8/23/2025 23:27:45,000000001090,Cage -> Shelf,4,2025-08-23 23:27:45,TRANSFER,Cage,Shelf,Shelf
5309,8/23/2025 23:29:29,000000000017,Cage -> Shelf,10,2025-08-23 23:29:29,TRANSFER,Cage,Shelf,Shelf
5310,8/23/2025 23:31:35,000000000376,Cage -> Shelf,5,2025-08-23 23:31:35,TRANSFER,Cage,Shelf,Shelf
5311,8/23/2025 23:32:29,000000000369,Cage -> Shelf,5,2025-08-23 23:32:29,TRANSFER,Cage,Shelf,Shelf
5312,8/23/2025 23:34:3,000000000338,Cage -> Shelf,5,2025-08-23 23:34:03,TRANSFER,Cage,Shelf,Shelf
5313,8/23/2025 23:40:52,000000000116,Cage -> Shelf,1,2025-08-23 23:40:52,TRANSFER,Cage,Shelf,Shelf
5314,8/23/2025 23:41:18,000000000116,Shelf -> Other,1,2025-08-23 23:41:18,TAKEOUT,Shelf,,Shelf
5315,8/24/2025 19:35:49,000000001014,Shelf -> Other,1,2025-08-24 19:35:49,TAKEOUT,Shelf,,Shelf
5316,8/24/2025 19:48:7,000000001090,Shelf -> Other,1,2025-08-24 19:48:07,TAKEOUT,Shelf,,Shelf
5317,8/25/2025 5:30:39,000000000017,Shelf -> Other,1,2025-08-25 05:30:39,TAKEOUT,Shelf,,Shelf
5318,8/25/2025 5:30:48,000000000000,Shelf -> Other,1,2025-08-25 05:30:48,TAKEOUT,Shelf,,Shelf
5319,8/25/2025 17:55:53,000000000338,Shelf -> Other,1,2025-08-25 17:55:53,TAKEOUT,Shelf,,Shelf
5320,8/25/2025 18:21:23,000000000116,Shelf -> Other,1,2025-08-25 18:21:23,TAKEOUT,Shelf,,Shelf
5321,8/25/2025 18:25:59,000000000116,Cage -> Shelf,1,2025-08-25 18:25:59,TRANSFER,Cage,Shelf,Shelf
5322,8/25/2025 18:26:23,000000000116,RECOUNT - Shelf,2,2025-08-25 18:26:23,COUNT,,Shelf,Shelf
5323,8/25/2025 18:57:10,000000000345,Shelf -> Other,1,2025-08-25 18:57:10,TAKEOUT,Shelf,,Shelf
5324,8/25/2025 19:11:24,000000000109,Shelf -> Other,3,2025-08-25 19:11:24,TAKEOUT,Shelf,,Shelf
5325,8/25/2025 23:49:48,000000001090,Shelf -> Other,1,2025-08-25 23:49:48,TAKEOUT,Shelf,,Shelf
5326,8/25/2025 23:50:9,000000000062,Shelf -> Other,1,2025-08-25 23:50:09,TAKEOUT,Shelf,,Shelf
5327,8/25/2025 23:50:20,000000000000,Shelf -> Other,1,2025-08-25 23:50:20,TAKEOUT,Shelf,,Shelf
5328,8/25/2025 23:51:16,000000000024,Shelf -> Other,1,2025-08-25 23:51:16,TAKEOUT,Shelf,,Shelf
5329,8/26/2025 18:24:58,000000000741,Shelf -> Other,1,2025-08-26 18:24:58,TAKEOUT,Shelf,,Shelf
5330,8/26/2025 18:56:0,000000000338,Shelf -> Other,3,2025-08-26 18:56:00,TAKEOUT,Shelf,,Shelf
5331,8/26/2025 18:56:8,000000000369,Shelf -> Other,1,2025-08-26 18:56:08,TAKEOUT,Shelf,,Shelf
5332,8/26/2025 20:30:3,000000001090,Shelf -> Other,2,2025-08-26 20:30:03,TAKEOUT,Shelf,,Shelf
5333,8/26/2025 20:47:39,000000000338,Shelf -> Other,1,2025-08-26 20:47:39,TAKEOUT,Shelf,,Shelf
5334,8/27/2025 16:40:39,000000001137,Shelf -> Other,2,2025-08-27 16:40:39,TAKEOUT,Shelf,,Shelf
5335,8/27/2025 16:45:19,000000001144,Shelf -> Other,1,2025-08-27 16:45:19,TAKEOUT,Shelf,,Shelf
5336,8/27/2025 16:48:50,000000000550,Shelf -> Other,1,2025-08-27 16:48:50,TAKEOUT,Shelf,,Shelf
5337,8/27/2025 16:51:33,000000001113,Shelf -> Other,1,2025-08-27 16:51:33,TAKEOUT,Shelf,,Shelf
5338,8/27/2025 16:52:54,000000000086,Shelf -> Other,18,2025-08-27 16:52:54,TAKEOUT,Shelf,,Shelf
5339,8/27/2025 16:54:26,000000000017,Shelf -> Other,9,2025-08-27 16:54:26,TAKEOUT,Shelf,,Shelf
5340,8/27/2025 17:7:29,000000000062,Shelf -> Other,3,2025-08-27 17:07:29,TAKEOUT,Shelf,,Shelf
5341,8/27/2025 17:8:36,000000000055,Shelf -> Other,1,2025-08-27 17:08:36,TAKEOUT,Shelf,,Shelf
5342,8/27/2025 17:8:40,000000001045,Shelf -> Other,1,2025-08-27 17:08:40,TAKEOUT,Shelf,,Shelf
5343,8/27/2025 17:8:47,000000000055,Shelf -> Other,9,2025-08-27 17:08:47,TAKEOUT,Shelf,,Shelf
5344,8/27/2025 18:52:35,000000001120,Shelf -> Other,2,2025-08-27 18:52:35,TAKEOUT,Shelf,,Shelf
5345,8/27/2025 19:8:55,000000000840,Shelf -> Other,1,2025-08-27 19:08:55,TAKEOUT,Shelf,,Shelf
5346,8/27/2025 19:9:5,000000001120,Shelf -> Other,1,2025-08-27 19:09:05,TAKEOUT,Shelf,,Shelf
5347,8/27/2025 19:12:58,000000000758,Shelf -> Other,1,2025-08-27 19:12:58,TAKEOUT,Shelf,,Shelf
5348,8/28/2025 3:38:44,000000000338,Shelf -> Other,1,2025-08-28 03:38:44,TAKEOUT,Shelf,,Shelf
5349,8/28/2025 3:38:49,000000000369,Shelf -> Other,1,2025-08-28 03:38:49,TAKEOUT,Shelf,,Shelf
5350,8/28/2025 3:43:57,000000000949,RECOUNT - Shelf,0,2025-08-28 03:43:57,COUNT,,Shelf,Shelf
5351,8/28/2025 3:44:4,000000000949,RECOUNT - Cage,1,2025-08-28 03:44:04,COUNT,,Cage,Cage
5352,8/28/2025 19:36:57,000000000376,Shelf -> Other,2,2025-08-28 19:36:57,TAKEOUT,Shelf,,Shelf
5353,8/28/2025 19:37:3,000000000345,Shelf -> Other,1,2025-08-28 19:37:03,TAKEOUT,Shelf,,Shelf
5354,8/28/2025 19:40:54,000000000376,Shelf -> Other,2,2025-08-28 19:40:54,TAKEOUT,Shelf,,Shelf
5355,8/29/2025 21:49:57,000000000017,Shelf -> Other,1,2025-08-29 21:49:57,TAKEOUT,Shelf,,Shelf
5356,8/29/2025 21:50:35,000000000024,Shelf -> Other,5,2025-08-29 21:50:35,TAKEOUT,Shelf,,Shelf
5357,8/30/2025 18:43:0,000000000741,Shelf -> Other,1,2025-08-30 18:43:00,TAKEOUT,Shelf,,Shelf
5358,8/30/2025 18:43:46,000000001120,Shelf -> Other,1,2025-08-30 18:43:46,TAKEOUT,Shelf,,Shelf
5359,8/30/2025 18:44:38,000000000840,Shelf -> Other,1,2025-08-30 18:44:38,TAKEOUT,Shelf,,Shelf
5360,8/30/2025 18:44:44,000000001120,Shelf -> Other,1,2025-08-30 18:44:44,TAKEOUT,Shelf,,Shelf
5361,8/30/2025 22:57:11,000000000567,Shelf -> Other,1,2025-08-30 22:57:11,TAKEOUT,Shelf,,Shelf
5362,8/30/2025 23:25:25,000000000017,Cage -> Shelf,10,2025-08-30 23:25:25,TRANSFER,Cage,Shelf,Shelf
5363,8/30/2025 23:27:7,000000001137,Cage -> Shelf,4,2025-08-30 23:27:07,TRANSFER,Cage,Shelf,Shelf
5364,8/30/2025 23:28:55,000000001120,Cage -> Shelf,3,2025-08-30 23:28:55,TRANSFER,Cage,Shelf,Shelf
5365,8/30/2025 23:30:35,000000000338,Cage -> Shelf,4,2025-08-30 23:30:35,TRANSFER,Cage,Shelf,Shelf
5366,8/30/2025 23:31:47,000000001090,Cage -> Shelf,4,2025-08-30 23:31:47,TRANSFER,Cage,Shelf,Shelf
5367,8/30/2025 23:36:30,000000000550,Cage -> Shelf,1,2025-08-30 23:36:30,TRANSFER,Cage,Shelf,Shelf
5368,8/30/2025 23:36:38,000000000567,Cage -> Shelf,2,2025-08-30 23:36:38,TRANSFER,Cage,Shelf,Shelf
5369,8/31/2025 0:53:57,000000000000,Cage -> Shelf,1,2025-08-31 00:53:57,TRANSFER,Cage,Shelf,Shelf
5370,8/31/2025 0:54:17,000000000000,Shelf -> Other,1,2025-08-31 00:54:17,TAKEOUT,Shelf,,Shelf
5371,9/1/2025 13:32:10,000000000338,Shelf -> Other,3,2025-09-01 13:32:10,TAKEOUT,Shelf,,Shelf
5372,9/1/2025 18:26:13,000000000369,Shelf -> Other,1,2025-09-01 18:26:13,TAKEOUT,Shelf,,Shelf
5373,9/2/2025 18:22:1,000000000369,Shelf -> Other,1,2025-09-02 18:22:01,TAKEOUT,Shelf,,Shelf
5374,9/2/2025 18:22:8,000000000376,Shelf -> Other,1,2025-09-02 18:22:08,TAKEOUT,Shelf,,Shelf
5375,9/3/2025 12:38:43,000000000024,Shelf -> Other,1,2025-09-03 12:38:43,TAKEOUT,Shelf,,Shelf
5376,9/3/2025 12:38:52,000000000055,Shelf -> Other,1,2025-09-03 12:38:52,TAKEOUT,Shelf,,Shelf
5377,9/3/2025 14:58:31,000000000338,Shelf -> Other,1,2025-09-03 14:58:31,TAKEOUT,Shelf,,Shelf
5378,9/3/2025 18:28:24,000000001007,Delivery -> Cage,3,2025-09-03 18:28:24,RESTOCK,,Cage,Cage
5379,9/3/2025 18:42:39,000000000574,Shelf -> Other,1,2025-09-03 18:42:39,TAKEOUT,Shelf,,Shelf
5380,9/3/2025 18:42:56,000000000550,Shelf -> Other,2,2025-09-03 18:42:56,TAKEOUT,Shelf,,Shelf
5381,9/3/2025 21:35:9,000000000987,Shelf -> Other,1,2025-09-03 21:35:09,TAKEOUT,Shelf,,Shelf
5382,9/4/2025 9:27:37,000000000369,Shelf -> Other,1,2025-09-04 09:27:37,TAKEOUT,Shelf,,Shelf
5383,9/4/2025 10:41:56,000000000338,Cage -> Shelf,4,2025-09-04 10:41:56,TRANSFER,Cage,Shelf,Shelf
5384,9/4/2025 10:42:32,000000000369,Cage -> Shelf,4,2025-09-04 10:42:32,TRANSFER,Cage,Shelf,Shelf
5385,9/4/2025 10:43:39,000000000376,Cage -> Shelf,4,2025-09-04 10:43:39,TRANSFER,Cage,Shelf,Shelf
5386,9/4/2025 10:45:55,000000000550,Cage -> Shelf,2,2025-09-04 10:45:55,TRANSFER,Cage,Shelf,Shelf
5387,9/6/2025 17:23:17,000000001090,Shelf -> Other,1,2025-09-06 17:23:17,TAKEOUT,Shelf,,Shelf
5388,9/6/2025 21:21:55,000000000000,Shelf -> Other,1,2025-09-06 21:21:55,TAKEOUT,Shelf,,Shelf
5389,9/6/2025 21:33:12,000000000338,Shelf -> Other,3,2025-09-06 21:33:12,TAKEOUT,Shelf,,Shelf
5390,9/6/2025 21:34:6,000000000345,Shelf -> Other,3,2025-09-06 21:34:06,TAKEOUT,Shelf,,Shelf
5391,9/6/2025 21:34:12,000000000376,Shelf -> Other,3,2025-09-06 21:34:12,TAKEOUT,Shelf,,Shelf
5392,9/6/2025 21:37:55,000000001045,Shelf -> Other,1,2025-09-06 21:37:55,TAKEOUT,Shelf,,Shelf
5393,9/6/2025 21:38:44,000000001090,Shelf -> Other,1,2025-09-06 21:38:44,TAKEOUT,Shelf,,Shelf
5394,9/7/2025 0:32:45,000000000338,Shelf -> Other,1,2025-09-07 00:32:45,TAKEOUT,Shelf,,Shelf
5395,9/7/2025 19:42:53,000000000376,Shelf -> Other,1,2025-09-07 19:42:53,TAKEOUT,Shelf,,Shelf
5396,9/7/2025 19:43:1,000000000345,Shelf -> Other,2,2025-09-07 19:43:01,TAKEOUT,Shelf,,Shelf
5397,9/7/2025 19:46:13,000000000376,Shelf -> Other,1,2025-09-07 19:46:13,TAKEOUT,Shelf,,Shelf
5398,9/7/2025 20:34:36,000000000451,Shelf -> Other,1,2025-09-07 20:34:36,TAKEOUT,Shelf,,Shelf
5399,9/8/2025 7:59:41,000000000017,Shelf -> Other,1,2025-09-08 07:59:41,TAKEOUT,Shelf,,Shelf
5400,9/8/2025 20:47:56,000000000369,Shelf -> Other,1,2025-09-08 20:47:56,TAKEOUT,Shelf,,Shelf
5401,9/8/2025 20:48:37,000000000338,Shelf -> Other,1,2025-09-08 20:48:37,TAKEOUT,Shelf,,Shelf
5402,9/9/2025 15:46:21,000000000550,Shelf -> Other,1,2025-09-09 15:46:21,TAKEOUT,Shelf,,Shelf
5403,9/9/2025 15:46:47,000000000024,Shelf -> Other,3,2025-09-09 15:46:47,TAKEOUT,Shelf,,Shelf
5404,9/9/2025 15:47:20,000000000017,Shelf -> Other,2,2025-09-09 15:47:20,TAKEOUT,Shelf,,Shelf
5405,9/9/2025 15:47:48,000000001120,Shelf -> Other,1,2025-09-09 15:47:48,TAKEOUT,Shelf,,Shelf
5406,9/9/2025 18:23:48,000000000390,Shelf -> Other,1,2025-09-09 18:23:48,TAKEOUT,Shelf,,Shelf
5407,9/9/2025 18:29:48,000000000376,Shelf -> Other,2,2025-09-09 18:29:48,TAKEOUT,Shelf,,Shelf
5408,9/10/2025 18:44:0,000000000024,Shelf -> Other,2,2025-09-10 18:44:00,TAKEOUT,Shelf,,Shelf
5409,9/10/2025 20:28:4,000000000840,Shelf -> Other,2,2025-09-10 20:28:04,TAKEOUT,Shelf,,Shelf
5410,9/10/2025 20:28:10,000000000741,Shelf -> Other,1,2025-09-10 20:28:10,TAKEOUT,Shelf,,Shelf
5411,9/10/2025 20:28:50,000000000000,Shelf -> Other,1,2025-09-10 20:28:50,TAKEOUT,Shelf,,Shelf
5412,9/10/2025 20:29:32,000000001137,Shelf -> Other,1,2025-09-10 20:29:32,TAKEOUT,Shelf,,Shelf
5413,9/10/2025 20:29:38,000000001120,Shelf -> Other,1,2025-09-10 20:29:38,TAKEOUT,Shelf,,Shelf
5414,9/10/2025 20:30:44,000000000093,Shelf -> Other,2,2025-09-10 20:30:44,TAKEOUT,Shelf,,Shelf
5415,9/10/2025 20:31:32,000000001137,Shelf -> Other,1,2025-09-10 20:31:32,TAKEOUT,Shelf,,Shelf
5416,9/10/2025 20:31:39,000000001120,Shelf -> Other,1,2025-09-10 20:31:39,TAKEOUT,Shelf,,Shelf
5417,9/12/2025 11:39:46,000000000017,Shelf -> Other,3,2025-09-12 11:39:46,TAKEOUT,Shelf,,Shelf
5418,9/12/2025 11:40:10,000000000000,Shelf -> Other,2,2025-09-12 11:40:10,TAKEOUT,Shelf,,Shelf
5419,9/12/2025 14:55:47,000000000369,Shelf -> Other,1,2025-09-12 14:55:47,TAKEOUT,Shelf,,Shelf
5420,9/12/2025 15:0:45,000000000338,Cage -> Shelf,10,2025-09-12 15:00:45,TRANSFER,Cage,Shelf,Shelf
5421,9/12/2025 15:4:18,000000000383,Shelf -> Other,1,2025-09-12 15:04:18,TAKEOUT,Shelf,,Shelf
5422,9/13/2025 8:53:48,000000000338,Shelf -> Other,1,2025-09-13 08:53:48,TAKEOUT,Shelf,,Shelf
5423,9/13/2025 12:56:20,000000000338,Shelf -> Other,1,2025-09-13 12:56:20,TAKEOUT,Shelf,,Shelf
5424,9/13/2025 13:54:44,000000000017,Shelf -> Other,3,2025-09-13 13:54:44,TAKEOUT,Shelf,,Shelf
5425,9/13/2025 13:55:13,000000001090,Shelf -> Other,1,2025-09-13 13:55:13,TAKEOUT,Shelf,,Shelf
5426,9/13/2025 13:56:13,000000000574,Shelf -> Other,1,2025-09-13 13:56:13,TAKEOUT,Shelf,,Shelf
5427,9/13/2025 15:30:8,000000000260,Shelf -> Other,1,2025-09-13 15:30:08,TAKEOUT,Shelf,,Shelf
5428,9/13/2025 22:4:35,000000001090,Shelf -> Other,1,2025-09-13 22:04:35,TAKEOUT,Shelf,,Shelf
5429,9/13/2025 23:28:0,000000000017,Cage -> Shelf,10,2025-09-13 23:28:00,TRANSFER,Cage,Shelf,Shelf
5430,9/13/2025 23:35:33,000000001137,Cage -> Shelf,8,2025-09-13 23:35:33,TRANSFER,Cage,Shelf,Shelf
5431,9/13/2025 23:36:59,000000001120,Cage -> Shelf,8,2025-09-13 23:36:59,TRANSFER,Cage,Shelf,Shelf
5432,9/13/2025 23:38:55,000000000376,Cage -> Shelf,9,2025-09-13 23:38:55,TRANSFER,Cage,Shelf,Shelf
5433,9/13/2025 23:40:24,000000000840,Cage -> Shelf,7,2025-09-13 23:40:24,TRANSFER,Cage,Shelf,Shelf
5434,9/13/2025 23:41:13,000000001090,Cage -> Shelf,3,2025-09-13 23:41:13,TRANSFER,Cage,Shelf,Shelf
5435,9/13/2025 23:45:37,000000000383,Cage -> Shelf,3,2025-09-13 23:45:37,TRANSFER,Cage,Shelf,Shelf
5436,9/13/2025 23:49:11,000000001113,Cage -> Shelf,200,2025-09-13 23:49:11,TRANSFER,Cage,Shelf,Shelf
5437,9/14/2025 9:14:48,000000000437,Shelf -> Other,1,2025-09-14 09:14:48,TAKEOUT,Shelf,,Shelf
5438,9/14/2025 9:18:5,000000000437,Cage -> Shelf,1,2025-09-14 09:18:05,TRANSFER,Cage,Shelf,Shelf
5439,9/14/2025 10:49:31,000000000369,Shelf -> Other,1,2025-09-14 10:49:31,TAKEOUT,Shelf,,Shelf
5440,9/14/2025 18:41:34,000000000741,Shelf -> Other,1,2025-09-14 18:41:34,TAKEOUT,Shelf,,Shelf
5441,9/14/2025 18:50:34,000000000376,Shelf -> Other,1,2025-09-14 18:50:34,TAKEOUT,Shelf,,Shelf
5442,9/14/2025 18:50:46,000000000451,Shelf -> Other,1,2025-09-14 18:50:46,TAKEOUT,Shelf,,Shelf
5443,9/15/2025 19:50:52,000000000338,Shelf -> Other,2,2025-09-15 19:50:52,TAKEOUT,Shelf,,Shelf
5444,9/15/2025 19:50:59,000000000369,Shelf -> Other,2,2025-09-15 19:50:59,TAKEOUT,Shelf,,Shelf
5445,9/15/2025 19:52:49,000000001120,Shelf -> Other,1,2025-09-15 19:52:49,TAKEOUT,Shelf,,Shelf
5446,9/15/2025 19:57:1,000000001090,Shelf -> Other,2,2025-09-15 19:57:01,TAKEOUT,Shelf,,Shelf
5447,9/17/2025 3:11:46,000000000550,Shelf -> Other,2,2025-09-17 03:11:46,TAKEOUT,Shelf,,Shelf
5448,9/17/2025 9:12:49,000000001007,Shelf -> Other,1,2025-09-17 09:12:49,TAKEOUT,Shelf,,Shelf
5449,9/17/2025 19:9:16,000000000086,RECOUNT - Shelf,0,2025-09-17 19:09:16,COUNT,,Shelf,Shelf
5450,9/17/2025 19:10:42,000000000345,RECOUNT - Shelf,2,2025-09-17 19:10:42,COUNT,,Shelf,Shelf
5451,9/17/2025 19:11:32,000000000345,Cage -> Shelf,1,2025-09-17 19:11:32,TRANSFER,Cage,Shelf,Shelf
5452,9/17/2025 19:11:39,000000000345,Cage -> Shelf,1,2025-09-17 19:11:39,TRANSFER,Cage,Shelf,Shelf
5453,9/17/2025 19:12:54,000000001045,RECOUNT - Shelf,0,2025-09-17 19:12:54,COUNT,,Shelf,Shelf
5454,9/17/2025 19:15:20,000000001045,Cage -> Shelf,4,2025-09-17 19:15:20,TRANSFER,Cage,Shelf,Shelf
5455,9/17/2025 19:15:39,000000001014,RECOUNT - Shelf,0,2025-09-17 19:15:39,COUNT,,Shelf,Shelf
5456,9/17/2025 19:16:51,000000001014,Cage -> Shelf,1,2025-09-17 19:16:51,TRANSFER,Cage,Shelf,Shelf
5457,9/17/2025 19:18:26,000000001007,RECOUNT - Cage,4,2025-09-17 19:18:26,COUNT,,Cage,Cage
5458,9/17/2025 19:18:51,000000001007,RECOUNT - Shelf,0,2025-09-17 19:18:51,COUNT,,Shelf,Shelf
5459,9/17/2025 20:47:4,000000000338,Shelf -> Other,2,2025-09-17 20:47:04,TAKEOUT,Shelf,,Shelf
5460,9/17/2025 20:47:10,000000000369,Shelf -> Other,1,2025-09-17 20:47:10,TAKEOUT,Shelf,,Shelf
5461,9/17/2025 21:1:6,000000000338,Cage -> Shelf,8,2025-09-17 21:01:06,TRANSFER,Cage,Shelf,Shelf
5462,9/17/2025 21:1:44,000000000369,Cage -> Shelf,8,2025-09-17 21:01:44,TRANSFER,Cage,Shelf,Shelf
5463,9/17/2025 21:2:11,000000000840,Shelf -> Other,1,2025-09-17 21:02:11,TAKEOUT,Shelf,,Shelf
5464,9/18/2025 12:26:13,000000001120,Shelf -> Other,1,2025-09-18 12:26:13,TAKEOUT,Shelf,,Shelf
5465,9/18/2025 16:25:23,000000001151,Shelf -> Other,1,2025-09-18 16:25:23,TAKEOUT,Shelf,,Shelf
5466,9/18/2025 16:30:18,000000000437,Shelf -> Other,1,2025-09-18 16:30:18,TAKEOUT,Shelf,,Shelf
5467,9/18/2025 16:41:39,000000000987,Shelf -> Other,1,2025-09-18 16:41:39,TAKEOUT,Shelf,,Shelf
5468,9/19/2025 17:26:22,000000000000,Shelf -> Other,1,2025-09-19 17:26:22,TAKEOUT,Shelf,,Shelf
5469,9/19/2025 17:26:44,000000000017,Shelf -> Other,2,2025-09-19 17:26:44,TAKEOUT,Shelf,,Shelf
5470,9/19/2025 17:27:25,000000000055,Shelf -> Other,2,2025-09-19 17:27:25,TAKEOUT,Shelf,,Shelf
5471,9/19/2025 17:27:25,000000000055,Shelf -> Other,2,2025-09-19 17:27:25,TAKEOUT,Shelf,,Shelf
5472,9/19/2025 17:27:33,000000000062,Shelf -> Other,2,2025-09-19 17:27:33,TAKEOUT,Shelf,,Shelf
5473,9/19/2025 21:8:53,000000000840,Shelf -> Other,1,2025-09-19 21:08:53,TAKEOUT,Shelf,,Shelf
5474,9/19/2025 21:9:27,000000000017,Shelf -> Other,3,2025-09-19 21:09:27,TAKEOUT,Shelf,,Shelf
5475,9/19/2025 21:9:58,000000000062,Shelf -> Other,1,2025-09-19 21:09:58,TAKEOUT,Shelf,,Shelf
5476,9/19/2025 21:10:10,000000001120,Shelf -> Other,1,2025-09-19 21:10:10,TAKEOUT,Shelf,,Shelf
5477,9/19/2025 21:10:34,000000000000,Shelf -> Other,1,2025-09-19 21:10:34,TAKEOUT,Shelf,,Shelf
5478,9/19/2025 21:11:37,000000000338,Shelf -> Other,3,2025-09-19 21:11:37,TAKEOUT,Shelf,,Shelf
5479,9/19/2025 21:11:41,000000000369,Shelf -> Other,1,2025-09-19 21:11:41,TAKEOUT,Shelf,,Shelf
5480,9/19/2025 21:13:23,000000000109,Shelf -> Other,1,2025-09-19 21:13:23,TAKEOUT,Shelf,,Shelf
5481,9/19/2025 22:55:47,000000000567,Shelf -> Other,1,2025-09-19 22:55:47,TAKEOUT,Shelf,,Shelf
5482,9/19/2025 23:0:13,000000000338,Shelf -> Other,1,2025-09-19 23:00:13,TAKEOUT,Shelf,,Shelf
5483,9/20/2025 14:58:1,000000000000,Shelf -> Other,1,2025-09-20 14:58:01,TAKEOUT,Shelf,,Shelf
5484,9/20/2025 14:58:11,000000000024,Shelf -> Other,2,2025-09-20 14:58:11,TAKEOUT,Shelf,,Shelf
5485,9/20/2025 16:41:5,000000000086,Delivery -> Cage,1,2025-09-20 16:41:05,RESTOCK,,Cage,Cage
5486,9/20/2025 19:21:17,000000001120,Shelf -> Other,1,2025-09-20 19:21:17,TAKEOUT,Shelf,,Shelf
5487,9/20/2025 19:21:24,000000000840,Shelf -> Other,1,2025-09-20 19:21:24,TAKEOUT,Shelf,,Shelf
5488,9/20/2025 23:19:7,000000000079,Cage -> Other,1,2025-09-20 23:19:07,TAKEOUT,Cage,,Cage
5489,9/20/2025 23:20:13,000000001090,Cage -> Shelf,2,2025-09-20 23:20:13,TRANSFER,Cage,Shelf,Shelf
5490,9/20/2025 23:28:41,000000000550,Cage -> Shelf,4,2025-09-20 23:28:41,TRANSFER,Cage,Shelf,Shelf
5491,9/20/2025 23:29:17,000000000567,Cage -> Shelf,1,2025-09-20 23:29:17,TRANSFER,Cage,Shelf,Shelf
5492,9/20/2025 23:29:23,000000000567,Cage -> Shelf,1,2025-09-20 23:29:23,TRANSFER,Cage,Shelf,Shelf
5493,9/20/2025 23:29:37,000000000574,Cage -> Shelf,1,2025-09-20 23:29:37,TRANSFER,Cage,Shelf,Shelf
5494,9/20/2025 23:31:39,000000000055,Cage -> Shelf,12,2025-09-20 23:31:39,TRANSFER,Cage,Shelf,Shelf
5495,9/20/2025 23:33:21,000000000017,Cage -> Shelf,6,2025-09-20 23:33:21,TRANSFER,Cage,Shelf,Shelf
5496,9/21/2025 13:31:46,000000000055,Shelf -> Other,1,2025-09-21 13:31:46,TAKEOUT,Shelf,,Shelf
5497,9/21/2025 13:32:2,000000000024,Shelf -> Other,2,2025-09-21 13:32:02,TAKEOUT,Shelf,,Shelf
5498,9/21/2025 19:35:11,000000001090,Shelf -> Other,1,2025-09-21 19:35:11,TAKEOUT,Shelf,,Shelf
5499,9/22/2025 13:12:15,000000000369,Shelf -> Other,1,2025-09-22 13:12:15,TAKEOUT,Shelf,,Shelf
5500,9/22/2025 15:1:25,000000000574,Shelf -> Other,1,2025-09-22 15:01:25,TAKEOUT,Shelf,,Shelf
5501,9/22/2025 19:7:40,000000000758,Shelf -> Other,1,2025-09-22 19:07:40,TAKEOUT,Shelf,,Shelf
5502,9/22/2025 19:7:45,000000000741,Shelf -> Other,1,2025-09-22 19:07:45,TAKEOUT,Shelf,,Shelf
5503,9/22/2025 19:10:29,000000000772,Shelf -> Other,1,2025-09-22 19:10:29,TAKEOUT,Shelf,,Shelf
5504,9/23/2025 18:52:26,000000000086,Shelf -> Other,6,2025-09-23 18:52:26,TAKEOUT,Shelf,,Shelf
5505,9/24/2025 10:55:54,000000000567,Shelf -> Other,1,2025-09-24 10:55:54,TAKEOUT,Shelf,,Shelf
5506,9/24/2025 10:56:12,000000000338,Shelf -> Other,1,2025-09-24 10:56:12,TAKEOUT,Shelf,,Shelf
5507,9/24/2025 10:57:25,000000000345,Shelf -> Other,1,2025-09-24 10:57:25,TAKEOUT,Shelf,,Shelf
5508,9/24/2025 10:57:45,000000000338,Shelf -> Other,2,2025-09-24 10:57:45,TAKEOUT,Shelf,,Shelf
5509,9/24/2025 10:57:55,000000000567,Shelf -> Other,1,2025-09-24 10:57:55,TAKEOUT,Shelf,,Shelf
5510,9/24/2025 10:58:2,000000000574,Shelf -> Other,1,2025-09-24 10:58:02,TAKEOUT,Shelf,,Shelf
5511,9/24/2025 11:0:40,000000000383,Shelf -> Other,1,2025-09-24 11:00:40,TAKEOUT,Shelf,,Shelf
5512,9/24/2025 11:24:33,000000000369,Shelf -> Other,1,2025-09-24 11:24:33,TAKEOUT,Shelf,,Shelf
5513,9/24/2025 11:24:38,000000000338,Shelf -> Other,1,2025-09-24 11:24:38,TAKEOUT,Shelf,,Shelf
5514,9/24/2025 12:5:25,000000000451,Shelf -> Other,1,2025-09-24 12:05:25,TAKEOUT,Shelf,,Shelf
5515,9/24/2025 12:5:28,000000000536,Shelf -> Other,1,2025-09-24 12:05:28,TAKEOUT,Shelf,,Shelf
5516,9/24/2025 12:29:52,000000000079,Cage -> Other,1,2025-09-24 12:29:52,TAKEOUT,Cage,,Cage
5517,9/24/2025 12:37:37,000000000741,Shelf -> Other,1,2025-09-24 12:37:37,TAKEOUT,Shelf,,Shelf
5518,9/24/2025 12:50:39,000000000116,Shelf -> Other,1,2025-09-24 12:50:39,TAKEOUT,Shelf,,Shelf
5519,9/24/2025 18:29:13,000000000741,Cage -> Shelf,4,2025-09-24 18:29:13,TRANSFER,Cage,Shelf,Shelf
5520,9/24/2025 18:32:34,000000000338,Cage -> Shelf,5,2025-09-24 18:32:34,TRANSFER,Cage,Shelf,Shelf
5521,9/25/2025 4:17:25,000000000369,Shelf -> Other,1,2025-09-25 04:17:25,TAKEOUT,Shelf,,Shelf
5522,9/25/2025 4:17:28,000000000338,Shelf -> Other,1,2025-09-25 04:17:28,TAKEOUT,Shelf,,Shelf
5523,9/25/2025 20:54:51,000000000017,Shelf -> Other,4,2025-09-25 20:54:51,TAKEOUT,Shelf,,Shelf
5524,9/25/2025 20:55:4,000000000024,Shelf -> Other,10,2025-09-25 20:55:04,TAKEOUT,Shelf,,Shelf
5525,9/25/2025 20:55:11,000000000000,Shelf -> Other,1,2025-09-25 20:55:11,TAKEOUT,Shelf,,Shelf
5526,9/26/2025 7:57:8,000000000567,Shelf -> Other,2,2025-09-26 07:57:08,TAKEOUT,Shelf,,Shelf
5527,9/26/2025 13:31:59,000000000840,Shelf -> Other,1,2025-09-26 13:31:59,TAKEOUT,Shelf,,Shelf
5528,9/27/2025 20:14:31,000000000369,Shelf -> Other,1,2025-09-27 20:14:31,TAKEOUT,Shelf,,Shelf
5529,9/28/2025 10:35:17,000000000000,Shelf -> Other,1,2025-09-28 10:35:17,TAKEOUT,Shelf,,Shelf
5530,9/28/2025 10:35:24,000000000017,Shelf -> Other,2,2025-09-28 10:35:24,TAKEOUT,Shelf,,Shelf
5531,9/28/2025 10:47:58,000000000567,Cage -> Shelf,6,2025-09-28 10:47:58,TRANSFER,Cage,Shelf,Shelf
5532,9/28/2025 10:48:23,000000001120,Shelf -> Other,2,2025-09-28 10:48:23,TAKEOUT,Shelf,,Shelf
5533,9/28/2025 10:51:4,000000000239,Shelf -> Other,1,2025-09-28 10:51:04,TAKEOUT,Shelf,,Shelf
5534,9/28/2025 10:51:44,000000000550,Shelf -> Other,1,2025-09-28 10:51:44,TAKEOUT,Shelf,,Shelf
5535,9/28/2025 10:53:21,000000000369,Shelf -> Other,1,2025-09-28 10:53:21,TAKEOUT,Shelf,,Shelf
5536,9/28/2025 10:54:47,000000000376,Shelf -> Other,1,2025-09-28 10:54:47,TAKEOUT,Shelf,,Shelf
5537,9/29/2025 7:35:24,000000000567,Shelf -> Other,1,2025-09-29 07:35:24,TAKEOUT,Shelf,,Shelf
5538,9/29/2025 7:35:30,000000000376,Shelf -> Other,1,2025-09-29 07:35:30,TAKEOUT,Shelf,,Shelf
5539,9/29/2025 7:35:37,000000001120,Shelf -> Other,2,2025-09-29 07:35:37,TAKEOUT,Shelf,,Shelf
5540,9/29/2025 7:35:46,000000000383,Shelf -> Other,1,2025-09-29 07:35:46,TAKEOUT,Shelf,,Shelf
5541,9/29/2025 22:16:28,000000000055,Shelf -> Other,2,2025-09-29 22:16:28,TAKEOUT,Shelf,,Shelf
5542,9/29/2025 22:17:1,000000000062,Shelf -> Other,1,2025-09-29 22:17:01,TAKEOUT,Shelf,,Shelf
5543,9/29/2025 22:18:14,000000000017,Cage -> Shelf,20,2025-09-29 22:18:14,TRANSFER,Cage,Shelf,Shelf
5544,9/29/2025 22:18:34,000000000017,Shelf -> Other,3,2025-09-29 22:18:34,TAKEOUT,Shelf,,Shelf
5545,9/30/2025 16:19:41,000000000000,Delivery -> Cage,24,2025-09-30 16:19:41,RESTOCK,,Cage,Cage
5546,9/30/2025 16:21:0,000000000338,Delivery -> Cage,50,2025-09-30 16:21:00,RESTOCK,,Cage,Cage
5547,9/30/2025 16:21:58,000000000338,Cage -> Shelf,4,2025-09-30 16:21:58,TRANSFER,Cage,Shelf,Shelf
5548,9/30/2025 16:27:38,000000000444,Cage -> Other,10,2025-09-30 16:27:38,TAKEOUT,Cage,,Cage
5549,9/30/2025 16:27:55,000000000369,Delivery -> Cage,50,2025-09-30 16:27:55,RESTOCK,,Cage,Cage
5550,9/30/2025 16:28:6,000000000857,Delivery -> Cage,2,2025-09-30 16:28:06,RESTOCK,,Cage,Cage
5551,9/30/2025 16:28:10,000000000864,Delivery -> Cage,1,2025-09-30 16:28:10,RESTOCK,,Cage,Cage
5552,9/30/2025 16:28:30,000000000017,Delivery -> Cage,75,2025-09-30 16:28:30,RESTOCK,,Cage,Cage
5553,9/30/2025 16:30:25,000000000369,Cage -> Shelf,17,2025-09-30 16:30:25,TRANSFER,Cage,Shelf,Shelf
5554,9/30/2025 16:31:28,000000000963,Cage -> Shelf,1,2025-09-30 16:31:28,TRANSFER,Cage,Shelf,Shelf
5555,9/30/2025 16:33:16,000000000000,Cage -> Shelf,8,2025-09-30 16:33:16,TRANSFER,Cage,Shelf,Shelf
5556,9/30/2025 16:34:2,000000000062,Cage -> Shelf,12,2025-09-30 16:34:02,TRANSFER,Cage,Shelf,Shelf
5557,9/30/2025 16:34:38,000000000789,Cage -> Shelf,1,2025-09-30 16:34:38,TRANSFER,Cage,Shelf,Shelf
5558,9/30/2025 16:34:43,000000000840,Cage -> Shelf,12,2025-09-30 16:34:43,TRANSFER,Cage,Shelf,Shelf
5559,9/30/2025 16:36:4,000000001120,Cage -> Shelf,5,2025-09-30 16:36:04,TRANSFER,Cage,Shelf,Shelf
5560,9/30/2025 16:36:43,000000000451,Cage -> Shelf,4,2025-09-30 16:36:43,TRANSFER,Cage,Shelf,Shelf
5561,9/30/2025 16:37:40,000000000031,Cage -> Shelf,2,2025-09-30 16:37:40,TRANSFER,Cage,Shelf,Shelf
5562,9/30/2025 16:37:47,000000001151,Cage -> Shelf,1,2025-09-30 16:37:47,TRANSFER,Cage,Shelf,Shelf
5563,9/30/2025 16:38:34,000000000741,Cage -> Shelf,3,2025-09-30 16:38:34,TRANSFER,Cage,Shelf,Shelf
5564,9/30/2025 16:39:3,000000000758,Cage -> Shelf,2,2025-09-30 16:39:03,TRANSFER,Cage,Shelf,Shelf
5565,9/30/2025 16:40:18,000000000550,Cage -> Shelf,5,2025-09-30 16:40:18,TRANSFER,Cage,Shelf,Shelf
5566,9/30/2025 16:40:41,000000000543,Cage -> Shelf,2,2025-09-30 16:40:41,TRANSFER,Cage,Shelf,Shelf
5567,9/30/2025 16:41:46,000000000574,Cage -> Shelf,4,2025-09-30 16:41:46,TRANSFER,Cage,Shelf,Shelf
5568,9/30/2025 16:42:52,000000000567,Cage -> Shelf,3,2025-09-30 16:42:52,TRANSFER,Cage,Shelf,Shelf
5569,9/30/2025 16:43:49,000000000444,RECOUNT - Cage,0,2025-09-30 16:43:49,COUNT,,Cage,Cage
5570,9/30/2025 16:49:13,000000000086,RECOUNT - Cage,0,2025-09-30 16:49:13,COUNT,,Cage,Cage
5571,9/30/2025 16:49:24,000000000086,RECOUNT - Shelf,1,2025-09-30 16:49:24,COUNT,,Shelf,Shelf
5572,9/30/2025 16:50:25,000000000062,RECOUNT - Shelf,14,2025-09-30 16:50:25,COUNT,,Shelf,Shelf
5573,9/30/2025 16:51:43,000000000000,RECOUNT - Shelf,10,2025-09-30 16:51:43,COUNT,,Shelf,Shelf
5574,9/30/2025 16:52:5,000000000000,RECOUNT - Cage,24,2025-09-30 16:52:05,COUNT,,Cage,Cage
5575,9/30/2025 16:53:10,000000000338,RECOUNT - Shelf,9,2025-09-30 16:53:10,COUNT,,Shelf,Shelf
5576,9/30/2025 16:54:10,000000000437,RECOUNT - Shelf,1,2025-09-30 16:54:10,COUNT,,Shelf,Shelf
5577,9/30/2025 16:54:40,000000000451,RECOUNT - Shelf,4,2025-09-30 16:54:40,COUNT,,Shelf,Shelf
5578,9/30/2025 16:55:0,000000000550,RECOUNT - Shelf,8,2025-09-30 16:55:00,COUNT,,Shelf,Shelf
5579,9/30/2025 16:55:41,000000000567,RECOUNT - Shelf,8,2025-09-30 16:55:41,COUNT,,Shelf,Shelf
5580,9/30/2025 16:55:47,000000000574,RECOUNT - Shelf,6,2025-09-30 16:55:47,COUNT,,Shelf,Shelf
5581,9/30/2025 16:56:7,000000000741,RECOUNT - Shelf,5,2025-09-30 16:56:07,COUNT,,Shelf,Shelf
5582,9/30/2025 16:56:32,000000000789,RECOUNT - Shelf,2,2025-09-30 16:56:32,COUNT,,Shelf,Shelf
5583,9/30/2025 16:57:2,000000001090,RECOUNT - Shelf,2,2025-09-30 16:57:02,COUNT,,Shelf,Shelf
5584,9/30/2025 16:57:31,000000001120,RECOUNT - Shelf,7,2025-09-30 16:57:31,COUNT,,Shelf,Shelf
5585,9/30/2025 16:58:36,000000001090,Cage -> Shelf,5,2025-09-30 16:58:36,TRANSFER,Cage,Shelf,Shelf
5586,9/30/2025 16:59:5,000000000987,RECOUNT - Shelf,0,2025-09-30 16:59:05,COUNT,,Shelf,Shelf
5587,9/30/2025 17:0:10,000000000543,RECOUNT - Cage,3,2025-09-30 17:00:10,COUNT,,Cage,Cage
5588,9/30/2025 17:0:15,000000000567,RECOUNT - Cage,12,2025-09-30 17:00:15,COUNT,,Cage,Cage
5589,9/30/2025 17:0:37,000000000550,RECOUNT - Cage,10,2025-09-30 17:00:37,COUNT,,Cage,Cage
5590,9/30/2025 17:0:43,000000000574,RECOUNT - Cage,30,2025-09-30 17:00:43,COUNT,,Cage,Cage
5591,9/30/2025 18:44:54,000000000758,Shelf -> Other,1,2025-09-30 18:44:54,TAKEOUT,Shelf,,Shelf
5592,9/30/2025 20:1:49,000000000840,Shelf -> Other,1,2025-09-30 20:01:49,TAKEOUT,Shelf,,Shelf
5593,9/30/2025 20:2:49,000000001120,Shelf -> Other,2,2025-09-30 20:02:49,TAKEOUT,Shelf,,Shelf
5594,10/1/2025 20:47:8,000000000598,Shelf -> Other,17,2025-10-01 20:47:08,TAKEOUT,Shelf,,Shelf
5595,10/1/2025 20:47:53,000000000598,Cage -> Other,17,2025-10-01 20:47:53,TAKEOUT,Cage,,Cage
5596,10/1/2025 20:48:14,000000000598,RECOUNT - Shelf,0,2025-10-01 20:48:14,COUNT,,Shelf,Shelf
5597,10/1/2025 22:23:45,000000000376,Other -> Shelf,3,2025-10-01 22:23:45,TRANSFER,Other,Shelf,Shelf
5598,10/1/2025 22:24:4,000000000345,Other -> Shelf,3,2025-10-01 22:24:04,TRANSFER,Other,Shelf,Shelf
5599,10/1/2025 22:24:13,000000000550,Shelf -> Other,1,2025-10-01 22:24:13,TAKEOUT,Shelf,,Shelf
5600,10/1/2025 22:27:4,000000000758,Shelf -> Other,1,2025-10-01 22:27:04,TAKEOUT,Shelf,,Shelf
5601,10/1/2025 22:27:8,000000000741,Shelf -> Other,1,2025-10-01 22:27:08,TAKEOUT,Shelf,,Shelf
5602,10/1/2025 22:28:10,000000000758,Shelf -> Other,1,2025-10-01 22:28:10,TAKEOUT,Shelf,,Shelf
5603,10/1/2025 22:28:15,000000000741,Shelf -> Other,1,2025-10-01 22:28:15,TAKEOUT,Shelf,,Shelf
5604,10/1/2025 22:31:25,000000000376,Other -> Shelf,4,2025-10-01 22:31:25,TRANSFER,Other,Shelf,Shelf
5605,10/2/2025 2:37:39,000000000017,Shelf -> Other,1,2025-10-02 02:37:39,TAKEOUT,Shelf,,Shelf
5606,10/3/2025 21:20:20,000000000437,Shelf -> Other,1,2025-10-03 21:20:20,TAKEOUT,Shelf,,Shelf
5607,10/3/2025 21:21:55,000000000437,Cage -> Shelf,2,2025-10-03 21:21:55,TRANSFER,Cage,Shelf,Shelf
5608,10/3/2025 21:24:21,000000000338,Shelf -> Other,1,2025-10-03 21:24:21,TAKEOUT,Shelf,,Shelf
5609,10/3/2025 21:28:20,000000000062,Shelf -> Other,1,2025-10-03 21:28:20,TAKEOUT,Shelf,,Shelf
5610,10/3/2025 21:28:26,000000000024,Shelf -> Other,2,2025-10-03 21:28:26,TAKEOUT,Shelf,,Shelf
5611,10/4/2025 20:57:11,000000000338,Shelf -> Other,1,2025-10-04 20:57:11,TAKEOUT,Shelf,,Shelf
5612,10/4/2025 21:18:3,000000000000,Shelf -> Other,1,2025-10-04 21:18:03,TAKEOUT,Shelf,,Shelf
5613,10/5/2025 0:28:15,000000001113,Shelf -> Other,1,2025-10-05 00:28:15,TAKEOUT,Shelf,,Shelf
5614,10/5/2025 0:28:23,000000000086,Shelf -> Other,1,2025-10-05 00:28:23,TAKEOUT,Shelf,,Shelf
5615,10/5/2025 19:32:21,000000000062,Shelf -> Other,3,2025-10-05 19:32:21,TAKEOUT,Shelf,,Shelf
5616,10/5/2025 19:36:43,000000000376,Shelf -> Other,3,2025-10-05 19:36:43,TAKEOUT,Shelf,,Shelf
5617,10/5/2025 19:36:49,000000000338,Shelf -> Other,1,2025-10-05 19:36:49,TAKEOUT,Shelf,,Shelf
5618,10/5/2025 19:36:55,000000000369,Shelf -> Other,1,2025-10-05 19:36:55,TAKEOUT,Shelf,,Shelf
5619,10/5/2025 19:38:41,000000000345,Shelf -> Other,3,2025-10-05 19:38:41,TAKEOUT,Shelf,,Shelf
5620,10/6/2025 13:29:15,000000000062,Shelf -> Other,1,2025-10-06 13:29:15,TAKEOUT,Shelf,,Shelf
5621,10/7/2025 1:47:1,000000001090,Shelf -> Other,1,2025-10-07 01:47:01,TAKEOUT,Shelf,,Shelf
5622,10/7/2025 1:47:8,000000000338,Shelf -> Other,1,2025-10-07 01:47:08,TAKEOUT,Shelf,,Shelf
5623,10/7/2025 19:21:8,000000000376,Shelf -> Other,2,2025-10-07 19:21:08,TAKEOUT,Shelf,,Shelf
5624,10/7/2025 19:28:50,000000000574,Shelf -> Other,1,2025-10-07 19:28:50,TAKEOUT,Shelf,,Shelf
5625,10/7/2025 19:32:54,000000000369,Shelf -> Other,1,2025-10-07 19:32:54,TAKEOUT,Shelf,,Shelf
5626,10/7/2025 19:46:43,000000001014,Shelf -> Other,1,2025-10-07 19:46:43,TAKEOUT,Shelf,,Shelf
5627,10/7/2025 19:52:13,000000000338,Shelf -> Other,2,2025-10-07 19:52:13,TAKEOUT,Shelf,,Shelf
5628,10/9/2025 19:8:51,000000000840,Shelf -> Other,1,2025-10-09 19:08:51,TAKEOUT,Shelf,,Shelf
5629,10/9/2025 19:9:7,000000001090,Shelf -> Other,1,2025-10-09 19:09:07,TAKEOUT,Shelf,,Shelf
5630,10/10/2025 3:45:45,000000000550,Shelf -> Other,1,2025-10-10 03:45:45,TAKEOUT,Shelf,,Shelf
5631,10/10/2025 10:13:3,000000000550,Shelf -> Other,1,2025-10-10 10:13:03,TAKEOUT,Shelf,,Shelf
5632,10/10/2025 13:17:36,000000000338,Shelf -> Other,1,2025-10-10 13:17:36,TAKEOUT,Shelf,,Shelf
5633,10/10/2025 13:18:34,000000000260,Shelf -> Other,1,2025-10-10 13:18:34,TAKEOUT,Shelf,,Shelf
5634,10/11/2025 13:31:36,000000000017,Shelf -> Other,1,2025-10-11 13:31:36,TAKEOUT,Shelf,,Shelf
5635,10/11/2025 13:31:46,000000000024,Shelf -> Other,5,2025-10-11 13:31:46,TAKEOUT,Shelf,,Shelf
5636,10/11/2025 13:31:57,000000000000,Shelf -> Other,1,2025-10-11 13:31:57,TAKEOUT,Shelf,,Shelf
5637,10/11/2025 22:24:21,000000000567,Shelf -> Other,1,2025-10-11 22:24:21,TAKEOUT,Shelf,,Shelf
5638,10/11/2025 23:0:36,000000000369,Shelf -> Other,1,2025-10-11 23:00:36,TAKEOUT,Shelf,,Shelf
5639,10/11/2025 23:0:39,000000000345,Shelf -> Other,1,2025-10-11 23:00:39,TAKEOUT,Shelf,,Shelf
5640,10/11/2025 23:3:57,000000000567,Shelf -> Other,1,2025-10-11 23:03:57,TAKEOUT,Shelf,,Shelf
5641,10/11/2025 23:5:22,000000000024,Shelf -> Other,10,2025-10-11 23:05:22,TAKEOUT,Shelf,,Shelf
5642,10/11/2025 23:7:1,000000000338,Cage -> Shelf,5,2025-10-11 23:07:01,TRANSFER,Cage,Shelf,Shelf
5643,10/11/2025 23:8:35,000000000345,Cage -> Shelf,5,2025-10-11 23:08:35,TRANSFER,Cage,Shelf,Shelf
5644,10/11/2025 23:11:10,000000000529,Other -> Shelf,1,2025-10-11 23:11:10,TRANSFER,Other,Shelf,Shelf
5645,10/13/2025 19:50:38,000000000338,Shelf -> Other,1,2025-10-13 19:50:38,TAKEOUT,Shelf,,Shelf
5646,10/13/2025 19:51:11,000000000369,Shelf -> Other,1,2025-10-13 19:51:11,TAKEOUT,Shelf,,Shelf
5647,10/14/2025 12:19:26,000000000369,Shelf -> Other,1,2025-10-14 12:19:26,TAKEOUT,Shelf,,Shelf
5648,10/14/2025 18:31:7,000000000376,Shelf -> Other,1,2025-10-14 18:31:07,TAKEOUT,Shelf,,Shelf
5649,10/14/2025 18:44:25,000000000338,Shelf -> Other,1,2025-10-14 18:44:25,TAKEOUT,Shelf,,Shelf
5650,10/14/2025 18:52:57,000000000000,Shelf -> Other,1,2025-10-14 18:52:57,TAKEOUT,Shelf,,Shelf
5651,10/14/2025 18:54:46,000000001090,Shelf -> Other,1,2025-10-14 18:54:46,TAKEOUT,Shelf,,Shelf
5652,10/15/2025 8:48:37,000000000116,Shelf -> Other,1,2025-10-15 08:48:37,TAKEOUT,Shelf,,Shelf
5653,10/16/2025 13:16:7,000000000574,Shelf -> Other,1,2025-10-16 13:16:07,TAKEOUT,Shelf,,Shelf
5654,10/17/2025 21:12:57,000000000024,Shelf -> Other,4,2025-10-17 21:12:57,TAKEOUT,Shelf,,Shelf
5655,10/17/2025 21:13:38,000000000000,Shelf -> Other,1,2025-10-17 21:13:38,TAKEOUT,Shelf,,Shelf
5656,10/17/2025 21:14:15,000000000055,Shelf -> Other,1,2025-10-17 21:14:15,TAKEOUT,Shelf,,Shelf
5657,10/18/2025 20:31:41,000000000840,Shelf -> Other,1,2025-10-18 20:31:41,TAKEOUT,Shelf,,Shelf
5658,10/18/2025 20:31:48,000000001120,Shelf -> Other,1,2025-10-18 20:31:48,TAKEOUT,Shelf,,Shelf
5659,10/18/2025 20:31:55,000000001137,Shelf -> Other,2,2025-10-18 20:31:55,TAKEOUT,Shelf,,Shelf
5660,10/19/2025 21:21:23,000000000338,Shelf -> Other,3,2025-10-19 21:21:23,TAKEOUT,Shelf,,Shelf
5661,10/19/2025 21:21:54,000000000369,Shelf -> Other,1,2025-10-19 21:21:54,TAKEOUT,Shelf,,Shelf
5662,10/19/2025 21:28:18,000000000000,Shelf -> Other,1,2025-10-19 21:28:18,TAKEOUT,Shelf,,Shelf
5663,10/19/2025 21:28:57,000000001090,Shelf -> Other,2,2025-10-19 21:28:57,TAKEOUT,Shelf,,Shelf
5664,10/21/2025 17:43:30,000000000246,Shelf -> Other,1,2025-10-21 17:43:30,TAKEOUT,Shelf,,Shelf
5665,10/21/2025 17:55:51,000000000369,Shelf -> Other,1,2025-10-21 17:55:51,TAKEOUT,Shelf,,Shelf
5666,10/21/2025 18:3:55,000000000758,Shelf -> Other,3,2025-10-21 18:03:55,TAKEOUT,Shelf,,Shelf
5667,10/21/2025 18:4:15,000000000741,Shelf -> Other,2,2025-10-21 18:04:15,TAKEOUT,Shelf,,Shelf
5668,10/21/2025 19:14:9,000000000987,RECOUNT - Cage,0,2025-10-21 19:14:09,COUNT,,Cage,Cage
5669,10/21/2025 19:15:26,000000000338,Cage -> Shelf,10,2025-10-21 19:15:26,TRANSFER,Cage,Shelf,Shelf
5670,10/22/2025 8:36:5,000000000970,Shelf -> Other,1,2025-10-22 08:36:05,TAKEOUT,Shelf,,Shelf
5671,10/22/2025 17:43:46,000000000338,Shelf -> Other,1,2025-10-22 17:43:46,TAKEOUT,Shelf,,Shelf
5672,10/23/2025 11:11:47,000000000017,Shelf -> Other,1,2025-10-23 11:11:47,TAKEOUT,Shelf,,Shelf
5673,10/23/2025 11:12:7,000000000024,Shelf -> Other,4,2025-10-23 11:12:07,TAKEOUT,Shelf,,Shelf
5674,10/23/2025 11:13:0,000000000000,Shelf -> Other,1,2025-10-23 11:13:00,TAKEOUT,Shelf,,Shelf
5675,10/23/2025 21:35:51,000000000369,Shelf -> Other,1,2025-10-23 21:35:51,TAKEOUT,Shelf,,Shelf
5676,10/24/2025 20:57:8,000000001137,Shelf -> Other,1,2025-10-24 20:57:08,TAKEOUT,Shelf,,Shelf
5677,10/24/2025 20:57:12,000000001120,Shelf -> Other,1,2025-10-24 20:57:12,TAKEOUT,Shelf,,Shelf
5678,10/24/2025 20:57:19,000000000000,Shelf -> Other,1,2025-10-24 20:57:19,TAKEOUT,Shelf,,Shelf
5679,10/24/2025 20:57:26,000000000017,Shelf -> Other,2,2025-10-24 20:57:26,TAKEOUT,Shelf,,Shelf
5680,10/24/2025 20:57:30,000000000024,Shelf -> Other,2,2025-10-24 20:57:30,TAKEOUT,Shelf,,Shelf
5681,10/24/2025 22:28:47,000000000840,Shelf -> Other,1,2025-10-24 22:28:47,TAKEOUT,Shelf,,Shelf
5682,10/24/2025 22:29:0,000000000093,Shelf -> Other,1,2025-10-24 22:29:00,TAKEOUT,Shelf,,Shelf
5683,10/24/2025 22:30:28,000000001137,Shelf -> Other,1,2025-10-24 22:30:28,TAKEOUT,Shelf,,Shelf
5684,10/24/2025 22:30:58,000000000062,Shelf -> Other,1,2025-10-24 22:30:58,TAKEOUT,Shelf,,Shelf
5685,10/25/2025 11:40:11,000000000451,Shelf -> Other,1,2025-10-25 11:40:11,TAKEOUT,Shelf,,Shelf
5686,10/25/2025 12:37:22,000000000338,Shelf -> Other,1,2025-10-25 12:37:22,TAKEOUT,Shelf,,Shelf
5687,10/25/2025 13:6:32,000000000338,Shelf -> Other,1,2025-10-25 13:06:32,TAKEOUT,Shelf,,Shelf
5688,10/25/2025 22:27:45,000000000369,Shelf -> Other,1,2025-10-25 22:27:45,TAKEOUT,Shelf,,Shelf
5689,10/25/2025 23:17:10,000000001175,Shelf -> Other,1,2025-10-25 23:17:10,TAKEOUT,Shelf,,Shelf
5690,10/26/2025 18:11:9,000000000338,Shelf -> Other,1,2025-10-26 18:11:09,TAKEOUT,Shelf,,Shelf
5691,10/26/2025 18:11:14,000000000369,Shelf -> Other,1,2025-10-26 18:11:14,TAKEOUT,Shelf,,Shelf
5692,10/26/2025 18:11:46,000000000338,Shelf -> Other,1,2025-10-26 18:11:46,TAKEOUT,Shelf,,Shelf
5693,10/26/2025 19:59:16,000000000338,Shelf -> Other,1,2025-10-26 19:59:16,TAKEOUT,Shelf,,Shelf
5694,10/27/2025 19:40:11,000000000758,Shelf -> Other,1,2025-10-27 19:40:11,TAKEOUT,Shelf,,Shelf
5695,10/27/2025 19:58:53,000000000017,Shelf -> Other,1,2025-10-27 19:58:53,TAKEOUT,Shelf,,Shelf
5696,10/29/2025 18:37:51,000000001120,Cage -> Shelf,8,2025-10-29 18:37:51,TRANSFER,Cage,Shelf,Shelf
5697,10/29/2025 18:38:32,000000001137,Cage -> Shelf,4,2025-10-29 18:38:32,TRANSFER,Cage,Shelf,Shelf
5698,10/29/2025 18:39:38,000000000000,Cage -> Shelf,6,2025-10-29 18:39:38,TRANSFER,Cage,Shelf,Shelf
5699,10/29/2025 18:40:53,000000000017,Cage -> Shelf,6,2025-10-29 18:40:53,TRANSFER,Cage,Shelf,Shelf
5700,10/29/2025 18:42:6,000000000789,Cage -> Shelf,1,2025-10-29 18:42:06,TRANSFER,Cage,Shelf,Shelf
5701,10/29/2025 18:42:55,000000001014,Cage -> Shelf,2,2025-10-29 18:42:55,TRANSFER,Cage,Shelf,Shelf
5702,10/29/2025 18:44:38,000000000338,Cage -> Shelf,4,2025-10-29 18:44:38,TRANSFER,Cage,Shelf,Shelf
5703,10/29/2025 18:46:51,000000000369,Cage -> Shelf,10,2025-10-29 18:46:51,TRANSFER,Cage,Shelf,Shelf
5704,10/29/2025 18:48:43,000000000055,Cage -> Shelf,7,2025-10-29 18:48:43,TRANSFER,Cage,Shelf,Shelf
5705,10/29/2025 18:50:6,000000000062,Cage -> Shelf,8,2025-10-29 18:50:06,TRANSFER,Cage,Shelf,Shelf
5706,10/29/2025 18:51:15,000000000451,Cage -> Shelf,3,2025-10-29 18:51:15,TRANSFER,Cage,Shelf,Shelf
5707,10/29/2025 18:51:55,000000000758,RECOUNT - Shelf,2,2025-10-29 18:51:55,COUNT,,Shelf,Shelf
5708,10/29/2025 18:52:4,000000000741,RECOUNT - Shelf,2,2025-10-29 18:52:04,COUNT,,Shelf,Shelf
5709,10/29/2025 18:52:39,000000000741,Cage -> Shelf,3,2025-10-29 18:52:39,TRANSFER,Cage,Shelf,Shelf
5710,10/29/2025 18:55:3,000000000758,Cage -> Shelf,3,2025-10-29 18:55:03,TRANSFER,Cage,Shelf,Shelf
5711,10/29/2025 18:56:38,000000000543,Cage -> Shelf,3,2025-10-29 18:56:38,TRANSFER,Cage,Shelf,Shelf
5712,10/29/2025 18:57:10,000000000550,Cage -> Shelf,6,2025-10-29 18:57:10,TRANSFER,Cage,Shelf,Shelf
5713,10/29/2025 18:58:35,000000000550,Cage -> Shelf,3,2025-10-29 18:58:35,TRANSFER,Cage,Shelf,Shelf
5714,10/29/2025 18:59:28,000000000550,Cage -> Shelf,1,2025-10-29 18:59:28,TRANSFER,Cage,Shelf,Shelf
5715,10/29/2025 19:0:5,000000000550,Shelf -> Other,1,2025-10-29 19:00:05,TAKEOUT,Shelf,,Shelf
5716,10/29/2025 19:0:53,000000000550,Delivery -> Cage,10,2025-10-29 19:00:53,RESTOCK,,Cage,Cage
5717,10/29/2025 19:2:42,000000001120,Delivery -> Cage,24,2025-10-29 19:02:42,RESTOCK,,Cage,Cage
5718,10/29/2025 19:3:29,000000001137,Delivery -> Cage,24,2025-10-29 19:03:29,RESTOCK,,Cage,Cage
5719,10/29/2025 19:5:44,000000000741,Delivery -> Cage,10,2025-10-29 19:05:44,RESTOCK,,Cage,Cage
5720,10/29/2025 19:6:26,000000001014,Delivery -> Cage,6,2025-10-29 19:06:26,RESTOCK,,Cage,Cage
5721,10/29/2025 19:6:45,000000000437,Delivery -> Cage,2,2025-10-29 19:06:45,RESTOCK,,Cage,Cage
5722,10/29/2025 19:7:30,000000000390,Delivery -> Cage,4,2025-10-29 19:07:30,RESTOCK,,Cage,Cage
5723,10/29/2025 19:9:20,000000000710,Delivery -> Cage,5,2025-10-29 19:09:20,RESTOCK,,Cage,Cage
5724,10/29/2025 19:9:26,000000000734,Delivery -> Cage,5,2025-10-29 19:09:26,RESTOCK,,Cage,Cage
5725,10/29/2025 19:11:8,000000000567,Delivery -> Cage,10,2025-10-29 19:11:08,RESTOCK,,Cage,Cage
5726,10/29/2025 19:11:18,000000000543,Delivery -> Cage,10,2025-10-29 19:11:18,RESTOCK,,Cage,Cage
5727,10/29/2025 19:14:5,000000000239,RECOUNT - Shelf,1,2025-10-29 19:14:05,COUNT,,Shelf,Shelf
5728,10/29/2025 19:14:13,000000000246,RECOUNT - Shelf,1,2025-10-29 19:14:13,COUNT,,Shelf,Shelf
5729,10/29/2025 19:14:26,000000000253,RECOUNT - Shelf,2,2025-10-29 19:14:26,COUNT,,Shelf,Shelf
5730,10/29/2025 19:14:33,000000000260,RECOUNT - Shelf,1,2025-10-29 19:14:33,COUNT,,Shelf,Shelf
5731,10/29/2025 19:14:39,000000000277,RECOUNT - Shelf,2,2025-10-29 19:14:39,COUNT,,Shelf,Shelf
5732,10/29/2025 19:14:48,000000000284,RECOUNT - Shelf,1,2025-10-29 19:14:48,COUNT,,Shelf,Shelf
5733,10/29/2025 19:14:57,000000000291,RECOUNT - Shelf,2,2025-10-29 19:14:57,COUNT,,Shelf,Shelf
5734,10/29/2025 19:15:5,000000000307,RECOUNT - Shelf,2,2025-10-29 19:15:05,COUNT,,Shelf,Shelf
5735,10/29/2025 19:15:13,000000000314,RECOUNT - Shelf,2,2025-10-29 19:15:13,COUNT,,Shelf,Shelf
5736,10/29/2025 19:15:50,000000000239,Cage -> Shelf,1,2025-10-29 19:15:50,TRANSFER,Cage,Shelf,Shelf
5737,10/29/2025 19:15:57,000000000246,Cage -> Shelf,1,2025-10-29 19:15:57,TRANSFER,Cage,Shelf,Shelf
5738,10/29/2025 19:16:2,000000000260,Cage -> Shelf,1,2025-10-29 19:16:02,TRANSFER,Cage,Shelf,Shelf
5739,10/29/2025 19:40:49,000000000369,Cage -> Other,1,2025-10-29 19:40:49,TAKEOUT,Cage,,Cage
5740,10/29/2025 19:47:43,000000001113,Cage -> Other,50,2025-10-29 19:47:43,TAKEOUT,Cage,,Cage
5741,10/29/2025 19:47:51,000000001113,Cage -> Other,50,2025-10-29 19:47:51,TAKEOUT,Cage,,Cage
5742,10/29/2025 19:48:6,000000000116,Cage -> Shelf,1,2025-10-29 19:48:06,TRANSFER,Cage,Shelf,Shelf
5743,10/29/2025 19:48:12,000000000109,Cage -> Shelf,2,2025-10-29 19:48:12,TRANSFER,Cage,Shelf,Shelf
5744,10/29/2025 19:48:26,000000000109,Shelf -> Cage,2,2025-10-29 19:48:26,TRANSFER,Shelf,Cage,Cage
5745,10/29/2025 19:48:36,000000000109,Shelf -> Other,2,2025-10-29 19:48:36,TAKEOUT,Shelf,,Shelf
5746,10/29/2025 19:52:28,000000000598,Cage -> Other,4,2025-10-29 19:52:28,TAKEOUT,Cage,,Cage
5747,10/29/2025 19:57:23,000000000581,Cage -> Other,30,2025-10-29 19:57:23,TAKEOUT,Cage,,Cage
5748,10/29/2025 19:58:9,000000000598,Cage -> Other,2,2025-10-29 19:58:09,TAKEOUT,Cage,,Cage
5749,10/29/2025 19:58:17,000000000024,Cage -> Other,20,2025-10-29 19:58:17,TAKEOUT,Cage,,Cage
5750,10/29/2025 19:58:32,000000000413,Cage -> Other,2,2025-10-29 19:58:32,TAKEOUT,Cage,,Cage
5751,10/29/2025 20:2:48,000000001090,Cage -> Other,3,2025-10-29 20:02:48,TAKEOUT,Cage,,Cage
5752,10/29/2025 20:3:9,000000000840,Cage -> Other,3,2025-10-29 20:03:09,TAKEOUT,Cage,,Cage
5753,10/29/2025 20:16:7,000000000918,Delivery -> Cage,1,2025-10-29 20:16:07,RESTOCK,,Cage,Cage
5754,10/29/2025 20:18:39,000000001151,Cage -> Other,1,2025-10-29 20:18:39,TAKEOUT,Cage,,Cage
5755,10/29/2025 23:55:18,000000000338,Cage -> Other,1,2025-10-29 23:55:18,TAKEOUT,Cage,,Cage
5756,10/29/2025 23:55:40,000000000550,Cage -> Other,1,2025-10-29 23:55:40,TAKEOUT,Cage,,Cage
5757,10/31/2025 7:14:11,000000000369,Cage -> Other,1,2025-10-31 07:14:11,TAKEOUT,Cage,,Cage
5758,10/31/2025 7:14:17,000000000338,Cage -> Other,1,2025-10-31 07:14:17,TAKEOUT,Cage,,Cage
5759,11/2/2025 19:2:56,000000000086,Shelf -> Other,1,2025-11-02 19:02:56,TAKEOUT,Shelf,,Shelf
5760,11/2/2025 19:19:19,000000000741,Shelf -> Other,1,2025-11-02 19:19:19,TAKEOUT,Shelf,,Shelf
5761,11/2/2025 19:23:53,000000001090,Shelf -> Other,1,2025-11-02 19:23:53,TAKEOUT,Shelf,,Shelf
5762,11/2/2025 19:38:41,000000000338,Shelf -> Other,2,2025-11-02 19:38:41,TAKEOUT,Shelf,,Shelf
5763,11/2/2025 19:42:6,000000000369,Shelf -> Other,3,2025-11-02 19:42:06,TAKEOUT,Shelf,,Shelf
5764,11/2/2025 19:44:44,000000000550,Shelf -> Other,1,2025-11-02 19:44:44,TAKEOUT,Shelf,,Shelf
5765,11/2/2025 19:45:53,000000000567,Shelf -> Other,1,2025-11-02 19:45:53,TAKEOUT,Shelf,,Shelf
5766,11/2/2025 19:53:56,000000001137,Shelf -> Other,1,2025-11-02 19:53:56,TAKEOUT,Shelf,,Shelf
5767,11/2/2025 19:56:20,000000001120,Shelf -> Other,1,2025-11-02 19:56:20,TAKEOUT,Shelf,,Shelf
5768,11/2/2025 22:45:17,000000000000,Shelf -> Other,1,2025-11-02 22:45:17,TAKEOUT,Shelf,,Shelf
5769,11/3/2025 19:51:1,000000000840,Shelf -> Other,2,2025-11-03 19:51:01,TAKEOUT,Shelf,,Shelf
5770,11/3/2025 19:51:8,000000000017,Shelf -> Other,2,2025-11-03 19:51:08,TAKEOUT,Shelf,,Shelf
5771,11/3/2025 19:51:14,000000001120,Shelf -> Other,1,2025-11-03 19:51:14,TAKEOUT,Shelf,,Shelf
5772,11/3/2025 19:53:14,000000000543,Shelf -> Other,1,2025-11-03 19:53:14,TAKEOUT,Shelf,,Shelf
5773,11/4/2025 18:38:17,000000000758,Shelf -> Other,2,2025-11-04 18:38:17,TAKEOUT,Shelf,,Shelf
5774,11/4/2025 18:38:27,000000000741,Shelf -> Other,2,2025-11-04 18:38:27,TAKEOUT,Shelf,,Shelf
5775,11/4/2025 21:59:6,000000000550,Shelf -> Other,1,2025-11-04 21:59:06,TAKEOUT,Shelf,,Shelf
5776,11/5/2025 21:5:40,000000000062,Delivery -> Cage,96,2025-11-05 21:05:40,RESTOCK,,Cage,Cage
5777,11/5/2025 21:12:57,000000000109,Shelf -> Other,2,2025-11-05 21:12:57,TAKEOUT,Shelf,,Shelf
5778,11/5/2025 21:13:39,000000000574,Shelf -> Other,1,2025-11-05 21:13:39,TAKEOUT,Shelf,,Shelf
5779,11/5/2025 21:14:1,000000000550,Shelf -> Other,1,2025-11-05 21:14:01,TAKEOUT,Shelf,,Shelf
5780,11/5/2025 21:17:21,000000000574,Cage -> Shelf,5,2025-11-05 21:17:21,TRANSFER,Cage,Shelf,Shelf
5781,11/5/2025 21:19:30,000000000000,Shelf -> Other,1,2025-11-05 21:19:30,TAKEOUT,Shelf,,Shelf
5782,11/5/2025 21:24:30,000000000901,Other -> Shelf,1,2025-11-05 21:24:30,TRANSFER,Other,Shelf,Shelf
5783,11/5/2025 21:24:39,000000000901,Shelf -> Cage,1,2025-11-05 21:24:39,TRANSFER,Shelf,Cage,Cage
5784,11/7/2025 10:45:2,000000000338,Shelf -> Other,1,2025-11-07 10:45:02,TAKEOUT,Shelf,,Shelf
5785,11/7/2025 14:20:19,000000001113,Shelf -> Other,5,2025-11-07 14:20:19,TAKEOUT,Shelf,,Shelf
5786,11/7/2025 14:20:37,000000000109,Shelf -> Other,6,2025-11-07 14:20:37,TAKEOUT,Shelf,,Shelf
5787,11/7/2025 16:21:28,000000000567,Shelf -> Other,1,2025-11-07 16:21:28,TAKEOUT,Shelf,,Shelf
5788,11/7/2025 18:14:35,000000000567,Shelf -> Other,1,2025-11-07 18:14:35,TAKEOUT,Shelf,,Shelf
5789,11/8/2025 11:20:20,000000000567,Shelf -> Other,1,2025-11-08 11:20:20,TAKEOUT,Shelf,,Shelf
5790,11/8/2025 11:21:12,000000000383,Shelf -> Other,1,2025-11-08 11:21:12,TAKEOUT,Shelf,,Shelf
5791,11/8/2025 14:30:16,000000001007,Shelf -> Other,1,2025-11-08 14:30:16,TAKEOUT,Shelf,,Shelf
5792,11/8/2025 14:33:28,000000001151,Shelf -> Other,1,2025-11-08 14:33:28,TAKEOUT,Shelf,,Shelf
5793,11/8/2025 16:17:31,000000001007,RECOUNT - Shelf,0,2025-11-08 16:17:31,COUNT,,Shelf,Shelf
5794,11/8/2025 16:17:41,000000001007,RECOUNT - Cage,3,2025-11-08 16:17:41,COUNT,,Cage,Cage
5795,11/8/2025 22:59:16,000000000338,Shelf -> Other,1,2025-11-08 22:59:16,TAKEOUT,Shelf,,Shelf
5796,11/8/2025 22:59:24,000000000369,Shelf -> Other,3,2025-11-08 22:59:24,TAKEOUT,Shelf,,Shelf
5797,11/8/2025 23:7:20,000000001045,Shelf -> Other,2,2025-11-08 23:07:20,TAKEOUT,Shelf,,Shelf
5798,11/8/2025 23:7:55,000000001014,Shelf -> Other,1,2025-11-08 23:07:55,TAKEOUT,Shelf,,Shelf
5799,11/10/2025 19:11:3,000000000741,Cage -> Shelf,5,2025-11-10 19:11:03,TRANSFER,Cage,Shelf,Shelf
5800,11/10/2025 19:11:13,000000000758,Cage -> Shelf,4,2025-11-10 19:11:13,TRANSFER,Cage,Shelf,Shelf
5801,11/12/2025 7:23:19,000000000390,Shelf -> Other,1,2025-11-12 07:23:19,TAKEOUT,Shelf,,Shelf
5802,11/12/2025 7:23:27,000000000567,Shelf -> Other,1,2025-11-12 07:23:27,TAKEOUT,Shelf,,Shelf
5803,11/12/2025 8:22:40,000000000383,Shelf -> Other,2,2025-11-12 08:22:40,TAKEOUT,Shelf,,Shelf
5804,11/12/2025 8:23:5,000000000383,Cage -> Shelf,2,2025-11-12 08:23:05,TRANSFER,Cage,Shelf,Shelf
5805,11/13/2025 15:20:44,000000000369,Shelf -> Other,2,2025-11-13 15:20:44,TAKEOUT,Shelf,,Shelf
5806,11/13/2025 15:21:4,000000000024,Shelf -> Other,2,2025-11-13 15:21:04,TAKEOUT,Shelf,,Shelf
5807,11/13/2025 15:21:10,000000001090,Shelf -> Other,2,2025-11-13 15:21:10,TAKEOUT,Shelf,,Shelf
5808,11/15/2025 23:7:51,000000000550,Shelf -> Other,1,2025-11-15 23:07:51,TAKEOUT,Shelf,,Shelf
5809,11/16/2025 17:17:21,000000000369,Shelf -> Other,1,2025-11-16 17:17:21,TAKEOUT,Shelf,,Shelf
5810,11/16/2025 17:17:26,000000000338,Shelf -> Other,1,2025-11-16 17:17:26,TAKEOUT,Shelf,,Shelf
5811,11/17/2025 13:58:15,000000000055,Shelf -> Other,3,2025-11-17 13:58:15,TAKEOUT,Shelf,,Shelf
5812,11/17/2025 13:59:23,000000000000,Shelf -> Other,1,2025-11-17 13:59:23,TAKEOUT,Shelf,,Shelf
5813,11/17/2025 13:59:40,000000000017,Shelf -> Other,3,2025-11-17 13:59:40,TAKEOUT,Shelf,,Shelf
5814,11/17/2025 14:0:39,000000000024,Shelf -> Other,10,2025-11-17 14:00:39,TAKEOUT,Shelf,,Shelf
5815,11/17/2025 14:0:58,000000000062,Shelf -> Other,2,2025-11-17 14:00:58,TAKEOUT,Shelf,,Shelf
5816,11/17/2025 14:2:45,000000000369,Shelf -> Other,1,2025-11-17 14:02:45,TAKEOUT,Shelf,,Shelf
5817,11/17/2025 14:2:51,000000000376,Shelf -> Other,1,2025-11-17 14:02:51,TAKEOUT,Shelf,,Shelf
5818,11/17/2025 14:52:44,000000000000,Shelf -> Other,2,2025-11-17 14:52:44,TAKEOUT,Shelf,,Shelf
5819,11/17/2025 14:53:6,000000000017,Shelf -> Other,4,2025-11-17 14:53:06,TAKEOUT,Shelf,,Shelf
5820,11/17/2025 14:53:49,000000000024,Shelf -> Other,4,2025-11-17 14:53:49,TAKEOUT,Shelf,,Shelf
5821,11/17/2025 14:54:5,000000000062,Shelf -> Other,1,2025-11-17 14:54:05,TAKEOUT,Shelf,,Shelf
5822,11/18/2025 18:36:25,000000000338,Shelf -> Other,1,2025-11-18 18:36:25,TAKEOUT,Shelf,,Shelf
5823,11/18/2025 21:41:40,000000000789,Shelf -> Other,3,2025-11-18 21:41:40,TAKEOUT,Shelf,,Shelf
5824,11/18/2025 21:41:51,000000000840,Shelf -> Other,1,2025-11-18 21:41:51,TAKEOUT,Shelf,,Shelf
5825,11/18/2025 22:11:24,000000000369,Shelf -> Other,1,2025-11-18 22:11:24,TAKEOUT,Shelf,,Shelf
5826,11/19/2025 12:51:34,000000000024,Shelf -> Other,2,2025-11-19 12:51:34,TAKEOUT,Shelf,,Shelf
5827,11/19/2025 12:51:44,000000000000,Shelf -> Other,1,2025-11-19 12:51:44,TAKEOUT,Shelf,,Shelf
5828,11/19/2025 12:52:16,000000000017,Shelf -> Other,1,2025-11-19 12:52:16,TAKEOUT,Shelf,,Shelf
5829,11/19/2025 22:31:56,000000000000,Shelf -> Other,1,2025-11-19 22:31:56,TAKEOUT,Shelf,,Shelf
5830,11/19/2025 22:39:40,000000000017,Shelf -> Other,1,2025-11-19 22:39:40,TAKEOUT,Shelf,,Shelf
5831,11/20/2025 12:51:33,000000000932,Delivery -> Cage,6,2025-11-20 12:51:33,RESTOCK,,Cage,Cage
5832,11/20/2025 18:2:51,000000000024,Cage -> Shelf,21,2025-11-20 18:02:51,TRANSFER,Cage,Shelf,Shelf
5833,11/20/2025 19:52:14,000000000840,Cage -> Shelf,2,2025-11-20 19:52:14,TRANSFER,Cage,Shelf,Shelf
5834,11/20/2025 19:53:35,000000000338,Cage -> Shelf,1,2025-11-20 19:53:35,TRANSFER,Cage,Shelf,Shelf
5835,11/20/2025 19:53:42,000000000345,Cage -> Shelf,1,2025-11-20 19:53:42,TRANSFER,Cage,Shelf,Shelf
5836,11/20/2025 19:54:3,000000000383,Cage -> Shelf,1,2025-11-20 19:54:03,TRANSFER,Cage,Shelf,Shelf
5837,11/20/2025 20:2:43,000000001090,Cage -> Shelf,5,2025-11-20 20:02:43,TRANSFER,Cage,Shelf,Shelf
5838,11/20/2025 23:18:15,000000000338,Shelf -> Other,1,2025-11-20 23:18:15,TAKEOUT,Shelf,,Shelf
5839,11/21/2025 6:38:14,000000000840,Cage -> Shelf,14,2025-11-21 06:38:14,TRANSFER,Cage,Shelf,Shelf
5840,11/21/2025 6:38:26,000000000840,Shelf -> Other,2,2025-11-21 06:38:26,TAKEOUT,Shelf,,Shelf
5841,11/21/2025 6:38:32,000000000789,Cage -> Other,2,2025-11-21 06:38:32,TAKEOUT,Cage,,Cage
5842,11/21/2025 6:38:42,000000001120,Shelf -> Other,1,2025-11-21 06:38:42,TAKEOUT,Shelf,,Shelf
5843,11/21/2025 6:43:46,000000000338,Cage -> Shelf,10,2025-11-21 06:43:46,TRANSFER,Cage,Shelf,Shelf
5844,11/21/2025 6:44:22,000000000116,Cage -> Shelf,1,2025-11-21 06:44:22,TRANSFER,Cage,Shelf,Shelf
5845,11/21/2025 6:44:30,000000000116,Cage -> Other,1,2025-11-21 06:44:30,TAKEOUT,Cage,,Cage
5846,11/21/2025 6:45:11,000000000017,Cage -> Shelf,20,2025-11-21 06:45:11,TRANSFER,Cage,Shelf,Shelf
5847,11/21/2025 6:46:5,000000000000,Cage -> Shelf,6,2025-11-21 06:46:05,TRANSFER,Cage,Shelf,Shelf
5848,11/21/2025 6:47:40,000000000567,Cage -> Shelf,7,2025-11-21 06:47:40,TRANSFER,Cage,Shelf,Shelf
5849,11/21/2025 6:56:52,000000000086,RECOUNT - Shelf,1,2025-11-21 06:56:52,COUNT,,Shelf,Shelf
5850,11/21/2025 6:57:18,000000000383,RECOUNT - Shelf,1,2025-11-21 06:57:18,COUNT,,Shelf,Shelf
5851,11/21/2025 7:1:39,000000000895,RECOUNT - Cage,6,2025-11-21 07:01:39,COUNT,,Cage,Cage
5852,11/21/2025 7:1:46,000000000888,RECOUNT - Cage,3,2025-11-21 07:01:46,COUNT,,Cage,Cage
5853,11/21/2025 7:1:51,000000000864,RECOUNT - Cage,1,2025-11-21 07:01:51,COUNT,,Cage,Cage
5854,11/21/2025 7:1:57,000000000857,RECOUNT - Cage,3,2025-11-21 07:01:57,COUNT,,Cage,Cage
5855,11/21/2025 7:2:54,000000000918,RECOUNT - Cage,5,2025-11-21 07:02:54,COUNT,,Cage,Cage
5856,11/21/2025 7:4:0,000000001113,RECOUNT - Shelf,61,2025-11-21 07:04:00,COUNT,,Shelf,Shelf
5857,11/21/2025 7:4:46,000000000789,RECOUNT - Shelf,2,2025-11-21 07:04:46,COUNT,,Shelf,Shelf
5858,11/21/2025 7:5:3,000000000789,RECOUNT - Cage,5,2025-11-21 07:05:03,COUNT,,Cage,Cage
5859,11/21/2025 7:14:35,000000000840,Shelf -> Other,1,2025-11-21 07:14:35,TAKEOUT,Shelf,,Shelf
5860,11/21/2025 7:14:43,000000001120,Shelf -> Other,1,2025-11-21 07:14:43,TAKEOUT,Shelf,,Shelf
5861,11/21/2025 12:10:37,000000000567,Shelf -> Other,1,2025-11-21 12:10:37,TAKEOUT,Shelf,,Shelf
5862,11/21/2025 12:10:42,000000000574,Shelf -> Other,1,2025-11-21 12:10:42,TAKEOUT,Shelf,,Shelf
5863,11/21/2025 15:16:53,000000000024,Shelf -> Other,5,2025-11-21 15:16:53,TAKEOUT,Shelf,,Shelf
5864,11/21/2025 15:17:9,000000000017,Shelf -> Other,1,2025-11-21 15:17:09,TAKEOUT,Shelf,,Shelf
5865,11/21/2025 15:17:27,000000000000,Shelf -> Other,1,2025-11-21 15:17:27,TAKEOUT,Shelf,,Shelf
5866,11/22/2025 13:37:55,000000000062,Shelf -> Other,1,2025-11-22 13:37:55,TAKEOUT,Shelf,,Shelf
5867,11/22/2025 13:38:5,000000000024,Shelf -> Other,1,2025-11-22 13:38:05,TAKEOUT,Shelf,,Shelf
5868,11/22/2025 16:31:1,000000000024,Shelf -> Other,1,2025-11-22 16:31:01,TAKEOUT,Shelf,,Shelf
5869,11/22/2025 16:31:43,000000000062,Shelf -> Other,1,2025-11-22 16:31:43,TAKEOUT,Shelf,,Shelf
5870,11/22/2025 16:32:31,000000000086,Shelf -> Other,2,2025-11-22 16:32:31,TAKEOUT,Shelf,,Shelf
5871,11/22/2025 16:32:53,000000000000,Shelf -> Other,1,2025-11-22 16:32:53,TAKEOUT,Shelf,,Shelf
5872,11/23/2025 20:35:11,000000001090,Shelf -> Other,1,2025-11-23 20:35:11,TAKEOUT,Shelf,,Shelf
5873,11/23/2025 22:24:2,000000000109,Shelf -> Other,4,2025-11-23 22:24:02,TAKEOUT,Shelf,,Shelf
5874,11/23/2025 22:24:8,000000000116,Shelf -> Other,1,2025-11-23 22:24:08,TAKEOUT,Shelf,,Shelf
5875,11/23/2025 22:24:17,000000001113,Shelf -> Other,10,2025-11-23 22:24:17,TAKEOUT,Shelf,,Shelf
5876,11/24/2025 0:27:2,000000000574,Shelf -> Other,2,2025-11-24 00:27:02,TAKEOUT,Shelf,,Shelf
5877,11/24/2025 5:26:24,000000000574,Shelf -> Other,1,2025-11-24 05:26:24,TAKEOUT,Shelf,,Shelf
5878,11/24/2025 5:26:31,000000000574,Shelf -> Other,1,2025-11-24 05:26:31,TAKEOUT,Shelf,,Shelf
5879,11/24/2025 5:27:40,000000000550,Shelf -> Other,1,2025-11-24 05:27:40,TAKEOUT,Shelf,,Shelf
5880,11/24/2025 11:49:2,000000001120,Shelf -> Other,1,2025-11-24 11:49:02,TAKEOUT,Shelf,,Shelf
5881,11/24/2025 19:22:25,000000000017,Shelf -> Other,2,2025-11-24 19:22:25,TAKEOUT,Shelf,,Shelf
5882,11/24/2025 19:22:40,000000000055,Shelf -> Other,1,2025-11-24 19:22:40,TAKEOUT,Shelf,,Shelf
5883,11/24/2025 20:14:58,000000000741,Shelf -> Other,1,2025-11-24 20:14:58,TAKEOUT,Shelf,,Shelf
5884,11/24/2025 20:19:47,000000000840,Shelf -> Other,1,2025-11-24 20:19:47,TAKEOUT,Shelf,,Shelf
5885,11/24/2025 20:19:58,000000000055,Shelf -> Other,2,2025-11-24 20:19:58,TAKEOUT,Shelf,,Shelf
5886,11/24/2025 20:59:1,000000000338,Shelf -> Other,1,2025-11-24 20:59:01,TAKEOUT,Shelf,,Shelf
5887,11/25/2025 16:18:15,000000000437,Shelf -> Other,1,2025-11-25 16:18:15,TAKEOUT,Shelf,,Shelf
5888,11/25/2025 17:31:49,000000000000,Shelf -> Other,1,2025-11-25 17:31:49,TAKEOUT,Shelf,,Shelf
5889,11/25/2025 17:31:55,000000000093,Shelf -> Other,2,2025-11-25 17:31:55,TAKEOUT,Shelf,,Shelf
5890,11/26/2025 14:49:52,000000000055,Shelf -> Other,3,2025-11-26 14:49:52,TAKEOUT,Shelf,,Shelf
5891,11/26/2025 14:50:18,000000000062,Shelf -> Other,2,2025-11-26 14:50:18,TAKEOUT,Shelf,,Shelf
5892,11/27/2025 4:29:26,000000000017,Shelf -> Other,1,2025-11-27 04:29:26,TAKEOUT,Shelf,,Shelf
5893,11/27/2025 4:29:59,000000000000,Shelf -> Other,1,2025-11-27 04:29:59,TAKEOUT,Shelf,,Shelf
5894,11/27/2025 22:6:27,000000000338,Shelf -> Other,1,2025-11-27 22:06:27,TAKEOUT,Shelf,,Shelf
5895,11/27/2025 22:6:34,000000000369,Shelf -> Other,1,2025-11-27 22:06:34,TAKEOUT,Shelf,,Shelf
5896,11/28/2025 13:13:26,000000000574,Shelf -> Other,1,2025-11-28 13:13:26,TAKEOUT,Shelf,,Shelf
5897,11/28/2025 13:13:36,000000000550,Shelf -> Other,1,2025-11-28 13:13:36,TAKEOUT,Shelf,,Shelf
5898,11/28/2025 13:13:44,000000000543,Shelf -> Other,1,2025-11-28 13:13:44,TAKEOUT,Shelf,,Shelf
5899,11/28/2025 14:52:42,000000000024,Shelf -> Other,1,2025-11-28 14:52:42,TAKEOUT,Shelf,,Shelf
5900,11/28/2025 14:52:51,000000000017,Shelf -> Other,3,2025-11-28 14:52:51,TAKEOUT,Shelf,,Shelf
5901,11/28/2025 14:53:16,000000000055,Shelf -> Other,1,2025-11-28 14:53:16,TAKEOUT,Shelf,,Shelf
5902,11/28/2025 14:53:38,000000000000,Shelf -> Other,1,2025-11-28 14:53:38,TAKEOUT,Shelf,,Shelf
5903,11/29/2025 7:2:0,000000001090,Shelf -> Other,2,2025-11-29 07:02:00,TAKEOUT,Shelf,,Shelf
5904,11/29/2025 9:52:13,000000000369,Cage -> Shelf,8,2025-11-29 09:52:13,TRANSFER,Cage,Shelf,Shelf
5905,11/29/2025 9:54:3,000000000000,Cage -> Shelf,6,2025-11-29 09:54:03,TRANSFER,Cage,Shelf,Shelf
5906,11/29/2025 9:55:18,000000000055,Cage -> Shelf,5,2025-11-29 09:55:18,TRANSFER,Cage,Shelf,Shelf
5907,11/29/2025 9:55:58,000000001045,Cage -> Shelf,2,2025-11-29 09:55:58,TRANSFER,Cage,Shelf,Shelf
5908,11/29/2025 9:56:53,000000000116,Cage -> Shelf,1,2025-11-29 09:56:53,TRANSFER,Cage,Shelf,Shelf
5909,11/29/2025 9:57:31,000000001014,Cage -> Shelf,1,2025-11-29 09:57:31,TRANSFER,Cage,Shelf,Shelf
5910,11/29/2025 9:59:9,000000000574,Cage -> Shelf,4,2025-11-29 09:59:09,TRANSFER,Cage,Shelf,Shelf
5911,11/29/2025 10:0:9,000000000550,Cage -> Shelf,3,2025-11-29 10:00:09,TRANSFER,Cage,Shelf,Shelf
5912,11/29/2025 10:0:59,000000000543,Cage -> Shelf,3,2025-11-29 10:00:59,TRANSFER,Cage,Shelf,Shelf
5913,11/29/2025 11:53:18,000000000017,Shelf -> Other,1,2025-11-29 11:53:18,TAKEOUT,Shelf,,Shelf
5914,11/29/2025 11:53:50,000000001120,Shelf -> Other,1,2025-11-29 11:53:50,TAKEOUT,Shelf,,Shelf
5915,11/29/2025 11:54:43,000000000840,Shelf -> Other,2,2025-11-29 11:54:43,TAKEOUT,Shelf,,Shelf
5916,11/29/2025 21:58:47,000000000369,Shelf -> Other,1,2025-11-29 21:58:47,TAKEOUT,Shelf,,Shelf
5917,11/29/2025 22:31:23,000000000000,Shelf -> Other,1,2025-11-29 22:31:23,TAKEOUT,Shelf,,Shelf
5918,11/30/2025 18:38:13,000000000840,Shelf -> Other,1,2025-11-30 18:38:13,TAKEOUT,Shelf,,Shelf
5919,11/30/2025 18:41:14,000000000017,Shelf -> Other,3,2025-11-30 18:41:14,TAKEOUT,Shelf,,Shelf
5920,11/30/2025 18:42:46,000000000024,Shelf -> Other,1,2025-11-30 18:42:46,TAKEOUT,Shelf,,Shelf
5921,11/30/2025 18:43:1,000000000345,Shelf -> Other,3,2025-11-30 18:43:01,TAKEOUT,Shelf,,Shelf
5922,11/30/2025 18:45:35,000000000338,Shelf -> Other,1,2025-11-30 18:45:35,TAKEOUT,Shelf,,Shelf
5923,11/30/2025 18:45:42,000000000376,Shelf -> Other,2,2025-11-30 18:45:42,TAKEOUT,Shelf,,Shelf
5924,11/30/2025 18:46:47,000000000062,Shelf -> Other,4,2025-11-30 18:46:47,TAKEOUT,Shelf,,Shelf
5925,11/30/2025 18:49:12,000000000093,Shelf -> Other,1,2025-11-30 18:49:12,TAKEOUT,Shelf,,Shelf
5926,11/30/2025 18:49:45,000000001090,Shelf -> Other,1,2025-11-30 18:49:45,TAKEOUT,Shelf,,Shelf
5927,11/30/2025 18:50:53,000000000581,Shelf -> Other,4,2025-11-30 18:50:53,TAKEOUT,Shelf,,Shelf
5928,11/30/2025 18:51:9,000000000550,Shelf -> Other,1,2025-11-30 18:51:09,TAKEOUT,Shelf,,Shelf
5929,12/1/2025 2:58:48,000000000338,Shelf -> Other,1,2025-12-01 02:58:48,TAKEOUT,Shelf,,Shelf
5930,12/1/2025 2:58:54,000000000369,Shelf -> Other,1,2025-12-01 02:58:54,TAKEOUT,Shelf,,Shelf
5931,12/1/2025 19:50:6,000000000109,Shelf -> Other,5,2025-12-01 19:50:06,TAKEOUT,Shelf,,Shelf
5932,12/1/2025 22:51:42,000000000567,Shelf -> Other,1,2025-12-01 22:51:42,TAKEOUT,Shelf,,Shelf
5933,12/3/2025 20:50:0,000000000970,RECOUNT - Cage,4,2025-12-03 20:50:00,COUNT,,Cage,Cage
5934,12/3/2025 20:50:11,000000000970,RECOUNT - Shelf,2,2025-12-03 20:50:11,COUNT,,Shelf,Shelf
5935,12/3/2025 21:47:33,000000000437,Shelf -> Other,1,2025-12-03 21:47:33,TAKEOUT,Shelf,,Shelf
5936,12/5/2025 1:6:46,000000000338,Shelf -> Other,3,2025-12-05 01:06:46,TAKEOUT,Shelf,,Shelf
5937,12/5/2025 1:32:6,000000000086,RECOUNT - Shelf,1,2025-12-05 01:32:06,COUNT,,Shelf,Shelf
5938,12/5/2025 1:35:19,000000000437,Cage -> Other,1,2025-12-05 01:35:19,TAKEOUT,Cage,,Cage
5939,12/5/2025 1:35:58,000000000338,Cage -> Other,1,2025-12-05 01:35:58,TAKEOUT,Cage,,Cage
5940,12/5/2025 1:36:5,000000000369,Cage -> Other,1,2025-12-05 01:36:05,TAKEOUT,Cage,,Cage
5941,12/5/2025 1:37:30,000000000369,Delivery -> Cage,1,2025-12-05 01:37:30,RESTOCK,,Cage,Cage
5942,12/5/2025 1:37:34,000000000338,Delivery -> Cage,1,2025-12-05 01:37:34,RESTOCK,,Cage,Cage
5943,12/5/2025 1:37:47,000000000369,Shelf -> Other,1,2025-12-05 01:37:47,TAKEOUT,Shelf,,Shelf
5944,12/5/2025 1:37:50,000000000338,Shelf -> Other,1,2025-12-05 01:37:50,TAKEOUT,Shelf,,Shelf
5945,12/5/2025 12:54:17,000000000864,Shelf -> Other,1,2025-12-05 12:54:17,TAKEOUT,Shelf,,Shelf
5946,12/5/2025 15:21:55,000000000055,Shelf -> Other,1,2025-12-05 15:21:55,TAKEOUT,Shelf,,Shelf
5947,12/5/2025 15:22:9,000000000093,Shelf -> Other,1,2025-12-05 15:22:09,TAKEOUT,Shelf,,Shelf
5948,12/5/2025 15:22:25,000000000024,Shelf -> Other,1,2025-12-05 15:22:25,TAKEOUT,Shelf,,Shelf
5949,12/5/2025 17:51:0,000000000789,Shelf -> Other,1,2025-12-05 17:51:00,TAKEOUT,Shelf,,Shelf
5950,12/5/2025 17:51:16,000000000840,Shelf -> Other,2,2025-12-05 17:51:16,TAKEOUT,Shelf,,Shelf
5951,12/5/2025 21:50:28,000000001151,Cage -> Other,1,2025-12-05 21:50:28,TAKEOUT,Cage,,Cage
5952,12/5/2025 22:5:14,000000001137,Shelf -> Other,4,2025-12-05 22:05:14,TAKEOUT,Shelf,,Shelf
5953,12/5/2025 22:7:52,000000001007,Cage -> Other,1,2025-12-05 22:07:52,TAKEOUT,Cage,,Cage
5954,12/6/2025 9:22:31,000000000369,Cage -> Other,1,2025-12-06 09:22:31,TAKEOUT,Cage,,Cage
5955,12/6/2025 9:36:37,000000000369,Shelf -> Other,1,2025-12-06 09:36:37,TAKEOUT,Shelf,,Shelf
5956,12/8/2025 17:32:43,000000000536,Shelf -> Other,1,2025-12-08 17:32:43,TAKEOUT,Shelf,,Shelf
5957,12/8/2025 17:34:6,000000000451,Shelf -> Other,1,2025-12-08 17:34:06,TAKEOUT,Shelf,,Shelf
5958,12/8/2025 17:34:38,000000000338,Shelf -> Other,2,2025-12-08 17:34:38,TAKEOUT,Shelf,,Shelf
5959,12/8/2025 17:34:52,000000000451,Shelf -> Other,1,2025-12-08 17:34:52,TAKEOUT,Shelf,,Shelf
5960,12/8/2025 17:50:47,000000000017,Shelf -> Other,1,2025-12-08 17:50:47,TAKEOUT,Shelf,,Shelf
5961,12/8/2025 17:51:2,000000000000,Shelf -> Other,1,2025-12-08 17:51:02,TAKEOUT,Shelf,,Shelf
5962,12/8/2025 17:52:47,000000000574,Shelf -> Other,1,2025-12-08 17:52:47,TAKEOUT,Shelf,,Shelf
5963,12/8/2025 17:54:32,000000000550,Shelf -> Other,1,2025-12-08 17:54:32,TAKEOUT,Shelf,,Shelf
5964,12/8/2025 20:21:43,000000000932,Shelf -> Other,3,2025-12-08 20:21:43,TAKEOUT,Shelf,,Shelf
5965,12/10/2025 7:47:29,000000000369,Shelf -> Other,1,2025-12-10 07:47:29,TAKEOUT,Shelf,,Shelf
5966,12/10/2025 21:2:19,000000000369,Shelf -> Other,1,2025-12-10 21:02:19,TAKEOUT,Shelf,,Shelf
5967,12/10/2025 21:6:47,000000001113,Shelf -> Other,4,2025-12-10 21:06:47,TAKEOUT,Shelf,,Shelf
5968,12/11/2025 0:24:5,000000000338,Shelf -> Other,1,2025-12-11 00:24:05,TAKEOUT,Shelf,,Shelf
5969,12/12/2025 14:28:13,000000000024,Shelf -> Other,1,2025-12-12 14:28:13,TAKEOUT,Shelf,,Shelf
5970,12/12/2025 20:55:49,000000000345,Shelf -> Other,2,2025-12-12 20:55:49,TAKEOUT,Shelf,,Shelf
5971,12/12/2025 21:7:27,000000000963,Shelf -> Other,1,2025-12-12 21:07:27,TAKEOUT,Shelf,,Shelf
5972,12/13/2025 10:57:55,000000000338,Cage -> Other,10,2025-12-13 10:57:55,TAKEOUT,Cage,,Cage
5973,12/13/2025 10:58:12,000000000338,RECOUNT - Shelf,10,2025-12-13 10:58:12,COUNT,,Shelf,Shelf
5974,12/13/2025 11:36:56,000000000932,RECOUNT - Shelf,0,2025-12-13 11:36:56,COUNT,,Shelf,Shelf
5975,12/13/2025 11:37:15,000000000932,RECOUNT - Cage,3,2025-12-13 11:37:15,COUNT,,Cage,Cage
5976,12/13/2025 11:39:41,000000000086,RECOUNT - Shelf,1,2025-12-13 11:39:41,COUNT,,Shelf,Shelf
5977,12/13/2025 11:52:28,000000000840,Shelf -> Other,1,2025-12-13 11:52:28,TAKEOUT,Shelf,,Shelf
5978,12/13/2025 20:19:7,000000000338,Shelf -> Other,1,2025-12-13 20:19:07,TAKEOUT,Shelf,,Shelf
5979,12/13/2025 20:39:28,000000001151,Shelf -> Other,1,2025-12-13 20:39:28,TAKEOUT,Shelf,,Shelf
5980,12/13/2025 20:44:40,000000000338,Shelf -> Other,1,2025-12-13 20:44:40,TAKEOUT,Shelf,,Shelf
5981,12/13/2025 21:4:47,000000000000,Shelf -> Other,1,2025-12-13 21:04:47,TAKEOUT,Shelf,,Shelf
5982,12/13/2025 21:6:37,000000001090,Shelf -> Other,1,2025-12-13 21:06:37,TAKEOUT,Shelf,,Shelf
5983,12/15/2025 20:52:27,000000000000,Shelf -> Other,1,2025-12-15 20:52:27,TAKEOUT,Shelf,,Shelf
5984,12/16/2025 16:52:59,000000000369,Shelf -> Other,1,2025-12-16 16:52:59,TAKEOUT,Shelf,,Shelf
5985,12/16/2025 19:14:5,000000000093,Shelf -> Other,1,2025-12-16 19:14:05,TAKEOUT,Shelf,,Shelf
5986,12/16/2025 19:14:13,000000000055,Shelf -> Other,1,2025-12-16 19:14:13,TAKEOUT,Shelf,,Shelf
5987,12/16/2025 19:14:33,000000000062,Shelf -> Other,1,2025-12-16 19:14:33,TAKEOUT,Shelf,,Shelf
5988,12/16/2025 19:30:37,000000000338,Shelf -> Other,1,2025-12-16 19:30:37,TAKEOUT,Shelf,,Shelf
5989,12/16/2025 19:39:47,000000001113,Shelf -> Other,10,2025-12-16 19:39:47,TAKEOUT,Shelf,,Shelf
5990,12/16/2025 22:3:4,000000000741,RECOUNT - Cage,7,2025-12-16 22:03:04,COUNT,,Cage,Cage
5991,12/16/2025 22:3:54,000000000741,RECOUNT - Shelf,5,2025-12-16 22:03:54,COUNT,,Shelf,Shelf
5992,12/16/2025 22:4:24,000000000741,Delivery -> Cage,15,2025-12-16 22:04:24,RESTOCK,,Cage,Cage
5993,12/16/2025 22:4:35,000000000741,Cage -> Shelf,2,2025-12-16 22:04:35,TRANSFER,Cage,Shelf,Shelf
5994,12/16/2025 22:6:39,000000001090,RECOUNT - Shelf,0,2025-12-16 22:06:39,COUNT,,Shelf,Shelf
5995,12/16/2025 22:6:48,000000001090,RECOUNT - Cage,0,2025-12-16 22:06:48,COUNT,,Cage,Cage
5996,12/16/2025 22:7:4,000000001090,Delivery -> Cage,30,2025-12-16 22:07:04,RESTOCK,,Cage,Cage
5997,12/16/2025 22:7:17,000000001090,Cage -> Shelf,10,2025-12-16 22:07:17,TRANSFER,Cage,Shelf,Shelf
5998,12/16/2025 22:9:22,000000000338,RECOUNT - Cage,26,2025-12-16 22:09:22,COUNT,,Cage,Cage
5999,12/16/2025 22:9:32,000000000338,RECOUNT - Shelf,6,2025-12-16 22:09:32,COUNT,,Shelf,Shelf
6000,12/16/2025 22:11:1,000000000338,Cage -> Shelf,11,2025-12-16 22:11:01,TRANSFER,Cage,Shelf,Shelf
6001,12/16/2025 22:12:21,000000000338,Delivery -> Cage,50,2025-12-16 22:12:21,RESTOCK,,Cage,Cage
6002,12/16/2025 22:15:2,000000000369,RECOUNT - Cage,31,2025-12-16 22:15:02,COUNT,,Cage,Cage
6003,12/16/2025 22:15:27,000000000369,RECOUNT - Shelf,7,2025-12-16 22:15:27,COUNT,,Shelf,Shelf
6004,12/16/2025 22:16:18,000000000369,Cage -> Shelf,10,2025-12-16 22:16:18,TRANSFER,Cage,Shelf,Shelf
6005,12/16/2025 22:17:24,000000000000,RECOUNT - Shelf,4,2025-12-16 22:17:24,COUNT,,Shelf,Shelf
6006,12/16/2025 22:17:36,000000000000,Cage -> Shelf,6,2025-12-16 22:17:36,TRANSFER,Cage,Shelf,Shelf
6007,12/16/2025 22:17:58,000000000000,Delivery -> Cage,24,2025-12-16 22:17:58,RESTOCK,,Cage,Cage
6008,12/16/2025 22:20:17,000000000789,Delivery -> Cage,5,2025-12-16 22:20:17,RESTOCK,,Cage,Cage
6009,12/16/2025 22:20:37,000000000789,Cage -> Shelf,2,2025-12-16 22:20:37,TRANSFER,Cage,Shelf,Shelf
6010,12/16/2025 22:21:50,000000000840,RECOUNT - Shelf,5,2025-12-16 22:21:50,COUNT,,Shelf,Shelf
6011,12/16/2025 22:22:47,000000000840,RECOUNT - Cage,108,2025-12-16 22:22:47,COUNT,,Cage,Cage
6012,12/16/2025 22:23:9,000000000840,Cage -> Shelf,12,2025-12-16 22:23:09,TRANSFER,Cage,Shelf,Shelf
6013,12/16/2025 22:24:29,000000000345,RECOUNT - Shelf,1,2025-12-16 22:24:29,COUNT,,Shelf,Shelf
6014,12/16/2025 22:29:21,000000000345,RECOUNT - Cage,45,2025-12-16 22:29:21,COUNT,,Cage,Cage
6015,12/16/2025 22:29:27,000000000352,RECOUNT - Cage,16,2025-12-16 22:29:27,COUNT,,Cage,Cage
6016,12/16/2025 22:29:45,000000000345,Cage -> Shelf,9,2025-12-16 22:29:45,TRANSFER,Cage,Shelf,Shelf
6017,12/16/2025 22:30:57,000000000079,RECOUNT - Cage,1,2025-12-16 22:30:57,COUNT,,Cage,Cage
6018,12/16/2025 22:31:5,000000000079,Delivery -> Cage,4,2025-12-16 22:31:05,RESTOCK,,Cage,Cage
6019,12/16/2025 22:34:15,000000000864,RECOUNT - Shelf,0,2025-12-16 22:34:15,COUNT,,Shelf,Shelf
6020,12/16/2025 22:34:35,000000000864,Delivery -> Cage,4,2025-12-16 22:34:35,RESTOCK,,Cage,Cage
6021,12/16/2025 22:36:0,000000000055,RECOUNT - Shelf,6,2025-12-16 22:36:00,COUNT,,Shelf,Shelf
6022,12/16/2025 22:39:12,000000000055,Cage -> Shelf,24,2025-12-16 22:39:12,TRANSFER,Cage,Shelf,Shelf
6023,12/16/2025 22:41:20,000000001151,RECOUNT - Shelf,0,2025-12-16 22:41:20,COUNT,,Shelf,Shelf
6024,12/16/2025 22:41:40,000000001151,RECOUNT - Cage,11,2025-12-16 22:41:40,COUNT,,Cage,Cage
6025,12/16/2025 22:41:54,000000001151,Cage -> Shelf,3,2025-12-16 22:41:54,TRANSFER,Cage,Shelf,Shelf
6026,12/16/2025 22:43:27,000000001168,RECOUNT - Shelf,1,2025-12-16 22:43:27,COUNT,,Shelf,Shelf
6027,12/16/2025 22:44:19,000000001168,RECOUNT - Cage,2,2025-12-16 22:44:19,COUNT,,Cage,Cage
6028,12/16/2025 22:44:29,000000001168,Shelf -> Cage,1,2025-12-16 22:44:29,TRANSFER,Shelf,Cage,Cage
6029,12/16/2025 22:45:45,000000000376,RECOUNT - Shelf,6,2025-12-16 22:45:45,COUNT,,Shelf,Shelf
6030,12/16/2025 22:45:57,000000000376,Cage -> Shelf,4,2025-12-16 22:45:57,TRANSFER,Cage,Shelf,Shelf
6031,12/16/2025 22:46:40,000000001120,RECOUNT - Shelf,3,2025-12-16 22:46:40,COUNT,,Shelf,Shelf
6032,12/16/2025 22:47:14,000000001137,RECOUNT - Shelf,5,2025-12-16 22:47:14,COUNT,,Shelf,Shelf
6033,12/16/2025 22:47:56,000000001120,Cage -> Shelf,10,2025-12-16 22:47:56,TRANSFER,Cage,Shelf,Shelf
6034,12/16/2025 22:48:10,000000001137,Cage -> Shelf,5,2025-12-16 22:48:10,TRANSFER,Cage,Shelf,Shelf
6035,12/16/2025 22:54:28,000000000093,Cage -> Shelf,24,2025-12-16 22:54:28,TRANSFER,Cage,Shelf,Shelf
6036,12/16/2025 22:57:51,000000000437,RECOUNT - Shelf,1,2025-12-16 22:57:51,COUNT,,Shelf,Shelf
6037,12/16/2025 22:58:41,000000000437,RECOUNT - Cage,1,2025-12-16 22:58:41,COUNT,,Cage,Cage
6038,12/18/2025 17:15:11,000000000116,Shelf -> Other,1,2025-12-18 17:15:11,TAKEOUT,Shelf,,Shelf
6039,12/18/2025 17:20:37,000000000116,Cage -> Shelf,1,2025-12-18 17:20:37,TRANSFER,Cage,Shelf,Shelf
6040,12/18/2025 17:55:28,000000001151,Shelf -> Other,1,2025-12-18 17:55:28,TAKEOUT,Shelf,,Shelf
6041,12/18/2025 17:55:37,000000000918,Cage -> Other,1,2025-12-18 17:55:37,TAKEOUT,Cage,,Cage
6042,12/18/2025 17:55:41,000000000901,Cage -> Other,1,2025-12-18 17:55:41,TAKEOUT,Cage,,Cage
6043,12/18/2025 17:55:46,000000000864,Cage -> Other,1,2025-12-18 17:55:46,TAKEOUT,Cage,,Cage
6044,12/20/2025 2:53:31,000000000550,Shelf -> Other,1,2025-12-20 02:53:31,TAKEOUT,Shelf,,Shelf
6045,12/20/2025 2:53:55,000000000338,Shelf -> Other,1,2025-12-20 02:53:55,TAKEOUT,Shelf,,Shelf
6046,12/20/2025 2:54:41,000000000536,Shelf -> Other,1,2025-12-20 02:54:41,TAKEOUT,Shelf,,Shelf
6047,12/20/2025 2:54:47,000000000451,Shelf -> Other,1,2025-12-20 02:54:47,TAKEOUT,Shelf,,Shelf
6048,12/20/2025 2:55:8,000000000208,Shelf -> Other,1,2025-12-20 02:55:08,TAKEOUT,Shelf,,Shelf
6049,12/20/2025 2:56:38,000000001007,Cage -> Other,1,2025-12-20 02:56:38,TAKEOUT,Cage,,Cage
6050,12/20/2025 2:57:33,000000001151,Shelf -> Other,1,2025-12-20 02:57:33,TAKEOUT,Shelf,,Shelf
6051,12/20/2025 2:58:5,000000000970,Cage -> Other,1,2025-12-20 02:58:05,TAKEOUT,Cage,,Cage
6052,12/20/2025 3:13:10,000000000536,Cage -> Shelf,3,2025-12-20 03:13:10,TRANSFER,Cage,Shelf,Shelf
6053,12/20/2025 3:13:20,000000000536,RECOUNT - Shelf,4,2025-12-20 03:13:20,COUNT,,Shelf,Shelf
6054,12/20/2025 3:13:40,000000000383,Shelf -> Other,1,2025-12-20 03:13:40,TAKEOUT,Shelf,,Shelf
6055,12/20/2025 3:14:45,000000000383,Cage -> Shelf,2,2025-12-20 03:14:45,TRANSFER,Cage,Shelf,Shelf
6056,12/20/2025 3:26:49,000000001151,Shelf -> Other,1,2025-12-20 03:26:49,TAKEOUT,Shelf,,Shelf
6057,12/20/2025 3:30:37,000000000215,Shelf -> Other,1,2025-12-20 03:30:37,TAKEOUT,Shelf,,Shelf
6058,12/20/2025 3:32:53,000000000536,Shelf -> Other,1,2025-12-20 03:32:53,TAKEOUT,Shelf,,Shelf
6059,12/20/2025 3:33:6,000000000215,Cage -> Other,1,2025-12-20 03:33:06,TAKEOUT,Cage,,Cage
6060,12/20/2025 3:34:7,000000001007,RECOUNT - Cage,2,2025-12-20 03:34:07,COUNT,,Cage,Cage
6061,12/20/2025 3:37:51,000000000451,Cage -> Other,1,2025-12-20 03:37:51,TAKEOUT,Cage,,Cage
6062,12/20/2025 4:8:38,000000001113,Cage -> Other,5,2025-12-20 04:08:38,TAKEOUT,Cage,,Cage
6063,12/21/2025 11:51:27,000000000758,Shelf -> Other,1,2025-12-21 11:51:27,TAKEOUT,Shelf,,Shelf
6064,12/21/2025 13:25:53,000000000758,Shelf -> Other,1,2025-12-21 13:25:53,TAKEOUT,Shelf,,Shelf
6065,12/22/2025 19:40:39,000000000369,Shelf -> Other,1,2025-12-22 19:40:39,TAKEOUT,Shelf,,Shelf
6066,12/22/2025 19:46:51,000000000550,Shelf -> Other,1,2025-12-22 19:46:51,TAKEOUT,Shelf,,Shelf
6067,12/23/2025 13:26:12,000000000840,Shelf -> Other,1,2025-12-23 13:26:12,TAKEOUT,Shelf,,Shelf
6068,12/23/2025 21:50:22,000000000567,Shelf -> Other,1,2025-12-23 21:50:22,TAKEOUT,Shelf,,Shelf
6069,12/23/2025 22:53:16,000000000338,Shelf -> Other,1,2025-12-23 22:53:16,TAKEOUT,Shelf,,Shelf
6070,12/26/2025 10:33:23,000000000567,Shelf -> Other,1,2025-12-26 10:33:23,TAKEOUT,Shelf,,Shelf
6071,12/26/2025 13:58:40,000000000116,Delivery -> Cage,12,2025-12-26 13:58:40,RESTOCK,,Cage,Cage
6072,12/26/2025 16:29:12,000000000338,Shelf -> Other,1,2025-12-26 16:29:12,TAKEOUT,Shelf,,Shelf
6073,12/26/2025 16:32:6,000000001120,Shelf -> Other,1,2025-12-26 16:32:06,TAKEOUT,Shelf,,Shelf
6074,12/26/2025 16:32:15,000000001137,Shelf -> Other,1,2025-12-26 16:32:15,TAKEOUT,Shelf,,Shelf
6075,12/26/2025 16:33:27,000000000451,Shelf -> Other,1,2025-12-26 16:33:27,TAKEOUT,Shelf,,Shelf
6076,12/26/2025 16:33:53,000000000383,Shelf -> Other,1,2025-12-26 16:33:53,TAKEOUT,Shelf,,Shelf
6077,12/26/2025 16:36:56,000000000550,Shelf -> Other,1,2025-12-26 16:36:56,TAKEOUT,Shelf,,Shelf
6078,12/26/2025 16:37:1,000000000840,Shelf -> Other,1,2025-12-26 16:37:01,TAKEOUT,Shelf,,Shelf
6079,12/26/2025 16:41:52,000000000055,Shelf -> Other,2,2025-12-26 16:41:52,TAKEOUT,Shelf,,Shelf
6080,12/26/2025 16:42:25,000000000062,Shelf -> Other,2,2025-12-26 16:42:25,TAKEOUT,Shelf,,Shelf
6081,12/26/2025 16:44:45,000000000109,Shelf -> Other,3,2025-12-26 16:44:45,TAKEOUT,Shelf,,Shelf
6082,12/26/2025 16:45:39,000000000369,Shelf -> Other,1,2025-12-26 16:45:39,TAKEOUT,Shelf,,Shelf
6083,12/27/2025 7:0:0,000000000383,Shelf -> Other,1,2025-12-27 07:00:00,TAKEOUT,Shelf,,Shelf
6084,12/27/2025 7:17:6,000000000574,Shelf -> Other,1,2025-12-27 07:17:06,TAKEOUT,Shelf,,Shelf
6085,12/27/2025 7:17:11,000000000567,Shelf -> Other,1,2025-12-27 07:17:11,TAKEOUT,Shelf,,Shelf
6086,12/27/2025 7:24:23,000000000970,Cage -> Other,1,2025-12-27 07:24:23,TAKEOUT,Cage,,Cage
6087,12/27/2025 14:29:28,000000000635,Shelf -> Other,1,2025-12-27 14:29:28,TAKEOUT,Shelf,,Shelf
6088,12/28/2025 11:58:50,000000000017,Shelf -> Other,1,2025-12-28 11:58:50,TAKEOUT,Shelf,,Shelf
6089,12/28/2025 11:59:0,000000001120,Shelf -> Other,1,2025-12-28 11:59:00,TAKEOUT,Shelf,,Shelf
6090,12/28/2025 13:54:16,000000000369,Shelf -> Other,1,2025-12-28 13:54:16,TAKEOUT,Shelf,,Shelf
6091,12/28/2025 20:59:39,000000000338,Shelf -> Other,1,2025-12-28 20:59:39,TAKEOUT,Shelf,,Shelf
6092,12/28/2025 21:1:2,000000000369,Shelf -> Other,1,2025-12-28 21:01:02,TAKEOUT,Shelf,,Shelf
6093,12/29/2025 17:39:2,000000000307,Shelf -> Other,1,2025-12-29 17:39:02,TAKEOUT,Shelf,,Shelf
6094,12/29/2025 18:0:52,000000000307,Shelf -> Other,1,2025-12-29 18:00:52,TAKEOUT,Shelf,,Shelf
6095,12/30/2025 18:55:29,000000000550,Shelf -> Other,1,2025-12-30 18:55:29,TAKEOUT,Shelf,,Shelf
6096,12/30/2025 18:55:34,000000001090,Shelf -> Other,1,2025-12-30 18:55:34,TAKEOUT,Shelf,,Shelf
6097,12/31/2025 20:47:37,000000000550,Shelf -> Other,1,2025-12-31 20:47:37,TAKEOUT,Shelf,,Shelf
6098,12/31/2025 21:22:17,000000001090,Shelf -> Other,1,2025-12-31 21:22:17,TAKEOUT,Shelf,,Shelf
6099,1/1/2026 15:30:8,000000000338,Shelf -> Other,1,2026-01-01 15:30:08,TAKEOUT,Shelf,,Shelf
6100,1/1/2026 15:43:11,000000000598,Cage -> Other,3,2026-01-01 15:43:11,TAKEOUT,Cage,,Cage
6101,1/1/2026 18:4:8,000000000598,Cage -> Other,4,2026-01-01 18:04:08,TAKEOUT,Cage,,Cage
6102,1/1/2026 18:4:27,000000001014,Cage -> Other,1,2026-01-01 18:04:27,TAKEOUT,Cage,,Cage
6103,1/2/2026 15:29:49,000000000970,Delivery -> Cage,9,2026-01-02 15:29:49,RESTOCK,,Cage,Cage
6104,1/2/2026 15:32:57,000000000550,Cage -> Shelf,4,2026-01-02 15:32:57,TRANSFER,Cage,Shelf,Shelf
6105,1/2/2026 15:33:25,000000000567,Cage -> Shelf,3,2026-01-02 15:33:25,TRANSFER,Cage,Shelf,Shelf
6106,1/2/2026 15:34:0,000000000383,Cage -> Shelf,2,2026-01-02 15:34:00,TRANSFER,Cage,Shelf,Shelf
6107,1/2/2026 15:34:55,000000000062,Cage -> Shelf,16,2026-01-02 15:34:55,TRANSFER,Cage,Shelf,Shelf
6108,1/3/2026 20:55:40,000000000543,Shelf -> Other,1,2026-01-03 20:55:40,TAKEOUT,Shelf,,Shelf
6109,1/3/2026 20:56:13,000000000345,Shelf -> Other,1,2026-01-03 20:56:13,TAKEOUT,Shelf,,Shelf
6110,1/3/2026 20:59:38,000000000321,Shelf -> Other,1,2026-01-03 20:59:38,TAKEOUT,Shelf,,Shelf
6111,1/3/2026 21:2:9,000000001090,Shelf -> Other,1,2026-01-03 21:02:09,TAKEOUT,Shelf,,Shelf
6112,1/3/2026 21:16:11,000000001090,Shelf -> Other,2,2026-01-03 21:16:11,TAKEOUT,Shelf,,Shelf
6113,1/4/2026 9:31:34,000000000338,Shelf -> Other,1,2026-01-04 09:31:34,TAKEOUT,Shelf,,Shelf
6114,1/4/2026 9:31:41,000000000567,Shelf -> Other,1,2026-01-04 09:31:41,TAKEOUT,Shelf,,Shelf
6115,1/4/2026 11:40:48,000000000055,Shelf -> Other,2,2026-01-04 11:40:48,TAKEOUT,Shelf,,Shelf
6116,1/4/2026 11:41:28,000000001120,Shelf -> Other,2,2026-01-04 11:41:28,TAKEOUT,Shelf,,Shelf
6117,1/4/2026 11:41:28,000000001120,Shelf -> Other,2,2026-01-04 11:41:28,TAKEOUT,Shelf,,Shelf
6118,1/4/2026 11:41:50,000000000000,Shelf -> Other,1,2026-01-04 11:41:50,TAKEOUT,Shelf,,Shelf
6119,1/4/2026 11:42:18,000000000062,Shelf -> Other,1,2026-01-04 11:42:18,TAKEOUT,Shelf,,Shelf
6120,1/4/2026 11:42:29,000000000024,Shelf -> Other,4,2026-01-04 11:42:29,TAKEOUT,Shelf,,Shelf
6121,1/4/2026 13:46:23,000000000024,Shelf -> Other,5,2026-01-04 13:46:23,TAKEOUT,Shelf,,Shelf
6122,1/4/2026 13:46:59,000000000017,Shelf -> Other,1,2026-01-04 13:46:59,TAKEOUT,Shelf,,Shelf
6123,1/4/2026 13:50:12,000000000581,Shelf -> Other,1,2026-01-04 13:50:12,TAKEOUT,Shelf,,Shelf
6124,1/5/2026 19:18:23,000000000345,Shelf -> Other,1,2026-01-05 19:18:23,TAKEOUT,Shelf,,Shelf
6125,1/6/2026 16:29:17,000000000338,Shelf -> Other,1,2026-01-06 16:29:17,TAKEOUT,Shelf,,Shelf
6126,1/6/2026 19:58:4,000000000383,Shelf -> Other,1,2026-01-06 19:58:04,TAKEOUT,Shelf,,Shelf
6127,1/7/2026 12:20:54,000000001120,Shelf -> Other,3,2026-01-07 12:20:54,TAKEOUT,Shelf,,Shelf
6128,1/7/2026 18:45:31,000000000550,Shelf -> Other,1,2026-01-07 18:45:31,TAKEOUT,Shelf,,Shelf
6129,1/7/2026 19:13:14,000000001137,Shelf -> Other,2,2026-01-07 19:13:14,TAKEOUT,Shelf,,Shelf
6130,1/7/2026 19:13:20,000000001120,Shelf -> Other,1,2026-01-07 19:13:20,TAKEOUT,Shelf,,Shelf
6131,1/7/2026 19:14:7,000000000840,Shelf -> Other,4,2026-01-07 19:14:07,TAKEOUT,Shelf,,Shelf
6132,1/7/2026 19:14:38,000000000024,Shelf -> Other,4,2026-01-07 19:14:38,TAKEOUT,Shelf,,Shelf
6133,1/7/2026 19:15:2,000000000017,Shelf -> Other,2,2026-01-07 19:15:02,TAKEOUT,Shelf,,Shelf
6134,1/7/2026 19:15:23,000000000062,Shelf -> Other,2,2026-01-07 19:15:23,TAKEOUT,Shelf,,Shelf
6135,1/7/2026 19:15:40,000000000000,Shelf -> Other,1,2026-01-07 19:15:40,TAKEOUT,Shelf,,Shelf
6136,1/7/2026 19:16:19,000000000055,Shelf -> Other,3,2026-01-07 19:16:19,TAKEOUT,Shelf,,Shelf
6137,1/7/2026 19:16:51,000000000093,Shelf -> Other,2,2026-01-07 19:16:51,TAKEOUT,Shelf,,Shelf
6138,1/7/2026 19:17:0,000000000789,Shelf -> Other,1,2026-01-07 19:17:00,TAKEOUT,Shelf,,Shelf
6139,1/7/2026 19:35:22,000000001120,Cage -> Other,4,2026-01-07 19:35:22,TAKEOUT,Cage,,Cage
6140,1/7/2026 19:36:25,000000001120,Cage -> Shelf,10,2026-01-07 19:36:25,TRANSFER,Cage,Shelf,Shelf
6141,1/7/2026 19:39:8,000000000109,Shelf -> Cage,37,2026-01-07 19:39:08,TRANSFER,Shelf,Cage,Cage
6142,1/7/2026 19:42:32,000000000598,Delivery -> Cage,60,2026-01-07 19:42:32,RESTOCK,,Cage,Cage
6143,1/7/2026 19:43:15,000000000598,Delivery -> Cage,36,2026-01-07 19:43:15,RESTOCK,,Cage,Cage
6144,1/7/2026 19:48:10,000000000581,Delivery -> Cage,200,2026-01-07 19:48:10,RESTOCK,,Cage,Cage
6145,1/7/2026 19:48:52,000000000017,RECOUNT - Shelf,8,2026-01-07 19:48:52,COUNT,,Shelf,Shelf
6146,1/7/2026 19:49:36,000000000017,Cage -> Shelf,14,2026-01-07 19:49:36,TRANSFER,Cage,Shelf,Shelf
6147,1/7/2026 20:2:21,000000001113,Delivery -> Cage,100,2026-01-07 20:02:21,RESTOCK,,Cage,Cage
6148,1/7/2026 20:3:56,000000000628,Delivery -> Cage,10,2026-01-07 20:03:56,RESTOCK,,Cage,Cage
6149,1/7/2026 20:4:33,000000000642,Delivery -> Cage,100,2026-01-07 20:04:33,RESTOCK,,Cage,Cage
6150,1/7/2026 20:6:4,000000000628,Cage -> Shelf,5,2026-01-07 20:06:04,TRANSFER,Cage,Shelf,Shelf
6151,1/7/2026 20:6:10,000000000642,Cage -> Shelf,20,2026-01-07 20:06:10,TRANSFER,Cage,Shelf,Shelf
6152,1/7/2026 20:14:6,000000000642,Delivery -> Cage,12,2026-01-07 20:14:06,RESTOCK,,Cage,Cage
6153,1/7/2026 20:26:15,000000001137,Delivery -> Cage,1,2026-01-07 20:26:15,RESTOCK,,Cage,Cage
6154,1/7/2026 20:27:42,000000001137,Shelf -> Other,1,2026-01-07 20:27:42,TAKEOUT,Shelf,,Shelf
6155,1/7/2026 20:29:10,000000000017,Shelf -> Other,1,2026-01-07 20:29:10,TAKEOUT,Shelf,,Shelf
6156,1/8/2026 11:20:6,000000000741,Shelf -> Other,1,2026-01-08 11:20:06,TAKEOUT,Shelf,,Shelf
6157,1/8/2026 11:23:8,000000000550,Shelf -> Other,1,2026-01-08 11:23:08,TAKEOUT,Shelf,,Shelf
6158,1/9/2026 16:17:8,000000001151,Cage -> Shelf,2,2026-01-09 16:17:08,TRANSFER,Cage,Shelf,Shelf
6159,1/9/2026 16:17:44,000000001151,Shelf -> Other,2,2026-01-09 16:17:44,TAKEOUT,Shelf,,Shelf
6160,1/9/2026 21:27:1,000000000338,Shelf -> Other,1,2026-01-09 21:27:01,TAKEOUT,Shelf,,Shelf
6161,1/9/2026 21:27:15,000000001090,Shelf -> Other,1,2026-01-09 21:27:15,TAKEOUT,Shelf,,Shelf
6162,1/10/2026 18:58:58,000000000338,Shelf -> Other,2,2026-01-10 18:58:58,TAKEOUT,Shelf,,Shelf
6163,1/10/2026 18:59:12,000000000369,Shelf -> Other,1,2026-01-10 18:59:12,TAKEOUT,Shelf,,Shelf
6164,1/11/2026 10:54:52,000000000017,Shelf -> Other,3,2026-01-11 10:54:52,TAKEOUT,Shelf,,Shelf
6165,1/11/2026 10:55:47,000000000840,Shelf -> Other,1,2026-01-11 10:55:47,TAKEOUT,Shelf,,Shelf
6166,1/11/2026 10:57:6,000000000024,Shelf -> Other,3,2026-01-11 10:57:06,TAKEOUT,Shelf,,Shelf
6167,1/11/2026 10:58:43,000000001120,Shelf -> Other,1,2026-01-11 10:58:43,TAKEOUT,Shelf,,Shelf
6168,1/11/2026 11:5:18,000000000000,Shelf -> Other,1,2026-01-11 11:05:18,TAKEOUT,Shelf,,Shelf
6169,1/11/2026 11:6:8,000000000024,Shelf -> Other,3,2026-01-11 11:06:08,TAKEOUT,Shelf,,Shelf
6170,1/11/2026 11:19:27,000000000307,Shelf -> Other,1,2026-01-11 11:19:27,TAKEOUT,Shelf,,Shelf
6171,1/11/2026 11:19:40,000000000307,Shelf -> Other,1,2026-01-11 11:19:40,TAKEOUT,Shelf,,Shelf
6172,1/11/2026 11:23:59,000000000840,Shelf -> Other,2,2026-01-11 11:23:59,TAKEOUT,Shelf,,Shelf
6173,1/11/2026 11:27:21,000000000543,Shelf -> Other,1,2026-01-11 11:27:21,TAKEOUT,Shelf,,Shelf
6174,1/11/2026 11:44:32,000000000338,Shelf -> Other,1,2026-01-11 11:44:32,TAKEOUT,Shelf,,Shelf
6175,1/11/2026 16:14:34,000000000024,Shelf -> Other,8,2026-01-11 16:14:34,TAKEOUT,Shelf,,Shelf
6176,1/11/2026 16:14:39,000000000017,Shelf -> Other,1,2026-01-11 16:14:39,TAKEOUT,Shelf,,Shelf
6177,1/11/2026 16:14:49,000000000000,Shelf -> Other,1,2026-01-11 16:14:49,TAKEOUT,Shelf,,Shelf
6178,1/11/2026 23:36:19,000000001120,Shelf -> Other,1,2026-01-11 23:36:19,TAKEOUT,Shelf,,Shelf
6179,1/11/2026 23:36:52,000000000017,Shelf -> Other,1,2026-01-11 23:36:52,TAKEOUT,Shelf,,Shelf
6180,1/12/2026 17:36:26,000000000017,Shelf -> Other,6,2026-01-12 17:36:26,TAKEOUT,Shelf,,Shelf
6181,1/12/2026 17:36:33,000000000000,Shelf -> Other,1,2026-01-12 17:36:33,TAKEOUT,Shelf,,Shelf
6182,1/12/2026 17:36:50,000000000062,Shelf -> Other,1,2026-01-12 17:36:50,TAKEOUT,Shelf,,Shelf
6183,1/13/2026 0:55:48,000000000741,Shelf -> Other,2,2026-01-13 00:55:48,TAKEOUT,Shelf,,Shelf
6184,1/13/2026 9:29:48,000000000369,Shelf -> Other,1,2026-01-13 09:29:48,TAKEOUT,Shelf,,Shelf
6185,1/13/2026 9:30:3,000000000338,Shelf -> Other,1,2026-01-13 09:30:03,TAKEOUT,Shelf,,Shelf
6186,1/15/2026 2:56:5,000000000338,RECOUNT - Shelf,5,2026-01-15 02:56:05,COUNT,,Shelf,Shelf
6187,1/15/2026 2:56:19,000000000338,Cage -> Shelf,10,2026-01-15 02:56:19,TRANSFER,Cage,Shelf,Shelf
6188,1/15/2026 3:0:30,000000000307,Cage -> Shelf,1,2026-01-15 03:00:30,TRANSFER,Cage,Shelf,Shelf
6189,1/15/2026 3:1:5,000000000000,RECOUNT - Shelf,5,2026-01-15 03:01:05,COUNT,,Shelf,Shelf
6190,1/15/2026 3:1:51,000000000000,Cage -> Shelf,7,2026-01-15 03:01:51,TRANSFER,Cage,Shelf,Shelf
6191,1/15/2026 3:6:44,000000000116,Cage -> Other,1,2026-01-15 03:06:44,TAKEOUT,Cage,,Cage
6192,1/15/2026 3:12:53,000000000307,RECOUNT - Shelf,1,2026-01-15 03:12:53,COUNT,,Shelf,Shelf
6193,1/15/2026 3:13:44,000000000109,RECOUNT - Shelf,24,2026-01-15 03:13:44,COUNT,,Shelf,Shelf
6194,1/15/2026 3:14:36,000000000635,RECOUNT - Shelf,3,2026-01-15 03:14:36,COUNT,,Shelf,Shelf
6195,1/15/2026 15:53:16,000000000369,Other -> Shelf,1,2026-01-15 15:53:16,TRANSFER,Other,Shelf,Shelf
6196,1/15/2026 15:54:30,000000000338,Shelf -> Other,2,2026-01-15 15:54:30,TAKEOUT,Shelf,,Shelf
6197,1/15/2026 15:59:38,000000000369,Shelf -> Other,1,2026-01-15 15:59:38,TAKEOUT,Shelf,,Shelf
6198,1/15/2026 16:9:2,000000000017,Shelf -> Other,2,2026-01-15 16:09:02,TAKEOUT,Shelf,,Shelf
6199,1/15/2026 21:40:1,000000000550,Shelf -> Other,1,2026-01-15 21:40:01,TAKEOUT,Shelf,,Shelf
6200,1/17/2026 22:3:35,000000000376,Shelf -> Other,1,2026-01-17 22:03:35,TAKEOUT,Shelf,,Shelf
6201,1/17/2026 22:3:40,000000000345,Shelf -> Other,1,2026-01-17 22:03:40,TAKEOUT,Shelf,,Shelf
6202,1/17/2026 22:13:58,000000000024,Shelf -> Other,12,2026-01-17 22:13:58,TAKEOUT,Shelf,,Shelf
6203,1/17/2026 22:15:54,000000001090,Shelf -> Other,1,2026-01-17 22:15:54,TAKEOUT,Shelf,,Shelf
6204,1/17/2026 22:20:7,000000000567,Shelf -> Other,1,2026-01-17 22:20:07,TAKEOUT,Shelf,,Shelf
6205,1/17/2026 22:20:40,000000000574,Shelf -> Other,1,2026-01-17 22:20:40,TAKEOUT,Shelf,,Shelf
6206,1/18/2026 11:36:2,000000000055,Shelf -> Other,1,2026-01-18 11:36:02,TAKEOUT,Shelf,,Shelf
6207,1/18/2026 11:36:14,000000000017,Shelf -> Other,1,2026-01-18 11:36:14,TAKEOUT,Shelf,,Shelf
6208,1/19/2026 19:37:38,000000001090,Shelf -> Other,1,2026-01-19 19:37:38,TAKEOUT,Shelf,,Shelf
6209,1/19/2026 19:38:3,000000001144,Shelf -> Other,4,2026-01-19 19:38:03,TAKEOUT,Shelf,,Shelf
6210,1/20/2026 16:33:48,000000000369,Shelf -> Other,1,2026-01-20 16:33:48,TAKEOUT,Shelf,,Shelf
6211,1/20/2026 16:33:51,000000000338,Shelf -> Other,1,2026-01-20 16:33:51,TAKEOUT,Shelf,,Shelf
6212,1/20/2026 16:34:24,000000000345,Shelf -> Other,1,2026-01-20 16:34:24,TAKEOUT,Shelf,,Shelf
6213,1/21/2026 20:24:2,000000000369,Delivery -> Cage,50,2026-01-21 20:24:02,RESTOCK,,Cage,Cage
6214,1/21/2026 20:24:15,000000001151,Delivery -> Cage,14,2026-01-21 20:24:15,RESTOCK,,Cage,Cage
6215,1/21/2026 20:24:43,000000000550,Delivery -> Cage,10,2026-01-21 20:24:43,RESTOCK,,Cage,Cage
6216,1/21/2026 20:24:59,000000000239,Delivery -> Cage,2,2026-01-21 20:24:59,RESTOCK,,Cage,Cage
6217,1/21/2026 20:25:5,000000000246,Delivery -> Cage,3,2026-01-21 20:25:05,RESTOCK,,Cage,Cage
6218,1/21/2026 20:25:10,000000000253,Delivery -> Cage,2,2026-01-21 20:25:10,RESTOCK,,Cage,Cage
6219,1/21/2026 20:25:18,000000000284,Delivery -> Cage,2,2026-01-21 20:25:18,RESTOCK,,Cage,Cage
6220,1/21/2026 20:25:25,000000000291,Delivery -> Cage,2,2026-01-21 20:25:25,RESTOCK,,Cage,Cage
6221,1/21/2026 20:25:32,000000000307,Delivery -> Cage,4,2026-01-21 20:25:32,RESTOCK,,Cage,Cage
6222,1/21/2026 20:26:38,000000001151,Cage -> Shelf,2,2026-01-21 20:26:38,TRANSFER,Cage,Shelf,Shelf
6223,1/21/2026 20:27:40,000000001151,Shelf -> Cage,1,2026-01-21 20:27:40,TRANSFER,Shelf,Cage,Cage
6224,1/21/2026 20:29:20,000000000369,RECOUNT - Shelf,8,2026-01-21 20:29:20,COUNT,,Shelf,Shelf
6225,1/21/2026 20:30:6,000000000369,Cage -> Shelf,21,2026-01-21 20:30:06,TRANSFER,Cage,Shelf,Shelf
6226,1/21/2026 20:31:20,000000000550,Cage -> Shelf,3,2026-01-21 20:31:20,TRANSFER,Cage,Shelf,Shelf
6227,1/21/2026 20:32:45,000000000550,Cage -> Shelf,4,2026-01-21 20:32:45,TRANSFER,Cage,Shelf,Shelf
6228,1/21/2026 20:33:16,000000000574,Cage -> Shelf,1,2026-01-21 20:33:16,TRANSFER,Cage,Shelf,Shelf
6229,1/21/2026 20:33:21,000000000567,Cage -> Shelf,2,2026-01-21 20:33:21,TRANSFER,Cage,Shelf,Shelf
6230,1/21/2026 20:35:3,000000001090,Cage -> Shelf,5,2026-01-21 20:35:03,TRANSFER,Cage,Shelf,Shelf
6231,1/21/2026 20:37:57,000000000284,Cage -> Shelf,1,2026-01-21 20:37:57,TRANSFER,Cage,Shelf,Shelf
6232,1/21/2026 20:38:2,000000000307,Cage -> Shelf,1,2026-01-21 20:38:02,TRANSFER,Cage,Shelf,Shelf
6233,1/21/2026 20:45:40,000000000017,Cage -> Shelf,13,2026-01-21 20:45:40,TRANSFER,Cage,Shelf,Shelf
6234,1/21/2026 20:47:24,000000000086,Delivery -> Cage,15,2026-01-21 20:47:24,RESTOCK,,Cage,Cage
6235,1/23/2026 7:1:4,000000001090,Shelf -> Other,1,2026-01-23 07:01:04,TAKEOUT,Shelf,,Shelf
6236,1/23/2026 7:1:19,000000000369,Shelf -> Other,1,2026-01-23 07:01:19,TAKEOUT,Shelf,,Shelf
6237,1/23/2026 20:5:17,000000001120,Shelf -> Other,4,2026-01-23 20:05:17,TAKEOUT,Shelf,,Shelf
6238,1/23/2026 20:7:37,000000000369,Shelf -> Other,1,2026-01-23 20:07:37,TAKEOUT,Shelf,,Shelf
6239,1/23/2026 20:7:47,000000000338,Shelf -> Other,2,2026-01-23 20:07:47,TAKEOUT,Shelf,,Shelf
6240,1/23/2026 20:9:48,000000001090,Shelf -> Other,1,2026-01-23 20:09:48,TAKEOUT,Shelf,,Shelf
6241,1/24/2026 19:51:25,000000000567,Shelf -> Other,1,2026-01-24 19:51:25,TAKEOUT,Shelf,,Shelf
6242,1/24/2026 19:51:31,000000000338,Shelf -> Other,1,2026-01-24 19:51:31,TAKEOUT,Shelf,,Shelf
6243,1/24/2026 23:30:19,000000001151,Shelf -> Other,1,2026-01-24 23:30:19,TAKEOUT,Shelf,,Shelf
6244,1/25/2026 7:2:34,000000000253,Shelf -> Other,1,2026-01-25 07:02:34,TAKEOUT,Shelf,,Shelf
6245,1/25/2026 7:3:56,000000000307,Shelf -> Other,1,2026-01-25 07:03:56,TAKEOUT,Shelf,,Shelf
6246,1/25/2026 8:9:32,000000000338,Shelf -> Other,2,2026-01-25 08:09:32,TAKEOUT,Shelf,,Shelf
6247,1/25/2026 8:10:19,000000000970,Cage -> Other,5,2026-01-25 08:10:19,TAKEOUT,Cage,,Cage
6248,1/25/2026 23:33:29,000000000369,Shelf -> Other,1,2026-01-25 23:33:29,TAKEOUT,Shelf,,Shelf
6249,1/27/2026 18:14:1,000000000970,Cage -> Other,1,2026-01-27 18:14:01,TAKEOUT,Cage,,Cage
6250,1/27/2026 18:14:6,000000000864,Cage -> Other,1,2026-01-27 18:14:06,TAKEOUT,Cage,,Cage
6251,1/27/2026 21:29:41,000000001113,Shelf -> Other,9,2026-01-27 21:29:41,TAKEOUT,Shelf,,Shelf
6252,1/27/2026 21:29:47,000000000109,Shelf -> Other,5,2026-01-27 21:29:47,TAKEOUT,Shelf,,Shelf
6253,1/28/2026 19:49:1,000000000345,Shelf -> Other,4,2026-01-28 19:49:01,TAKEOUT,Shelf,,Shelf
6254,1/28/2026 19:49:15,000000000369,Shelf -> Other,8,2026-01-28 19:49:15,TAKEOUT,Shelf,,Shelf
6255,1/28/2026 19:49:22,000000000338,Shelf -> Other,8,2026-01-28 19:49:22,TAKEOUT,Shelf,,Shelf
6256,1/29/2026 21:8:1,000000000338,Cage -> Shelf,10,2026-01-29 21:08:01,TRANSFER,Cage,Shelf,Shelf
6257,1/31/2026 20:12:18,000000000574,Shelf -> Other,2,2026-01-31 20:12:18,TAKEOUT,Shelf,,Shelf
6258,1/31/2026 20:20:27,000000001045,Shelf -> Other,1,2026-01-31 20:20:27,TAKEOUT,Shelf,,Shelf
6259,2/1/2026 7:4:14,000000000369,Shelf -> Other,1,2026-02-01 07:04:14,TAKEOUT,Shelf,,Shelf
6260,2/1/2026 7:4:18,000000000338,Shelf -> Other,1,2026-02-01 07:04:18,TAKEOUT,Shelf,,Shelf
6261,2/1/2026 18:11:29,000000000369,Shelf -> Other,1,2026-02-01 18:11:29,TAKEOUT,Shelf,,Shelf
6262,2/1/2026 18:11:45,000000000338,Shelf -> Other,1,2026-02-01 18:11:45,TAKEOUT,Shelf,,Shelf
6263,2/2/2026 19:35:1,000000000338,Shelf -> Other,1,2026-02-02 19:35:01,TAKEOUT,Shelf,,Shelf
6264,2/2/2026 19:52:7,000000001045,Shelf -> Other,1,2026-02-02 19:52:07,TAKEOUT,Shelf,,Shelf
6265,2/2/2026 19:52:40,000000000062,Shelf -> Other,1,2026-02-02 19:52:40,TAKEOUT,Shelf,,Shelf
6266,2/2/2026 20:12:51,000000000345,Cage -> Shelf,3,2026-02-02 20:12:51,TRANSFER,Cage,Shelf,Shelf
6267,2/2/2026 20:14:6,000000001120,Cage -> Shelf,4,2026-02-02 20:14:06,TRANSFER,Cage,Shelf,Shelf
6268,2/2/2026 21:25:26,000000000345,Shelf -> Other,2,2026-02-02 21:25:26,TAKEOUT,Shelf,,Shelf
6269,2/2/2026 21:27:29,000000000376,Shelf -> Other,2,2026-02-02 21:27:29,TAKEOUT,Shelf,,Shelf
6270,2/3/2026 19:39:14,000000000000,Shelf -> Other,1,2026-02-03 19:39:14,TAKEOUT,Shelf,,Shelf
6271,2/3/2026 19:39:20,000000000024,Shelf -> Other,8,2026-02-03 19:39:20,TAKEOUT,Shelf,,Shelf
6272,2/3/2026 19:39:24,000000000062,Shelf -> Other,1,2026-02-03 19:39:24,TAKEOUT,Shelf,,Shelf
6273,2/3/2026 19:39:28,000000001090,Shelf -> Other,1,2026-02-03 19:39:28,TAKEOUT,Shelf,,Shelf
6274,2/3/2026 19:41:0,000000001120,Shelf -> Other,1,2026-02-03 19:41:00,TAKEOUT,Shelf,,Shelf
6275,2/4/2026 21:28:39,000000000369,Delivery -> Cage,50,2026-02-04 21:28:39,RESTOCK,,Cage,Cage
6276,2/4/2026 21:30:43,000000000369,Cage -> Shelf,10,2026-02-04 21:30:43,TRANSFER,Cage,Shelf,Shelf
6277,2/4/2026 21:31:40,000000000338,Cage -> Shelf,4,2026-02-04 21:31:40,TRANSFER,Cage,Shelf,Shelf
6278,2/4/2026 21:32:21,000000000376,RECOUNT - Shelf,7,2026-02-04 21:32:21,COUNT,,Shelf,Shelf
6279,2/4/2026 21:32:47,000000000376,Cage -> Shelf,3,2026-02-04 21:32:47,TRANSFER,Cage,Shelf,Shelf
6280,2/4/2026 21:34:51,000000000345,Cage -> Shelf,2,2026-02-04 21:34:51,TRANSFER,Cage,Shelf,Shelf
6281,2/4/2026 21:52:3,000000000345,Other -> Shelf,2,2026-02-04 21:52:03,TRANSFER,Other,Shelf,Shelf
6282,2/4/2026 21:52:18,000000000338,Other -> Shelf,1,2026-02-04 21:52:18,TRANSFER,Other,Shelf,Shelf
6283,2/5/2026 11:29:59,000000000741,Shelf -> Other,2,2026-02-05 11:29:59,TAKEOUT,Shelf,,Shelf
6284,2/5/2026 16:31:20,000000000567,Shelf -> Other,1,2026-02-05 16:31:20,TAKEOUT,Shelf,,Shelf
6285,2/5/2026 16:31:49,000000000550,Shelf -> Other,1,2026-02-05 16:31:49,TAKEOUT,Shelf,,Shelf
6286,2/5/2026 21:45:28,000000000550,Shelf -> Other,1,2026-02-05 21:45:28,TAKEOUT,Shelf,,Shelf
6287,2/5/2026 21:45:52,000000000338,Shelf -> Other,1,2026-02-05 21:45:52,TAKEOUT,Shelf,,Shelf
6288,2/6/2026 4:51:52,000000001090,Shelf -> Other,1,2026-02-06 04:51:52,TAKEOUT,Shelf,,Shelf
6289,2/6/2026 20:35:14,000000001137,Shelf -> Other,1,2026-02-06 20:35:14,TAKEOUT,Shelf,,Shelf
6290,2/7/2026 6:45:19,000000000338,Shelf -> Other,2,2026-02-07 06:45:19,TAKEOUT,Shelf,,Shelf
6291,2/7/2026 6:45:30,000000000017,Shelf -> Other,1,2026-02-07 06:45:30,TAKEOUT,Shelf,,Shelf
6292,2/8/2026 13:10:39,000000001090,Cage -> Shelf,4,2026-02-08 13:10:39,TRANSFER,Cage,Shelf,Shelf
6293,2/8/2026 14:41:20,000000001090,Shelf -> Other,2,2026-02-08 14:41:20,TAKEOUT,Shelf,,Shelf
6294,2/8/2026 14:50:31,000000000369,Shelf -> Other,1,2026-02-08 14:50:31,TAKEOUT,Shelf,,Shelf
6295,2/8/2026 15:1:15,000000001137,Shelf -> Other,1,2026-02-08 15:01:15,TAKEOUT,Shelf,,Shelf
6296,2/8/2026 15:38:20,000000000321,Shelf -> Other,6,2026-02-08 15:38:20,TAKEOUT,Shelf,,Shelf
6297,2/8/2026 15:44:3,000000000369,Shelf -> Other,2,2026-02-08 15:44:03,TAKEOUT,Shelf,,Shelf
6298,2/8/2026 15:52:46,000000001120,Shelf -> Other,1,2026-02-08 15:52:46,TAKEOUT,Shelf,,Shelf
6299,2/9/2026 17:10:42,000000000369,Shelf -> Other,2,2026-02-09 17:10:42,TAKEOUT,Shelf,,Shelf
6300,2/11/2026 3:23:22,000000000024,Shelf -> Other,10,2026-02-11 03:23:22,TAKEOUT,Shelf,,Shelf
6301,2/11/2026 3:23:31,000000000017,Shelf -> Other,5,2026-02-11 03:23:31,TAKEOUT,Shelf,,Shelf
6302,2/11/2026 3:23:57,000000000055,Shelf -> Other,2,2026-02-11 03:23:57,TAKEOUT,Shelf,,Shelf
6303,2/11/2026 3:24:2,000000000062,Shelf -> Other,1,2026-02-11 03:24:02,TAKEOUT,Shelf,,Shelf
6304,2/11/2026 3:24:6,000000000062,Shelf -> Other,1,2026-02-11 03:24:06,TAKEOUT,Shelf,,Shelf
6305,2/11/2026 4:4:52,000000001090,Shelf -> Other,1,2026-02-11 04:04:52,TAKEOUT,Shelf,,Shelf
6306,2/11/2026 4:5:5,000000000017,Shelf -> Other,2,2026-02-11 04:05:05,TAKEOUT,Shelf,,Shelf
6307,2/11/2026 4:38:32,000000000451,Shelf -> Other,1,2026-02-11 04:38:32,TAKEOUT,Shelf,,Shelf
6308,2/11/2026 4:38:37,000000000536,Shelf -> Other,1,2026-02-11 04:38:37,TAKEOUT,Shelf,,Shelf
6309,2/11/2026 4:38:54,000000000000,Shelf -> Other,1,2026-02-11 04:38:54,TAKEOUT,Shelf,,Shelf
6310,2/11/2026 4:40:20,000000000499,Shelf -> Other,1,2026-02-11 04:40:20,TAKEOUT,Shelf,,Shelf
6311,2/11/2026 11:17:31,000000000369,Shelf -> Other,1,2026-02-11 11:17:31,TAKEOUT,Shelf,,Shelf
6312,2/11/2026 15:3:27,000000000550,Shelf -> Other,1,2026-02-11 15:03:27,TAKEOUT,Shelf,,Shelf
6313,2/11/2026 15:33:26,000000000338,Shelf -> Other,1,2026-02-11 15:33:26,TAKEOUT,Shelf,,Shelf
6314,2/11/2026 21:24:23,000000001137,Cage -> Shelf,5,2026-02-11 21:24:23,TRANSFER,Cage,Shelf,Shelf
6315,2/11/2026 21:26:52,000000000741,Cage -> Shelf,5,2026-02-11 21:26:52,TRANSFER,Cage,Shelf,Shelf
6316,2/11/2026 21:30:32,000000000758,Cage -> Shelf,2,2026-02-11 21:30:32,TRANSFER,Cage,Shelf,Shelf
6317,2/11/2026 21:31:51,000000000758,RECOUNT - Shelf,3,2026-02-11 21:31:51,COUNT,,Shelf,Shelf
6318,2/11/2026 21:33:12,000000000062,Cage -> Shelf,12,2026-02-11 21:33:12,TRANSFER,Cage,Shelf,Shelf
6319,2/11/2026 21:34:53,000000000451,Cage -> Shelf,2,2026-02-11 21:34:53,TRANSFER,Cage,Shelf,Shelf
6320,2/11/2026 21:35:3,000000000536,Cage -> Other,1,2026-02-11 21:35:03,TAKEOUT,Cage,,Cage
6321,2/11/2026 21:36:26,000000000321,RECOUNT - Shelf,13,2026-02-11 21:36:26,COUNT,,Shelf,Shelf
6322,2/11/2026 21:39:57,000000000550,RECOUNT - Shelf,8,2026-02-11 21:39:57,COUNT,,Shelf,Shelf
6323,2/11/2026 21:40:9,000000000550,Cage -> Shelf,4,2026-02-11 21:40:09,TRANSFER,Cage,Shelf,Shelf
6324,2/11/2026 21:41:24,000000000567,RECOUNT - Shelf,3,2026-02-11 21:41:24,COUNT,,Shelf,Shelf
6325,2/11/2026 21:41:29,000000000574,RECOUNT - Shelf,2,2026-02-11 21:41:29,COUNT,,Shelf,Shelf
6326,2/11/2026 21:41:34,000000001090,RECOUNT - Shelf,3,2026-02-11 21:41:34,COUNT,,Shelf,Shelf
6327,2/11/2026 21:41:48,000000000567,Cage -> Shelf,5,2026-02-11 21:41:48,TRANSFER,Cage,Shelf,Shelf
6328,2/11/2026 21:43:40,000000000574,Cage -> Shelf,4,2026-02-11 21:43:40,TRANSFER,Cage,Shelf,Shelf
6329,2/11/2026 21:45:3,000000000116,RECOUNT - Shelf,1,2026-02-11 21:45:03,COUNT,,Shelf,Shelf
6330,2/11/2026 21:45:13,000000000116,RECOUNT - Cage,13,2026-02-11 21:45:13,COUNT,,Cage,Cage
6331,2/11/2026 21:46:21,000000001090,RECOUNT - Shelf,3,2026-02-11 21:46:21,COUNT,,Shelf,Shelf
6332,2/11/2026 21:46:53,000000001090,Cage -> Shelf,5,2026-02-11 21:46:53,TRANSFER,Cage,Shelf,Shelf
6333,2/12/2026 17:17:53,000000000338,Cage -> Shelf,1,2026-02-12 17:17:53,TRANSFER,Cage,Shelf,Shelf
6334,2/13/2026 9:43:1,000000000369,Cage -> Shelf,1,2026-02-13 09:43:01,TRANSFER,Cage,Shelf,Shelf
6335,2/13/2026 16:1:35,000000000383,Cage -> Shelf,1,2026-02-13 16:01:35,TRANSFER,Cage,Shelf,Shelf
6336,2/13/2026 16:2:55,000000000338,Shelf -> Other,1,2026-02-13 16:02:55,TAKEOUT,Shelf,,Shelf
6337,2/13/2026 21:42:5,000000000024,Shelf -> Other,10,2026-02-13 21:42:05,TAKEOUT,Shelf,,Shelf
6338,2/13/2026 21:42:14,000000000017,Shelf -> Other,2,2026-02-13 21:42:14,TAKEOUT,Shelf,,Shelf
6339,2/13/2026 21:42:19,000000000000,Shelf -> Other,1,2026-02-13 21:42:19,TAKEOUT,Shelf,,Shelf
6340,2/13/2026 21:42:32,000000000062,Shelf -> Other,2,2026-02-13 21:42:32,TAKEOUT,Shelf,,Shelf
6341,2/14/2026 20:47:49,000000000567,Shelf -> Other,1,2026-02-14 20:47:49,TAKEOUT,Shelf,,Shelf
6342,2/14/2026 20:48:27,000000000543,Shelf -> Other,1,2026-02-14 20:48:27,TAKEOUT,Shelf,,Shelf
6343,2/14/2026 21:43:22,000000000543,Shelf -> Other,1,2026-02-14 21:43:22,TAKEOUT,Shelf,,Shelf
6344,2/16/2026 1:5:48,000000000338,Shelf -> Other,1,2026-02-16 01:05:48,TAKEOUT,Shelf,,Shelf
6345,2/16/2026 1:5:53,000000000062,Shelf -> Other,1,2026-02-16 01:05:53,TAKEOUT,Shelf,,Shelf
6346,2/16/2026 12:44:17,000000000116,Shelf -> Other,1,2026-02-16 12:44:17,TAKEOUT,Shelf,,Shelf
6347,2/16/2026 19:39:37,000000000369,Shelf -> Other,2,2026-02-16 19:39:37,TAKEOUT,Shelf,,Shelf
6348,2/16/2026 19:40:21,000000000024,Shelf -> Other,3,2026-02-16 19:40:21,TAKEOUT,Shelf,,Shelf
6349,2/17/2026 16:4:55,000000000567,Shelf -> Other,1,2026-02-17 16:04:55,TAKEOUT,Shelf,,Shelf
6350,2/17/2026 16:5:15,000000000345,Shelf -> Other,1,2026-02-17 16:05:15,TAKEOUT,Shelf,,Shelf
6351,2/17/2026 16:5:48,000000000376,Shelf -> Other,1,2026-02-17 16:05:48,TAKEOUT,Shelf,,Shelf
6352,2/18/2026 9:46:4,000000000024,Shelf -> Other,1,2026-02-18 09:46:04,TAKEOUT,Shelf,,Shelf
6353,2/18/2026 22:2:59,000000001090,Delivery -> Cage,10,2026-02-18 22:02:59,RESTOCK,,Cage,Cage
6354,2/18/2026 22:3:13,000000000567,Delivery -> Cage,10,2026-02-18 22:03:13,RESTOCK,,Cage,Cage
6355,2/18/2026 22:3:18,000000000550,Delivery -> Cage,10,2026-02-18 22:03:18,RESTOCK,,Cage,Cage
6356,2/18/2026 22:6:30,000000000758,Delivery -> Cage,10,2026-02-18 22:06:30,RESTOCK,,Cage,Cage
6357,2/18/2026 22:7:30,000000000338,RECOUNT - Shelf,6,2026-02-18 22:07:30,COUNT,,Shelf,Shelf
6358,2/18/2026 22:7:51,000000000369,RECOUNT - Shelf,16,2026-02-18 22:07:51,COUNT,,Shelf,Shelf
6359,2/18/2026 22:9:23,000000000376,RECOUNT - Shelf,10,2026-02-18 22:09:23,COUNT,,Shelf,Shelf
6360,2/18/2026 22:11:17,000000000024,RECOUNT - Shelf,13,2026-02-18 22:11:17,COUNT,,Shelf,Shelf
6361,2/18/2026 22:13:21,000000000017,RECOUNT - Shelf,10,2026-02-18 22:13:21,COUNT,,Shelf,Shelf
6362,2/18/2026 22:13:56,000000000000,RECOUNT - Shelf,9,2026-02-18 22:13:56,COUNT,,Shelf,Shelf
6363,2/18/2026 22:15:6,000000000062,RECOUNT - Shelf,16,2026-02-18 22:15:06,COUNT,,Shelf,Shelf
6364,2/18/2026 22:16:16,000000000253,RECOUNT - Shelf,2,2026-02-18 22:16:16,COUNT,,Shelf,Shelf
6365,2/18/2026 22:16:42,000000000307,RECOUNT - Shelf,1,2026-02-18 22:16:42,COUNT,,Shelf,Shelf
6366,2/18/2026 22:16:50,000000000307,Cage -> Shelf,1,2026-02-18 22:16:50,TRANSFER,Cage,Shelf,Shelf
6367,2/18/2026 22:17:2,000000000062,Cage -> Shelf,12,2026-02-18 22:17:02,TRANSFER,Cage,Shelf,Shelf
6368,2/18/2026 22:17:15,000000000000,Cage -> Shelf,6,2026-02-18 22:17:15,TRANSFER,Cage,Shelf,Shelf
6369,2/18/2026 22:17:37,000000000017,Cage -> Shelf,12,2026-02-18 22:17:37,TRANSFER,Cage,Shelf,Shelf
6370,2/18/2026 22:18:11,000000000024,Cage -> Shelf,55,2026-02-18 22:18:11,TRANSFER,Cage,Shelf,Shelf
6371,2/18/2026 22:18:22,000000000055,Cage -> Shelf,12,2026-02-18 22:18:22,TRANSFER,Cage,Shelf,Shelf
6372,2/18/2026 22:18:31,000000000369,Cage -> Shelf,6,2026-02-18 22:18:31,TRANSFER,Cage,Shelf,Shelf
6373,2/18/2026 22:18:36,000000000338,Cage -> Shelf,5,2026-02-18 22:18:36,TRANSFER,Cage,Shelf,Shelf
6374,2/18/2026 22:18:45,000000000536,RECOUNT - Shelf,2,2026-02-18 22:18:45,COUNT,,Shelf,Shelf
6375,2/18/2026 22:18:54,000000000536,Cage -> Shelf,2,2026-02-18 22:18:54,TRANSFER,Cage,Shelf,Shelf
6376,2/18/2026 22:19:19,000000001120,RECOUNT - Shelf,8,2026-02-18 22:19:19,COUNT,,Shelf,Shelf
6377,2/18/2026 22:19:35,000000001137,RECOUNT - Shelf,9,2026-02-18 22:19:35,COUNT,,Shelf,Shelf
6378,2/18/2026 22:20:7,000000000116,Cage -> Shelf,1,2026-02-18 22:20:07,TRANSFER,Cage,Shelf,Shelf
6379,2/18/2026 22:20:57,000000001113,Shelf -> Other,6,2026-02-18 22:20:57,TAKEOUT,Shelf,,Shelf
6380,2/19/2026 20:52:28,000000000499,Cage -> Other,3,2026-02-19 20:52:28,TAKEOUT,Cage,,Cage
6381,2/19/2026 23:46:46,000000000550,Shelf -> Other,1,2026-02-19 23:46:46,TAKEOUT,Shelf,,Shelf
6382,2/20/2026 14:9:5,000000000567,Shelf -> Other,3,2026-02-20 14:09:05,TAKEOUT,Shelf,,Shelf
6383,2/20/2026 21:28:47,000000000338,Shelf -> Other,2,2026-02-20 21:28:47,TAKEOUT,Shelf,,Shelf
6384,2/20/2026 21:35:1,000000000017,Shelf -> Other,4,2026-02-20 21:35:01,TAKEOUT,Shelf,,Shelf
6385,2/20/2026 21:37:2,000000001090,Shelf -> Other,1,2026-02-20 21:37:02,TAKEOUT,Shelf,,Shelf
6386,2/21/2026 21:36:15,000000000369,Shelf -> Other,1,2026-02-21 21:36:15,TAKEOUT,Shelf,,Shelf
6387,2/21/2026 22:16:47,000000000574,Shelf -> Other,1,2026-02-21 22:16:47,TAKEOUT,Shelf,,Shelf
6388,2/23/2026 11:33:30,000000000338,Shelf -> Other,1,2026-02-23 11:33:30,TAKEOUT,Shelf,,Shelf
6389,2/23/2026 11:33:48,000000000567,Shelf -> Other,1,2026-02-23 11:33:48,TAKEOUT,Shelf,,Shelf
6390,2/23/2026 11:38:52,000000000406,Other -> Shelf,1,2026-02-23 11:38:52,TRANSFER,Other,Shelf,Shelf
6391,2/23/2026 11:38:59,000000000017,Other -> Shelf,3,2026-02-23 11:38:59,TRANSFER,Other,Shelf,Shelf
6392,2/23/2026 11:39:46,000000000284,Other -> Shelf,1,2026-02-23 11:39:46,TRANSFER,Other,Shelf,Shelf
6393,2/23/2026 11:40:25,000000000345,Other -> Shelf,3,2026-02-23 11:40:25,TRANSFER,Other,Shelf,Shelf
6394,2/23/2026 11:40:40,000000000369,Other -> Shelf,1,2026-02-23 11:40:40,TRANSFER,Other,Shelf,Shelf
6395,2/23/2026 11:40:49,000000000376,Other -> Shelf,3,2026-02-23 11:40:49,TRANSFER,Other,Shelf,Shelf
6396,2/23/2026 11:41:55,000000000475,Other -> Shelf,1,2026-02-23 11:41:55,TRANSFER,Other,Shelf,Shelf
6397,2/24/2026 18:41:40,000000000338,Shelf -> Other,2,2026-02-24 18:41:40,TAKEOUT,Shelf,,Shelf
6398,2/26/2026 13:48:41,000000001120,Shelf -> Other,1,2026-02-26 13:48:41,TAKEOUT,Shelf,,Shelf
6399,2/26/2026 22:55:21,000000000338,RECOUNT - Shelf,6,2026-02-26 22:55:21,COUNT,,Shelf,Shelf
6400,2/26/2026 22:55:28,000000000567,RECOUNT - Shelf,2,2026-02-26 22:55:28,COUNT,,Shelf,Shelf
6401,2/26/2026 22:56:11,000000000338,Cage -> Shelf,8,2026-02-26 22:56:11,TRANSFER,Cage,Shelf,Shelf
6402,2/26/2026 22:57:54,000000000567,Cage -> Shelf,5,2026-02-26 22:57:54,TRANSFER,Cage,Shelf,Shelf
6403,2/26/2026 23:9:35,000000000093,Shelf -> Other,1,2026-02-26 23:09:35,TAKEOUT,Shelf,,Shelf
6404,2/26/2026 23:58:38,000000000567,Shelf -> Other,1,2026-02-26 23:58:38,TAKEOUT,Shelf,,Shelf
6405,2/27/2026 0:36:42,000000000338,Shelf -> Other,1,2026-02-27 00:36:42,TAKEOUT,Shelf,,Shelf
6406,2/27/2026 0:36:53,000000000437,Shelf -> Other,1,2026-02-27 00:36:53,TAKEOUT,Shelf,,Shelf
6407,2/28/2026 12:47:46,000000000789,Shelf -> Other,1,2026-02-28 12:47:46,TAKEOUT,Shelf,,Shelf
6408,2/28/2026 12:47:55,000000000840,Shelf -> Other,2,2026-02-28 12:47:55,TAKEOUT,Shelf,,Shelf
6409,2/28/2026 12:49:16,000000000062,Shelf -> Other,1,2026-02-28 12:49:16,TAKEOUT,Shelf,,Shelf
6410,2/28/2026 23:1:49,000000000376,Shelf -> Other,1,2026-02-28 23:01:49,TAKEOUT,Shelf,,Shelf
6411,2/28/2026 23:2:22,000000000369,Shelf -> Other,1,2026-02-28 23:02:22,TAKEOUT,Shelf,,Shelf
6412,2/28/2026 23:11:12,000000000000,Shelf -> Other,1,2026-02-28 23:11:12,TAKEOUT,Shelf,,Shelf
6413,2/28/2026 23:15:5,000000001045,Shelf -> Other,1,2026-02-28 23:15:05,TAKEOUT,Shelf,,Shelf
6414,2/28/2026 23:31:28,000000001090,Shelf -> Other,1,2026-02-28 23:31:28,TAKEOUT,Shelf,,Shelf
6415,3/1/2026 6:32:16,000000000574,Shelf -> Other,1,2026-03-01 06:32:16,TAKEOUT,Shelf,,Shelf
6416,3/1/2026 6:32:22,000000000550,Shelf -> Other,1,2026-03-01 06:32:22,TAKEOUT,Shelf,,Shelf
6417,3/1/2026 10:52:43,000000000383,Shelf -> Other,1,2026-03-01 10:52:43,TAKEOUT,Shelf,,Shelf
6418,3/1/2026 11:43:46,000000001007,Shelf -> Other,1,2026-03-01 11:43:46,TAKEOUT,Shelf,,Shelf
6419,3/1/2026 11:44:30,000000000383,Shelf -> Other,1,2026-03-01 11:44:30,TAKEOUT,Shelf,,Shelf
6420,3/1/2026 11:56:25,000000000376,Shelf -> Other,1,2026-03-01 11:56:25,TAKEOUT,Shelf,,Shelf
6421,3/1/2026 20:23:43,000000000062,Shelf -> Other,1,2026-03-01 20:23:43,TAKEOUT,Shelf,,Shelf
6422,3/1/2026 20:24:37,000000000024,Shelf -> Other,4,2026-03-01 20:24:37,TAKEOUT,Shelf,,Shelf
6423,3/3/2026 1:51:13,000000000451,Shelf -> Other,1,2026-03-03 01:51:13,TAKEOUT,Shelf,,Shelf
6424,3/3/2026 15:40:50,000000000345,Shelf -> Other,1,2026-03-03 15:40:50,TAKEOUT,Shelf,,Shelf
6425,3/3/2026 20:19:19,000000000567,Shelf -> Other,1,2026-03-03 20:19:19,TAKEOUT,Shelf,,Shelf
6426,3/3/2026 20:58:29,000000000369,Shelf -> Other,1,2026-03-03 20:58:29,TAKEOUT,Shelf,,Shelf
6427,3/4/2026 14:31:4,000000000550,Shelf -> Other,1,2026-03-04 14:31:04,TAKEOUT,Shelf,,Shelf
6428,3/5/2026 11:11:2,000000000338,Shelf -> Other,1,2026-03-05 11:11:02,TAKEOUT,Shelf,,Shelf
6429,3/5/2026 11:13:35,000000000437,Cage -> Shelf,1,2026-03-05 11:13:35,TRANSFER,Cage,Shelf,Shelf
6430,3/5/2026 11:14:29,000000001045,Cage -> Shelf,2,2026-03-05 11:14:29,TRANSFER,Cage,Shelf,Shelf
6431,3/5/2026 13:47:41,000000000383,RECOUNT - Cage,5,2026-03-05 13:47:41,COUNT,,Cage,Cage
6432,3/5/2026 13:47:48,000000000383,RECOUNT - Shelf,2,2026-03-05 13:47:48,COUNT,,Shelf,Shelf
6433,3/5/2026 13:52:7,000000000406,RECOUNT - Cage,3,2026-03-05 13:52:07,COUNT,,Cage,Cage
6434,3/5/2026 13:52:30,000000000390,RECOUNT - Cage,12,2026-03-05 13:52:30,COUNT,,Cage,Cage
6435,3/5/2026 13:52:47,000000000390,RECOUNT - Shelf,2,2026-03-05 13:52:47,COUNT,,Shelf,Shelf
6436,3/5/2026 13:52:52,000000000406,RECOUNT - Shelf,2,2026-03-05 13:52:52,COUNT,,Shelf,Shelf
6437,3/5/2026 13:52:58,000000000383,RECOUNT - Shelf,2,2026-03-05 13:52:58,COUNT,,Shelf,Shelf
6438,3/5/2026 14:5:59,000000000390,RECOUNT - Cage,13,2026-03-05 14:05:59,COUNT,,Cage,Cage
6439,3/5/2026 23:19:24,000000000376,RECOUNT - Cage,1,2026-03-05 23:19:24,COUNT,,Cage,Cage
6440,3/5/2026 23:19:58,000000000369,RECOUNT - Cage,1,2026-03-05 23:19:58,COUNT,,Cage,Cage
6441,3/6/2026 16:27:34,000000000338,Shelf -> Other,1,2026-03-06 16:27:34,TAKEOUT,Shelf,,Shelf
6442,3/6/2026 16:27:55,000000000437,Shelf -> Other,1,2026-03-06 16:27:55,TAKEOUT,Shelf,,Shelf
6443,3/6/2026 16:28:16,000000000444,Shelf -> Other,1,2026-03-06 16:28:16,TAKEOUT,Shelf,,Shelf
6444,3/6/2026 16:29:40,000000001151,Shelf -> Other,1,2026-03-06 16:29:40,TAKEOUT,Shelf,,Shelf
6445,3/6/2026 20:36:39,000000000499,Shelf -> Other,1,2026-03-06 20:36:39,TAKEOUT,Shelf,,Shelf
6446,3/6/2026 20:50:11,000000001090,Shelf -> Other,1,2026-03-06 20:50:11,TAKEOUT,Shelf,,Shelf
6447,3/6/2026 22:46:27,000000000451,Shelf -> Other,1,2026-03-06 22:46:27,TAKEOUT,Shelf,,Shelf
6448,3/7/2026 8:17:17,000000000062,Shelf -> Other,2,2026-03-07 08:17:17,TAKEOUT,Shelf,,Shelf
6449,3/7/2026 8:17:30,000000000024,Shelf -> Other,2,2026-03-07 08:17:30,TAKEOUT,Shelf,,Shelf
6450,3/8/2026 14:56:45,000000000062,Shelf -> Other,1,2026-03-08 14:56:45,TAKEOUT,Shelf,,Shelf
6451,3/8/2026 14:59:31,000000001144,Shelf -> Other,3,2026-03-08 14:59:31,TAKEOUT,Shelf,,Shelf
6452,3/8/2026 15:0:42,000000000550,Shelf -> Other,1,2026-03-08 15:00:42,TAKEOUT,Shelf,,Shelf
6453,3/8/2026 15:0:48,000000000567,Shelf -> Other,1,2026-03-08 15:00:48,TAKEOUT,Shelf,,Shelf
6454,3/8/2026 15:1:17,000000000055,Shelf -> Other,1,2026-03-08 15:01:17,TAKEOUT,Shelf,,Shelf
6455,3/8/2026 15:1:37,000000000840,Shelf -> Other,2,2026-03-08 15:01:37,TAKEOUT,Shelf,,Shelf
6456,3/8/2026 15:2:59,000000000574,Shelf -> Other,1,2026-03-08 15:02:59,TAKEOUT,Shelf,,Shelf
6457,3/8/2026 15:14:34,000000000338,Shelf -> Other,1,2026-03-08 15:14:34,TAKEOUT,Shelf,,Shelf
6458,3/8/2026 15:16:31,000000000550,Shelf -> Other,1,2026-03-08 15:16:31,TAKEOUT,Shelf,,Shelf
6459,3/8/2026 15:16:35,000000000543,Shelf -> Other,1,2026-03-08 15:16:35,TAKEOUT,Shelf,,Shelf
6460,3/8/2026 15:16:43,000000000550,Shelf -> Other,1,2026-03-08 15:16:43,TAKEOUT,Shelf,,Shelf
6461,3/8/2026 21:7:3,000000001120,Shelf -> Other,1,2026-03-08 21:07:03,TAKEOUT,Shelf,,Shelf
6462,3/9/2026 4:59:20,000000000086,Shelf -> Other,8,2026-03-09 04:59:20,TAKEOUT,Shelf,,Shelf
6463,3/9/2026 4:59:43,000000001113,Shelf -> Other,5,2026-03-09 04:59:43,TAKEOUT,Shelf,,Shelf
6464,3/9/2026 4:59:54,000000000109,Shelf -> Other,3,2026-03-09 04:59:54,TAKEOUT,Shelf,,Shelf
6465,3/9/2026 22:52:29,000000001151,Shelf -> Other,1,2026-03-09 22:52:29,TAKEOUT,Shelf,,Shelf
6466,3/9/2026 22:53:52,000000001151,Cage -> Shelf,2,2026-03-09 22:53:52,TRANSFER,Cage,Shelf,Shelf
6467,3/10/2026 21:4:6,000000000369,Shelf -> Other,1,2026-03-10 21:04:06,TAKEOUT,Shelf,,Shelf
6468,3/10/2026 21:17:9,000000000024,Shelf -> Other,3,2026-03-10 21:17:09,TAKEOUT,Shelf,,Shelf
6469,3/10/2026 21:22:2,000000000567,Shelf -> Other,1,2026-03-10 21:22:02,TAKEOUT,Shelf,,Shelf
6470,3/10/2026 21:27:40,000000000000,Shelf -> Other,2,2026-03-10 21:27:40,TAKEOUT,Shelf,,Shelf
6471,3/11/2026 5:16:50,000000000338,Shelf -> Other,1,2026-03-11 05:16:50,TAKEOUT,Shelf,,Shelf
6472,3/11/2026 5:46:17,000000001151,Shelf -> Other,1,2026-03-11 05:46:17,TAKEOUT,Shelf,,Shelf
6473,3/11/2026 7:36:23,000000000369,Shelf -> Other,1,2026-03-11 07:36:23,TAKEOUT,Shelf,,Shelf
6474,3/11/2026 7:36:35,000000000567,Shelf -> Other,2,2026-03-11 07:36:35,TAKEOUT,Shelf,,Shelf
6475,3/11/2026 7:37:32,000000000338,Shelf -> Other,1,2026-03-11 07:37:32,TAKEOUT,Shelf,,Shelf
6476,3/11/2026 10:32:6,000000000840,Shelf -> Other,2,2026-03-11 10:32:06,TAKEOUT,Shelf,,Shelf
6477,3/11/2026 10:34:31,000000001090,Shelf -> Other,1,2026-03-11 10:34:31,TAKEOUT,Shelf,,Shelf
6478,3/11/2026 15:24:58,000000000369,Shelf -> Other,1,2026-03-11 15:24:58,TAKEOUT,Shelf,,Shelf
6479,3/11/2026 15:25:6,000000000338,Shelf -> Other,1,2026-03-11 15:25:06,TAKEOUT,Shelf,,Shelf
6480,3/11/2026 18:3:1,000000000062,Shelf -> Other,2,2026-03-11 18:03:01,TAKEOUT,Shelf,,Shelf
6481,3/11/2026 21:25:16,000000000338,RECOUNT - Cage,30,2026-03-11 21:25:16,COUNT,,Cage,Cage
6482,3/11/2026 21:25:28,000000000383,RECOUNT - Cage,5,2026-03-11 21:25:28,COUNT,,Cage,Cage
6483,3/11/2026 21:25:44,000000000338,RECOUNT - Shelf,6,2026-03-11 21:25:44,COUNT,,Shelf,Shelf
6484,3/11/2026 21:25:55,000000000369,RECOUNT - Shelf,16,2026-03-11 21:25:55,COUNT,,Shelf,Shelf
6485,3/11/2026 21:26:14,000000000017,RECOUNT - Shelf,20,2026-03-11 21:26:14,COUNT,,Shelf,Shelf
6486,3/11/2026 21:26:23,000000000376,RECOUNT - Shelf,10,2026-03-11 21:26:23,COUNT,,Shelf,Shelf
6487,3/11/2026 21:26:29,000000000840,RECOUNT - Shelf,4,2026-03-11 21:26:29,COUNT,,Shelf,Shelf
6488,3/11/2026 21:26:34,000000000789,RECOUNT - Shelf,1,2026-03-11 21:26:34,COUNT,,Shelf,Shelf
6489,3/11/2026 21:26:53,000000000338,Delivery -> Cage,50,2026-03-11 21:26:53,RESTOCK,,Cage,Cage
6490,3/11/2026 21:27:1,000000000383,Delivery -> Cage,10,2026-03-11 21:27:01,RESTOCK,,Cage,Cage
6491,3/11/2026 21:27:16,000000000437,Delivery -> Cage,2,2026-03-11 21:27:16,RESTOCK,,Cage,Cage
6492,3/11/2026 21:27:23,000000000437,Cage -> Shelf,1,2026-03-11 21:27:23,TRANSFER,Cage,Shelf,Shelf
6493,3/11/2026 21:27:35,000000000338,Cage -> Shelf,9,2026-03-11 21:27:35,TRANSFER,Cage,Shelf,Shelf
6494,3/11/2026 21:27:44,000000000369,Cage -> Shelf,15,2026-03-11 21:27:44,TRANSFER,Cage,Shelf,Shelf
6495,3/11/2026 21:27:52,000000000383,Cage -> Shelf,1,2026-03-11 21:27:52,TRANSFER,Cage,Shelf,Shelf
6496,3/11/2026 21:28:10,000000000437,RECOUNT - Cage,1,2026-03-11 21:28:10,COUNT,,Cage,Cage
6497,3/11/2026 21:28:18,000000000437,RECOUNT - Shelf,1,2026-03-11 21:28:18,COUNT,,Shelf,Shelf
6498,3/11/2026 21:28:56,000000000376,Cage -> Shelf,7,2026-03-11 21:28:56,TRANSFER,Cage,Shelf,Shelf
6499,3/11/2026 21:29:5,000000000840,Cage -> Shelf,12,2026-03-11 21:29:05,TRANSFER,Cage,Shelf,Shelf
6500,3/11/2026 21:29:11,000000000789,Cage -> Shelf,2,2026-03-11 21:29:11,TRANSFER,Cage,Shelf,Shelf
6501,3/11/2026 21:29:54,000000000017,Delivery -> Cage,50,2026-03-11 21:29:54,RESTOCK,,Cage,Cage
6502,3/11/2026 21:30:4,000000000017,Cage -> Shelf,25,2026-03-11 21:30:04,TRANSFER,Cage,Shelf,Shelf
6503,3/11/2026 21:30:36,000000001120,Delivery -> Cage,24,2026-03-11 21:30:36,RESTOCK,,Cage,Cage
6504,3/11/2026 21:31:16,000000001120,RECOUNT - Shelf,6,2026-03-11 21:31:16,COUNT,,Shelf,Shelf
6505,3/11/2026 21:32:25,000000001120,Cage -> Shelf,8,2026-03-11 21:32:25,TRANSFER,Cage,Shelf,Shelf
6506,3/11/2026 21:33:41,000000000567,RECOUNT - Shelf,1,2026-03-11 21:33:41,COUNT,,Shelf,Shelf
6507,3/11/2026 21:34:43,000000000567,Cage -> Shelf,7,2026-03-11 21:34:43,TRANSFER,Cage,Shelf,Shelf
6508,3/11/2026 21:35:6,000000000550,RECOUNT - Shelf,7,2026-03-11 21:35:06,COUNT,,Shelf,Shelf
6509,3/11/2026 21:35:13,000000000543,RECOUNT - Shelf,5,2026-03-11 21:35:13,COUNT,,Shelf,Shelf
6510,3/11/2026 21:35:20,000000000574,RECOUNT - Shelf,2,2026-03-11 21:35:20,COUNT,,Shelf,Shelf
6511,3/11/2026 21:36:16,000000000550,Cage -> Shelf,5,2026-03-11 21:36:16,TRANSFER,Cage,Shelf,Shelf
6512,3/11/2026 21:36:41,000000000543,Cage -> Shelf,3,2026-03-11 21:36:41,TRANSFER,Cage,Shelf,Shelf
6513,3/11/2026 21:38:12,000000000574,Cage -> Shelf,6,2026-03-11 21:38:12,TRANSFER,Cage,Shelf,Shelf
6514,3/11/2026 21:38:47,000000001090,RECOUNT - Shelf,4,2026-03-11 21:38:47,COUNT,,Shelf,Shelf
6515,3/11/2026 21:39:1,000000001090,Cage -> Shelf,6,2026-03-11 21:39:01,TRANSFER,Cage,Shelf,Shelf
6516,3/11/2026 21:40:55,000000000543,RECOUNT - Cage,4,2026-03-11 21:40:55,COUNT,,Cage,Cage
6517,3/11/2026 21:40:59,000000000550,RECOUNT - Cage,7,2026-03-11 21:40:59,COUNT,,Cage,Cage
6518,3/11/2026 21:41:4,000000000574,RECOUNT - Cage,10,2026-03-11 21:41:04,COUNT,,Cage,Cage
6519,3/11/2026 21:41:8,000000000567,RECOUNT - Cage,3,2026-03-11 21:41:08,COUNT,,Cage,Cage
6520,3/11/2026 21:43:33,000000000376,RECOUNT - Cage,5,2026-03-11 21:43:33,COUNT,,Cage,Cage
6521,3/11/2026 21:46:18,000000000109,Cage -> Shelf,50,2026-03-11 21:46:18,TRANSFER,Cage,Shelf,Shelf
6522,3/11/2026 22:13:25,000000001151,RECOUNT - Shelf,1,2026-03-11 22:13:25,COUNT,,Shelf,Shelf
6523,3/11/2026 22:13:57,000000001151,RECOUNT - Cage,16,2026-03-11 22:13:57,COUNT,,Cage,Cage
6524,3/11/2026 22:14:12,000000000369,RECOUNT - Cage,69,2026-03-11 22:14:12,COUNT,,Cage,Cage
6525,3/11/2026 22:14:19,000000000376,RECOUNT - Cage,6,2026-03-11 22:14:19,COUNT,,Cage,Cage
6526,3/11/2026 22:14:36,000000001007,RECOUNT - Cage,1,2026-03-11 22:14:36,COUNT,,Cage,Cage
6527,3/11/2026 22:14:44,000000001007,RECOUNT - Shelf,0,2026-03-11 22:14:44,COUNT,,Shelf,Shelf
6528,3/11/2026 22:15:13,000000000086,RECOUNT - Shelf,1,2026-03-11 22:15:13,COUNT,,Shelf,Shelf
6529,3/11/2026 22:15:23,000000000444,RECOUNT - Shelf,0,2026-03-11 22:15:23,COUNT,,Shelf,Shelf
6530,3/11/2026 22:15:50,000000000451,RECOUNT - Shelf,1,2026-03-11 22:15:50,COUNT,,Shelf,Shelf
6531,3/11/2026 22:16:3,000000000451,Cage -> Shelf,2,2026-03-11 22:16:03,TRANSFER,Cage,Shelf,Shelf
6532,3/12/2026 18:0:7,000000000338,Shelf -> Other,1,2026-03-12 18:00:07,TAKEOUT,Shelf,,Shelf
6533,3/13/2026 1:34:56,000000000345,Shelf -> Other,1,2026-03-13 01:34:56,TAKEOUT,Shelf,,Shelf
6534,3/14/2026 18:7:3,000000000024,Shelf -> Other,1,2026-03-14 18:07:03,TAKEOUT,Shelf,,Shelf
6535,3/14/2026 18:7:17,000000000062,Shelf -> Other,1,2026-03-14 18:07:17,TAKEOUT,Shelf,,Shelf
6536,3/15/2026 1:48:56,000000000000,Shelf -> Other,1,2026-03-15 01:48:56,TAKEOUT,Shelf,,Shelf
6537,3/15/2026 1:49:6,000000000024,Shelf -> Other,5,2026-03-15 01:49:06,TAKEOUT,Shelf,,Shelf
6538,3/15/2026 1:49:33,000000000550,Shelf -> Other,1,2026-03-15 01:49:33,TAKEOUT,Shelf,,Shelf
6539,3/15/2026 1:54:44,000000000024,Shelf -> Other,6,2026-03-15 01:54:44,TAKEOUT,Shelf,,Shelf
6540,3/15/2026 9:30:0,000000000574,Shelf -> Other,1,2026-03-15 09:30:00,TAKEOUT,Shelf,,Shelf
6541,3/15/2026 21:50:47,000000000338,Shelf -> Other,1,2026-03-15 21:50:47,TAKEOUT,Shelf,,Shelf
6542,3/15/2026 21:51:3,000000000017,Shelf -> Other,2,2026-03-15 21:51:03,TAKEOUT,Shelf,,Shelf
6543,3/16/2026 12:30:58,000000000369,Shelf -> Other,2,2026-03-16 12:30:58,TAKEOUT,Shelf,,Shelf
6544,3/16/2026 16:2:32,000000000024,Shelf -> Other,1,2026-03-16 16:02:32,TAKEOUT,Shelf,,Shelf
6545,3/16/2026 16:3:5,000000000000,Shelf -> Other,2,2026-03-16 16:03:05,TAKEOUT,Shelf,,Shelf
6546,3/16/2026 16:3:36,000000000017,Shelf -> Other,1,2026-03-16 16:03:36,TAKEOUT,Shelf,,Shelf
6547,3/16/2026 21:56:20,000000000369,Shelf -> Other,1,2026-03-16 21:56:20,TAKEOUT,Shelf,,Shelf
6548,3/17/2026 17:8:10,000000001090,Shelf -> Other,3,2026-03-17 17:08:10,TAKEOUT,Shelf,,Shelf
6549,3/17/2026 20:53:40,000000001113,Shelf -> Other,6,2026-03-17 20:53:40,TAKEOUT,Shelf,,Shelf
6550,3/17/2026 20:53:50,000000000109,Shelf -> Other,4,2026-03-17 20:53:50,TAKEOUT,Shelf,,Shelf
6551,3/18/2026 6:48:20,000000000383,Shelf -> Other,1,2026-03-18 06:48:20,TAKEOUT,Shelf,,Shelf
6552,3/18/2026 6:48:24,000000000369,Shelf -> Other,1,2026-03-18 06:48:24,TAKEOUT,Shelf,,Shelf
6553,3/18/2026 6:48:28,000000000451,Shelf -> Other,1,2026-03-18 06:48:28,TAKEOUT,Shelf,,Shelf
6554,3/18/2026 7:48:25,000000001151,Shelf -> Other,1,2026-03-18 07:48:25,TAKEOUT,Shelf,,Shelf
6555,3/18/2026 7:51:39,000000001151,Cage -> Shelf,3,2026-03-18 07:51:39,TRANSFER,Cage,Shelf,Shelf
6556,3/18/2026 9:38:18,000000000550,Shelf -> Other,1,2026-03-18 09:38:18,TAKEOUT,Shelf,,Shelf
6557,3/18/2026 18:33:35,000000000543,Delivery -> Cage,10,2026-03-18 18:33:35,RESTOCK,,Cage,Cage
6558,3/18/2026 18:33:41,000000000550,Delivery -> Cage,10,2026-03-18 18:33:41,RESTOCK,,Cage,Cage
6559,3/18/2026 18:33:46,000000000567,Delivery -> Cage,10,2026-03-18 18:33:46,RESTOCK,,Cage,Cage
6560,3/18/2026 18:33:59,000000000550,Cage -> Shelf,2,2026-03-18 18:33:59,TRANSFER,Cage,Shelf,Shelf
6561,3/18/2026 18:44:27,000000000383,Cage -> Shelf,1,2026-03-18 18:44:27,TRANSFER,Cage,Shelf,Shelf
6562,3/18/2026 18:50:48,000000000376,RECOUNT - Cage,7,2026-03-18 18:50:48,COUNT,,Cage,Cage
6563,3/18/2026 18:52:42,000000000376,Delivery -> Cage,50,2026-03-18 18:52:42,RESTOCK,,Cage,Cage
6564,3/18/2026 18:54:13,000000000376,Cage -> Shelf,13,2026-03-18 18:54:13,TRANSFER,Cage,Shelf,Shelf
6565,3/18/2026 20:1:26,000000000369,Shelf -> Other,1,2026-03-18 20:01:26,TAKEOUT,Shelf,,Shelf
6566,3/18/2026 20:1:32,000000000338,Shelf -> Other,2,2026-03-18 20:01:32,TAKEOUT,Shelf,,Shelf
6567,3/18/2026 20:11:8,000000000017,Shelf -> Other,1,2026-03-18 20:11:08,TAKEOUT,Shelf,,Shelf
6568,3/18/2026 20:17:3,000000000840,Shelf -> Other,1,2026-03-18 20:17:03,TAKEOUT,Shelf,,Shelf
6569,3/18/2026 20:21:57,000000000116,Shelf -> Other,1,2026-03-18 20:21:57,TAKEOUT,Shelf,,Shelf
6570,3/18/2026 20:26:7,000000000024,Shelf -> Other,4,2026-03-18 20:26:07,TAKEOUT,Shelf,,Shelf
6571,3/18/2026 20:26:40,000000000017,Shelf -> Other,4,2026-03-18 20:26:40,TAKEOUT,Shelf,,Shelf
6572,3/18/2026 20:56:14,000000000000,Other -> Shelf,4,2026-03-18 20:56:14,TRANSFER,Other,Shelf,Shelf
6573,3/18/2026 20:56:19,000000000024,Other -> Shelf,3,2026-03-18 20:56:19,TRANSFER,Other,Shelf,Shelf
6574,3/18/2026 20:56:25,000000000840,Other -> Shelf,2,2026-03-18 20:56:25,TRANSFER,Other,Shelf,Shelf
6575,3/19/2026 6:30:33,000000000369,Shelf -> Other,1,2026-03-19 06:30:33,TAKEOUT,Shelf,,Shelf
6576,3/21/2026 22:29:39,000000000000,Shelf -> Other,1,2026-03-21 22:29:39,TAKEOUT,Shelf,,Shelf
6577,3/22/2026 6:22:11,000000000345,Shelf -> Other,1,2026-03-22 06:22:11,TAKEOUT,Shelf,,Shelf
6578,3/22/2026 7:36:4,000000000369,Shelf -> Other,1,2026-03-22 07:36:04,TAKEOUT,Shelf,,Shelf
6579,3/22/2026 7:36:18,000000000338,Shelf -> Other,1,2026-03-22 07:36:18,TAKEOUT,Shelf,,Shelf
6580,3/22/2026 7:37:19,000000000062,Shelf -> Other,2,2026-03-22 07:37:19,TAKEOUT,Shelf,,Shelf
6581,3/22/2026 7:37:48,000000000055,Shelf -> Other,2,2026-03-22 07:37:48,TAKEOUT,Shelf,,Shelf
6582,3/22/2026 7:39:18,000000000093,Shelf -> Other,2,2026-03-22 07:39:18,TAKEOUT,Shelf,,Shelf
6583,3/22/2026 7:39:23,000000001045,Shelf -> Other,1,2026-03-22 07:39:23,TAKEOUT,Shelf,,Shelf
6584,3/22/2026 11:11:27,000000000338,Shelf -> Other,1,2026-03-22 11:11:27,TAKEOUT,Shelf,,Shelf
6585,3/22/2026 12:0:16,000000000338,Shelf -> Other,1,2026-03-22 12:00:16,TAKEOUT,Shelf,,Shelf
6586,3/24/2026 19:12:39,000000001090,Shelf -> Other,1,2026-03-24 19:12:39,TAKEOUT,Shelf,,Shelf
6587,3/24/2026 19:21:2,000000000055,Shelf -> Other,1,2026-03-24 19:21:02,TAKEOUT,Shelf,,Shelf
6588,3/25/2026 18:8:15,000000000789,Shelf -> Other,1,2026-03-25 18:08:15,TAKEOUT,Shelf,,Shelf
6589,3/25/2026 18:17:48,000000000338,Shelf -> Other,2,2026-03-25 18:17:48,TAKEOUT,Shelf,,Shelf
6590,3/25/2026 21:23:5,000000000017,Shelf -> Other,1,2026-03-25 21:23:05,TAKEOUT,Shelf,,Shelf
6591,3/25/2026 21:23:22,000000001069,Shelf -> Other,5,2026-03-25 21:23:22,TAKEOUT,Shelf,,Shelf
6592,3/25/2026 21:26:41,000000000338,Cage -> Shelf,8,2026-03-25 21:26:41,TRANSFER,Cage,Shelf,Shelf
6593,3/25/2026 21:28:31,000000000062,Cage -> Shelf,12,2026-03-25 21:28:31,TRANSFER,Cage,Shelf,Shelf
6594,3/25/2026 21:29:53,000000000116,Cage -> Shelf,2,2026-03-25 21:29:53,TRANSFER,Cage,Shelf,Shelf
6595,3/26/2026 0:29:58,000000000000,Shelf -> Other,1,2026-03-26 00:29:58,TAKEOUT,Shelf,,Shelf
6596,3/26/2026 0:33:7,000000001069,Shelf -> Other,4,2026-03-26 00:33:07,TAKEOUT,Shelf,,Shelf
6597,3/26/2026 18:43:57,000000000550,Shelf -> Other,1,2026-03-26 18:43:57,TAKEOUT,Shelf,,Shelf
6598,3/26/2026 19:33:39,000000000109,Shelf -> Other,5,2026-03-26 19:33:39,TAKEOUT,Shelf,,Shelf
6599,3/28/2026 4:32:36,000000000338,Shelf -> Other,1,2026-03-28 04:32:36,TAKEOUT,Shelf,,Shelf
6600,3/28/2026 16:56:0,000000000574,Shelf -> Other,2,2026-03-28 16:56:00,TAKEOUT,Shelf,,Shelf
6601,3/28/2026 16:58:56,000000000741,Shelf -> Other,1,2026-03-28 16:58:56,TAKEOUT,Shelf,,Shelf
6602,3/28/2026 17:0:39,000000000338,Shelf -> Other,1,2026-03-28 17:00:39,TAKEOUT,Shelf,,Shelf
6603,3/28/2026 17:1:9,000000000567,Shelf -> Other,1,2026-03-28 17:01:09,TAKEOUT,Shelf,,Shelf
6604,3/28/2026 21:13:40,000000000574,Shelf -> Other,1,2026-03-28 21:13:40,TAKEOUT,Shelf,,Shelf
6605,3/30/2026 0:8:19,000000000369,Shelf -> Other,1,2026-03-30 00:08:19,TAKEOUT,Shelf,,Shelf
6606,3/30/2026 19:21:11,000000001090,Shelf -> Other,1,2026-03-30 19:21:11,TAKEOUT,Shelf,,Shelf
6607,3/30/2026 19:49:15,000000000109,Shelf -> Other,4,2026-03-30 19:49:15,TAKEOUT,Shelf,,Shelf
6608,3/30/2026 19:54:14,000000000116,Shelf -> Other,1,2026-03-30 19:54:14,TAKEOUT,Shelf,,Shelf
6609,3/30/2026 19:57:4,000000000741,Shelf -> Other,1,2026-03-30 19:57:04,TAKEOUT,Shelf,,Shelf
6610,3/31/2026 3:16:11,000000000338,Shelf -> Other,1,2026-03-31 03:16:11,TAKEOUT,Shelf,,Shelf
6611,3/31/2026 8:58:28,000000001120,Shelf -> Other,2,2026-03-31 08:58:28,TAKEOUT,Shelf,,Shelf
6612,3/31/2026 14:39:38,000000001090,Shelf -> Other,1,2026-03-31 14:39:38,TAKEOUT,Shelf,,Shelf
6613,3/31/2026 16:23:26,000000000840,Shelf -> Other,2,2026-03-31 16:23:26,TAKEOUT,Shelf,,Shelf
6614,3/31/2026 17:51:8,000000001120,Shelf -> Other,1,2026-03-31 17:51:08,TAKEOUT,Shelf,,Shelf
6615,3/31/2026 17:51:14,000000000338,Shelf -> Other,2,2026-03-31 17:51:14,TAKEOUT,Shelf,,Shelf
6616,3/31/2026 17:51:20,000000000376,Shelf -> Other,2,2026-03-31 17:51:20,TAKEOUT,Shelf,,Shelf
6617,3/31/2026 17:54:15,000000000840,Shelf -> Other,1,2026-03-31 17:54:15,TAKEOUT,Shelf,,Shelf
6618,3/31/2026 17:56:20,000000000840,Shelf -> Other,1,2026-03-31 17:56:20,TAKEOUT,Shelf,,Shelf
6619,3/31/2026 17:59:6,000000001090,Shelf -> Other,1,2026-03-31 17:59:06,TAKEOUT,Shelf,,Shelf
6620,4/1/2026 20:47:31,000000000543,Shelf -> Other,2,2026-04-01 20:47:31,TAKEOUT,Shelf,,Shelf
6621,4/1/2026 21:37:33,000000000369,Other -> Shelf,4,2026-04-01 21:37:33,TRANSFER,Other,Shelf,Shelf
6622,4/1/2026 21:38:23,000000000338,Cage -> Shelf,4,2026-04-01 21:38:23,TRANSFER,Cage,Shelf,Shelf
6623,4/1/2026 21:39:15,000000000345,Cage -> Shelf,3,2026-04-01 21:39:15,TRANSFER,Cage,Shelf,Shelf
6624,4/1/2026 21:42:18,000000000567,Cage -> Shelf,3,2026-04-01 21:42:18,TRANSFER,Cage,Shelf,Shelf
6625,4/1/2026 21:42:31,000000000550,Cage -> Shelf,1,2026-04-01 21:42:31,TRANSFER,Cage,Shelf,Shelf
6626,4/1/2026 21:42:39,000000000543,Cage -> Shelf,2,2026-04-01 21:42:39,TRANSFER,Cage,Shelf,Shelf
6627,4/1/2026 21:43:4,000000000024,Delivery -> Cage,145,2026-04-01 21:43:04,RESTOCK,,Cage,Cage
6628,4/1/2026 21:43:55,000000000024,Cage -> Shelf,20,2026-04-01 21:43:55,TRANSFER,Cage,Shelf,Shelf
6629,4/1/2026 21:48:36,000000001090,Cage -> Shelf,4,2026-04-01 21:48:36,TRANSFER,Cage,Shelf,Shelf
6630,4/2/2026 3:37:41,000000000338,Shelf -> Other,1,2026-04-02 03:37:41,TAKEOUT,Shelf,,Shelf
6631,4/2/2026 3:40:49,000000001090,Shelf -> Other,1,2026-04-02 03:40:49,TAKEOUT,Shelf,,Shelf
6632,4/2/2026 3:40:56,000000001144,Shelf -> Other,7,2026-04-02 03:40:56,TAKEOUT,Shelf,,Shelf
6633,4/2/2026 3:41:19,000000001090,Shelf -> Other,1,2026-04-02 03:41:19,TAKEOUT,Shelf,,Shelf
6634,4/2/2026 12:16:22,000000000369,Shelf -> Other,1,2026-04-02 12:16:22,TAKEOUT,Shelf,,Shelf
6635,4/3/2026 5:38:42,000000000550,Shelf -> Other,1,2026-04-03 05:38:42,TAKEOUT,Shelf,,Shelf
6636,4/3/2026 5:38:49,000000000338,Shelf -> Other,1,2026-04-03 05:38:49,TAKEOUT,Shelf,,Shelf
6637,4/3/2026 12:58:26,000000001090,Shelf -> Other,1,2026-04-03 12:58:26,TAKEOUT,Shelf,,Shelf
6638,4/3/2026 21:40:7,000000000574,Shelf -> Other,1,2026-04-03 21:40:07,TAKEOUT,Shelf,,Shelf
6639,4/3/2026 21:45:42,000000000086,Shelf -> Other,1,2026-04-03 21:45:42,TAKEOUT,Shelf,,Shelf
6640,4/3/2026 21:50:18,000000001120,Shelf -> Other,2,2026-04-03 21:50:18,TAKEOUT,Shelf,,Shelf
6641,4/3/2026 21:50:26,000000001137,Shelf -> Other,2,2026-04-03 21:50:26,TAKEOUT,Shelf,,Shelf
6642,4/3/2026 22:58:8,000000000369,Shelf -> Other,1,2026-04-03 22:58:08,TAKEOUT,Shelf,,Shelf
6643,4/4/2026 7:12:14,000000000338,Shelf -> Other,1,2026-04-04 07:12:14,TAKEOUT,Shelf,,Shelf
6644,4/4/2026 21:44:15,000000001120,Shelf -> Other,1,2026-04-04 21:44:15,TAKEOUT,Shelf,,Shelf
6645,4/4/2026 21:49:8,000000001045,Shelf -> Other,1,2026-04-04 21:49:08,TAKEOUT,Shelf,,Shelf
6646,4/5/2026 8:5:16,000000000383,Shelf -> Other,1,2026-04-05 08:05:16,TAKEOUT,Shelf,,Shelf
6647,4/6/2026 16:13:2,000000000017,Shelf -> Other,4,2026-04-06 16:13:02,TAKEOUT,Shelf,,Shelf
6648,4/6/2026 16:13:17,000000000000,Shelf -> Other,1,2026-04-06 16:13:17,TAKEOUT,Shelf,,Shelf
6649,4/7/2026 19:42:10,000000000383,Shelf -> Other,1,2026-04-07 19:42:10,TAKEOUT,Shelf,,Shelf
6650,4/7/2026 19:54:8,000000001090,Shelf -> Other,1,2026-04-07 19:54:08,TAKEOUT,Shelf,,Shelf
6651,4/7/2026 20:19:0,000000000024,Shelf -> Other,3,2026-04-07 20:19:00,TAKEOUT,Shelf,,Shelf
6652,4/8/2026 20:48:24,000000000789,Shelf -> Other,1,2026-04-08 20:48:24,TAKEOUT,Shelf,,Shelf
6653,4/8/2026 20:48:30,000000000840,Shelf -> Other,2,2026-04-08 20:48:30,TAKEOUT,Shelf,,Shelf
6654,4/8/2026 20:49:11,000000000000,Shelf -> Other,1,2026-04-08 20:49:11,TAKEOUT,Shelf,,Shelf
6655,4/8/2026 20:49:16,000000000024,Shelf -> Other,1,2026-04-08 20:49:16,TAKEOUT,Shelf,,Shelf
6656,4/8/2026 20:50:37,000000000789,Cage -> Shelf,2,2026-04-08 20:50:37,TRANSFER,Cage,Shelf,Shelf
6657,4/8/2026 20:51:27,000000000000,Cage -> Shelf,3,2026-04-08 20:51:27,TRANSFER,Cage,Shelf,Shelf
6658,4/8/2026 20:51:50,000000000000,Cage -> Shelf,2,2026-04-08 20:51:50,TRANSFER,Cage,Shelf,Shelf
6659,4/8/2026 20:52:13,000000000000,RECOUNT - Shelf,15,2026-04-08 20:52:13,COUNT,,Shelf,Shelf
6660,4/8/2026 20:52:21,000000000000,RECOUNT - Cage,6,2026-04-08 20:52:21,COUNT,,Cage,Cage
6661,4/8/2026 20:53:11,000000001120,Shelf -> Other,1,2026-04-08 20:53:11,TAKEOUT,Shelf,,Shelf
6662,4/8/2026 20:55:41,000000001120,Cage -> Shelf,9,2026-04-08 20:55:41,TRANSFER,Cage,Shelf,Shelf
6663,4/8/2026 20:55:49,000000001137,Cage -> Shelf,4,2026-04-08 20:55:49,TRANSFER,Cage,Shelf,Shelf
6664,4/8/2026 20:57:7,000000000741,Cage -> Shelf,4,2026-04-08 20:57:07,TRANSFER,Cage,Shelf,Shelf
6665,4/8/2026 20:57:32,000000000758,Cage -> Shelf,2,2026-04-08 20:57:32,TRANSFER,Cage,Shelf,Shelf
6666,4/8/2026 21:7:18,000000000789,RECOUNT - Cage,5,2026-04-08 21:07:18,COUNT,,Cage,Cage
6667,4/8/2026 21:19:56,000000000468,RECOUNT - Shelf,2,2026-04-08 21:19:56,COUNT,,Shelf,Shelf
6668,4/8/2026 21:20:19,000000000475,RECOUNT - Shelf,2,2026-04-08 21:20:19,COUNT,,Shelf,Shelf
6669,4/8/2026 21:20:24,000000000482,RECOUNT - Shelf,0,2026-04-08 21:20:24,COUNT,,Shelf,Shelf
6670,4/8/2026 21:20:34,000000000499,RECOUNT - Shelf,1,2026-04-08 21:20:34,COUNT,,Shelf,Shelf
6671,4/8/2026 21:20:45,000000000505,RECOUNT - Shelf,3,2026-04-08 21:20:45,COUNT,,Shelf,Shelf
6672,4/8/2026 21:20:59,000000000512,RECOUNT - Shelf,3,2026-04-08 21:20:59,COUNT,,Shelf,Shelf
6673,4/8/2026 21:21:9,000000000529,RECOUNT - Shelf,3,2026-04-08 21:21:09,COUNT,,Shelf,Shelf
6674,4/8/2026 21:22:40,000000000482,Cage -> Shelf,3,2026-04-08 21:22:40,TRANSFER,Cage,Shelf,Shelf
6675,4/8/2026 21:50:41,000000000741,Shelf -> Other,1,2026-04-08 21:50:41,TAKEOUT,Shelf,,Shelf
6676,4/8/2026 21:51:37,000000000338,Shelf -> Other,1,2026-04-08 21:51:37,TAKEOUT,Shelf,,Shelf
6677,4/8/2026 21:51:59,000000000024,Shelf -> Other,1,2026-04-08 21:51:59,TAKEOUT,Shelf,,Shelf
6678,4/8/2026 21:52:11,000000000017,Shelf -> Other,1,2026-04-08 21:52:11,TAKEOUT,Shelf,,Shelf
6679,4/9/2026 12:13:59,000000000451,Shelf -> Other,1,2026-04-09 12:13:59,TAKEOUT,Shelf,,Shelf
6680,4/9/2026 12:14:4,000000000536,Shelf -> Other,1,2026-04-09 12:14:04,TAKEOUT,Shelf,,Shelf
6681,4/9/2026 12:14:7,000000000345,Shelf -> Other,1,2026-04-09 12:14:07,TAKEOUT,Shelf,,Shelf
6682,4/9/2026 12:54:15,000000000338,Shelf -> Other,1,2026-04-09 12:54:15,TAKEOUT,Shelf,,Shelf
6683,4/9/2026 13:12:46,000000000451,Cage -> Shelf,3,2026-04-09 13:12:46,TRANSFER,Cage,Shelf,Shelf
6684,4/9/2026 13:12:52,000000000536,Cage -> Shelf,3,2026-04-09 13:12:52,TRANSFER,Cage,Shelf,Shelf
6685,4/9/2026 15:34:54,000000001120,Shelf -> Other,1,2026-04-09 15:34:54,TAKEOUT,Shelf,,Shelf
6686,4/9/2026 15:35:0,000000001137,Shelf -> Other,1,2026-04-09 15:35:00,TAKEOUT,Shelf,,Shelf
6687,4/11/2026 9:39:46,000000001120,Shelf -> Other,1,2026-04-11 09:39:46,TAKEOUT,Shelf,,Shelf
6688,4/13/2026 19:22:59,000000000840,Shelf -> Other,2,2026-04-13 19:22:59,TAKEOUT,Shelf,,Shelf
6689,4/13/2026 19:23:9,000000000338,Shelf -> Other,1,2026-04-13 19:23:09,TAKEOUT,Shelf,,Shelf
6690,4/13/2026 19:33:55,000000000550,Shelf -> Other,2,2026-04-13 19:33:55,TAKEOUT,Shelf,,Shelf
6691,4/13/2026 19:35:20,000000001090,Shelf -> Other,1,2026-04-13 19:35:20,TAKEOUT,Shelf,,Shelf
6692,4/14/2026 13:15:17,000000001120,Shelf -> Other,2,2026-04-14 13:15:17,TAKEOUT,Shelf,,Shelf
6693,4/14/2026 13:15:21,000000000369,Shelf -> Other,1,2026-04-14 13:15:21,TAKEOUT,Shelf,,Shelf
6694,4/14/2026 13:15:30,000000000789,Shelf -> Other,1,2026-04-14 13:15:30,TAKEOUT,Shelf,,Shelf
6695,4/14/2026 13:15:37,000000000840,Shelf -> Other,1,2026-04-14 13:15:37,TAKEOUT,Shelf,,Shelf
6696,4/14/2026 13:15:44,000000000062,Shelf -> Other,2,2026-04-14 13:15:44,TAKEOUT,Shelf,,Shelf
6697,4/14/2026 15:15:38,000000000017,Shelf -> Other,1,2026-04-14 15:15:38,TAKEOUT,Shelf,,Shelf
6698,4/14/2026 15:15:43,000000000062,Shelf -> Other,1,2026-04-14 15:15:43,TAKEOUT,Shelf,,Shelf
6699,4/14/2026 15:16:2,000000000024,Shelf -> Other,4,2026-04-14 15:16:02,TAKEOUT,Shelf,,Shelf
6700,4/14/2026 15:16:6,000000000000,Shelf -> Other,1,2026-04-14 15:16:06,TAKEOUT,Shelf,,Shelf
6701,4/14/2026 19:4:50,000000000543,Shelf -> Other,1,2026-04-14 19:04:50,TAKEOUT,Shelf,,Shelf
6702,4/15/2026 18:3:0,000000000543,Shelf -> Other,1,2026-04-15 18:03:00,TAKEOUT,Shelf,,Shelf
6703,4/15/2026 21:14:16,000000001120,Shelf -> Other,1,2026-04-15 21:14:16,TAKEOUT,Shelf,,Shelf
6704,4/15/2026 21:23:9,000000000086,Cage -> Shelf,1,2026-04-15 21:23:09,TRANSFER,Cage,Shelf,Shelf
6705,4/15/2026 21:29:24,000000000338,Cage -> Shelf,6,2026-04-15 21:29:24,TRANSFER,Cage,Shelf,Shelf
6706,4/15/2026 21:31:37,000000000062,Cage -> Shelf,12,2026-04-15 21:31:37,TRANSFER,Cage,Shelf,Shelf
6707,4/15/2026 21:32:25,000000000840,Cage -> Shelf,6,2026-04-15 21:32:25,TRANSFER,Cage,Shelf,Shelf
6708,4/16/2026 1:16:40,000000000055,Shelf -> Other,1,2026-04-16 01:16:40,TAKEOUT,Shelf,,Shelf
6709,4/16/2026 1:16:44,000000000338,Shelf -> Other,1,2026-04-16 01:16:44,TAKEOUT,Shelf,,Shelf
6710,4/16/2026 1:20:34,000000000550,Shelf -> Other,1,2026-04-16 01:20:34,TAKEOUT,Shelf,,Shelf
6711,4/16/2026 1:20:40,000000000574,Shelf -> Other,1,2026-04-16 01:20:40,TAKEOUT,Shelf,,Shelf
6712,4/16/2026 1:33:12,000000000741,Shelf -> Other,1,2026-04-16 01:33:12,TAKEOUT,Shelf,,Shelf
6713,4/16/2026 4:44:3,000000000345,Shelf -> Other,1,2026-04-16 04:44:03,TAKEOUT,Shelf,,Shelf
6714,4/16/2026 4:49:0,000000000550,Shelf -> Other,1,2026-04-16 04:49:00,TAKEOUT,Shelf,,Shelf
6715,4/17/2026 16:41:16,000000000376,Shelf -> Other,1,2026-04-17 16:41:16,TAKEOUT,Shelf,,Shelf
6716,4/17/2026 16:41:47,000000000338,Shelf -> Other,3,2026-04-17 16:41:47,TAKEOUT,Shelf,,Shelf
6717,4/17/2026 21:43:11,000000000017,Shelf -> Other,2,2026-04-17 21:43:11,TAKEOUT,Shelf,,Shelf
6718,4/17/2026 21:57:32,000000000338,Shelf -> Other,2,2026-04-17 21:57:32,TAKEOUT,Shelf,,Shelf
6719,4/18/2026 13:21:9,000000000840,Shelf -> Other,2,2026-04-18 13:21:09,TAKEOUT,Shelf,,Shelf
6720,4/20/2026 5:47:59,000000000369,Shelf -> Other,1,2026-04-20 05:47:59,TAKEOUT,Shelf,,Shelf
6721,4/20/2026 5:48:28,000000000437,Shelf -> Other,1,2026-04-20 05:48:28,TAKEOUT,Shelf,,Shelf
6722,4/20/2026 6:33:20,000000000024,Shelf -> Other,1,2026-04-20 06:33:20,TAKEOUT,Shelf,,Shelf
6723,4/20/2026 6:33:26,000000000017,Shelf -> Other,1,2026-04-20 06:33:26,TAKEOUT,Shelf,,Shelf
6724,4/20/2026 6:33:35,000000000369,Shelf -> Other,1,2026-04-20 06:33:35,TAKEOUT,Shelf,,Shelf
6725,4/20/2026 15:0:3,000000000338,Shelf -> Other,1,2026-04-20 15:00:03,TAKEOUT,Shelf,,Shelf
6726,4/20/2026 15:0:9,000000000369,Shelf -> Other,1,2026-04-20 15:00:09,TAKEOUT,Shelf,,Shelf
6727,4/20/2026 20:0:44,000000001113,Shelf -> Other,6,2026-04-20 20:00:44,TAKEOUT,Shelf,,Shelf
6728,4/20/2026 20:1:5,000000000109,Shelf -> Other,6,2026-04-20 20:01:05,TAKEOUT,Shelf,,Shelf
6729,4/21/2026 7:55:45,000000000376,Shelf -> Other,1,2026-04-21 07:55:45,TAKEOUT,Shelf,,Shelf
6730,4/21/2026 7:55:59,000000001120,Shelf -> Other,3,2026-04-21 07:55:59,TAKEOUT,Shelf,,Shelf
6731,4/21/2026 12:16:20,000000000024,Shelf -> Other,1,2026-04-21 12:16:20,TAKEOUT,Shelf,,Shelf
6732,4/21/2026 12:16:54,000000000062,Shelf -> Other,1,2026-04-21 12:16:54,TAKEOUT,Shelf,,Shelf
6733,4/21/2026 12:17:19,000000001120,Shelf -> Other,2,2026-04-21 12:17:19,TAKEOUT,Shelf,,Shelf
6734,4/21/2026 14:46:38,000000000369,Shelf -> Other,1,2026-04-21 14:46:38,TAKEOUT,Shelf,,Shelf
6735,4/21/2026 18:47:4,000000000369,Shelf -> Other,1,2026-04-21 18:47:04,TAKEOUT,Shelf,,Shelf
6736,4/21/2026 18:47:8,000000000369,Shelf -> Other,1,2026-04-21 18:47:08,TAKEOUT,Shelf,,Shelf
6737,4/21/2026 21:12:59,000000000338,Shelf -> Other,1,2026-04-21 21:12:59,TAKEOUT,Shelf,,Shelf
6738,4/21/2026 21:37:28,000000000147,Shelf -> Other,1,2026-04-21 21:37:28,TAKEOUT,Shelf,,Shelf
6739,4/21/2026 21:37:46,000000000147,Shelf -> Other,1,2026-04-21 21:37:46,TAKEOUT,Shelf,,Shelf
6740,4/21/2026 21:37:53,000000000161,Shelf -> Other,1,2026-04-21 21:37:53,TAKEOUT,Shelf,,Shelf
6741,4/21/2026 21:38:0,000000000185,Shelf -> Other,1,2026-04-21 21:38:00,TAKEOUT,Shelf,,Shelf
6742,4/21/2026 21:38:2,000000000192,Shelf -> Other,1,2026-04-21 21:38:02,TAKEOUT,Shelf,,Shelf
6743,4/21/2026 21:38:8,000000000208,Shelf -> Other,1,2026-04-21 21:38:08,TAKEOUT,Shelf,,Shelf
6744,4/21/2026 21:46:42,000000000239,Shelf -> Other,1,2026-04-21 21:46:42,TAKEOUT,Shelf,,Shelf
6745,4/21/2026 21:46:48,000000000246,Shelf -> Other,1,2026-04-21 21:46:48,TAKEOUT,Shelf,,Shelf
6746,4/21/2026 21:46:54,000000000253,Shelf -> Other,1,2026-04-21 21:46:54,TAKEOUT,Shelf,,Shelf
6747,4/21/2026 21:47:0,000000000260,Shelf -> Other,1,2026-04-21 21:47:00,TAKEOUT,Shelf,,Shelf
6748,4/21/2026 21:47:4,000000000277,Shelf -> Other,1,2026-04-21 21:47:04,TAKEOUT,Shelf,,Shelf
6749,4/21/2026 21:47:9,000000000284,Shelf -> Other,1,2026-04-21 21:47:09,TAKEOUT,Shelf,,Shelf
6750,4/21/2026 21:47:13,000000000291,Shelf -> Other,1,2026-04-21 21:47:13,TAKEOUT,Shelf,,Shelf
6751,4/21/2026 21:47:17,000000000307,Shelf -> Other,1,2026-04-21 21:47:17,TAKEOUT,Shelf,,Shelf
6752,4/21/2026 21:47:23,000000000314,Shelf -> Other,1,2026-04-21 21:47:23,TAKEOUT,Shelf,,Shelf
6753,4/21/2026 21:47:30,000000000321,Shelf -> Other,3,2026-04-21 21:47:30,TAKEOUT,Shelf,,Shelf
6754,4/21/2026 21:54:52,000000000390,Shelf -> Other,1,2026-04-21 21:54:52,TAKEOUT,Shelf,,Shelf
6755,4/21/2026 21:55:0,000000000383,Shelf -> Other,1,2026-04-21 21:55:00,TAKEOUT,Shelf,,Shelf
6756,4/21/2026 21:55:5,000000000697,Shelf -> Other,2,2026-04-21 21:55:05,TAKEOUT,Shelf,,Shelf
6757,4/21/2026 21:56:46,000000000963,Shelf -> Other,1,2026-04-21 21:56:46,TAKEOUT,Shelf,,Shelf
6758,4/21/2026 21:56:58,000000001069,Shelf -> Other,3,2026-04-21 21:56:58,TAKEOUT,Shelf,,Shelf
6759,4/22/2026 17:16:1,000000000338,RECOUNT - Shelf,3,2026-04-22 17:16:01,COUNT,,Shelf,Shelf
6760,4/22/2026 17:16:49,000000000338,Cage -> Shelf,10,2026-04-22 17:16:49,TRANSFER,Cage,Shelf,Shelf
6761,4/22/2026 17:18:14,000000000369,Cage -> Shelf,11,2026-04-22 17:18:14,TRANSFER,Cage,Shelf,Shelf
6762,4/22/2026 17:19:19,000000000437,Cage -> Shelf,1,2026-04-22 17:19:19,TRANSFER,Cage,Shelf,Shelf
6763,4/22/2026 17:21:15,000000001120,Cage -> Shelf,6,2026-04-22 17:21:15,TRANSFER,Cage,Shelf,Shelf
6764,4/22/2026 17:22:24,000000000550,Cage -> Shelf,4,2026-04-22 17:22:24,TRANSFER,Cage,Shelf,Shelf
6765,4/22/2026 17:22:33,000000000543,Cage -> Shelf,2,2026-04-22 17:22:33,TRANSFER,Cage,Shelf,Shelf
6766,4/23/2026 15:31:52,000000000369,Cage -> Shelf,1,2026-04-23 15:31:52,TRANSFER,Cage,Shelf,Shelf
6767,4/23/2026 15:35:19,000000000567,Shelf -> Other,1,2026-04-23 15:35:19,TAKEOUT,Shelf,,Shelf
6768,4/23/2026 15:42:46,000000001137,Shelf -> Other,1,2026-04-23 15:42:46,TAKEOUT,Shelf,,Shelf
6769,4/23/2026 15:45:3,000000000062,Shelf -> Other,2,2026-04-23 15:45:03,TAKEOUT,Shelf,,Shelf
6770,4/23/2026 15:45:52,000000000017,Shelf -> Other,1,2026-04-23 15:45:52,TAKEOUT,Shelf,,Shelf
6771,4/23/2026 17:21:27,000000000000,Delivery -> Cage,24,2026-04-23 17:21:27,RESTOCK,,Cage,Cage
6772,4/23/2026 17:21:37,000000001120,Delivery -> Cage,24,2026-04-23 17:21:37,RESTOCK,,Cage,Cage
6773,4/23/2026 17:21:52,000000000574,Delivery -> Cage,3,2026-04-23 17:21:52,RESTOCK,,Cage,Cage
6774,4/23/2026 17:22:4,000000000567,Delivery -> Cage,5,2026-04-23 17:22:04,RESTOCK,,Cage,Cage
6775,4/23/2026 17:22:11,000000000550,Delivery -> Cage,5,2026-04-23 17:22:11,RESTOCK,,Cage,Cage
6776,4/23/2026 17:22:20,000000000543,Delivery -> Cage,2,2026-04-23 17:22:20,RESTOCK,,Cage,Cage
6777,4/23/2026 17:22:35,000000000437,Delivery -> Cage,2,2026-04-23 17:22:35,RESTOCK,,Cage,Cage
6778,4/23/2026 17:22:40,000000001090,Delivery -> Cage,12,2026-04-23 17:22:40,RESTOCK,,Cage,Cage
6779,4/23/2026 17:27:54,000000001090,Cage -> Shelf,6,2026-04-23 17:27:54,TRANSFER,Cage,Shelf,Shelf
6780,4/23/2026 17:28:51,000000000031,Other -> Shelf,2,2026-04-23 17:28:51,TRANSFER,Other,Shelf,Shelf
6781,4/23/2026 17:29:15,000000000031,Shelf -> Cage,1,2026-04-23 17:29:15,TRANSFER,Shelf,Cage,Cage
6782,4/23/2026 17:29:33,000000000031,Delivery -> Cage,3,2026-04-23 17:29:33,RESTOCK,,Cage,Cage
6783,4/23/2026 17:29:56,000000000000,Other -> Shelf,2,2026-04-23 17:29:56,TRANSFER,Other,Shelf,Shelf
6784,4/23/2026 17:30:12,000000001069,Other -> Shelf,3,2026-04-23 17:30:12,TRANSFER,Other,Shelf,Shelf
6785,4/23/2026 17:30:20,000000000963,Other -> Shelf,1,2026-04-23 17:30:20,TRANSFER,Other,Shelf,Shelf
6786,4/23/2026 17:30:56,000000001120,Other -> Shelf,1,2026-04-23 17:30:56,TRANSFER,Other,Shelf,Shelf
6787,4/23/2026 17:31:2,000000001137,Other -> Shelf,1,2026-04-23 17:31:02,TRANSFER,Other,Shelf,Shelf
6788,4/23/2026 17:31:8,000000000697,Other -> Shelf,2,2026-04-23 17:31:08,TRANSFER,Other,Shelf,Shelf
6789,4/23/2026 17:32:31,000000000321,Other -> Shelf,3,2026-04-23 17:32:31,TRANSFER,Other,Shelf,Shelf
6790,4/23/2026 17:33:11,000000000239,Other -> Shelf,1,2026-04-23 17:33:11,TRANSFER,Other,Shelf,Shelf
6791,4/23/2026 17:33:33,000000000246,Other -> Shelf,1,2026-04-23 17:33:33,TRANSFER,Other,Shelf,Shelf
6792,4/23/2026 17:34:7,000000000253,Other -> Shelf,1,2026-04-23 17:34:07,TRANSFER,Other,Shelf,Shelf
6793,4/23/2026 17:34:36,000000000277,Other -> Shelf,1,2026-04-23 17:34:36,TRANSFER,Other,Shelf,Shelf
6794,4/23/2026 17:34:43,000000000314,Other -> Shelf,1,2026-04-23 17:34:43,TRANSFER,Other,Shelf,Shelf
6795,4/23/2026 17:34:49,000000000307,Other -> Shelf,1,2026-04-23 17:34:49,TRANSFER,Other,Shelf,Shelf
6796,4/23/2026 17:34:53,000000000291,Other -> Shelf,1,2026-04-23 17:34:53,TRANSFER,Other,Shelf,Shelf
6797,4/23/2026 17:34:59,000000000284,Other -> Shelf,1,2026-04-23 17:34:59,TRANSFER,Other,Shelf,Shelf
6798,4/23/2026 17:35:6,000000000260,Other -> Shelf,1,2026-04-23 17:35:06,TRANSFER,Other,Shelf,Shelf
6799,4/23/2026 17:38:57,000000000550,Other -> Shelf,1,2026-04-23 17:38:57,TRANSFER,Other,Shelf,Shelf
6800,4/23/2026 17:39:3,000000000543,Other -> Shelf,3,2026-04-23 17:39:03,TRANSFER,Other,Shelf,Shelf
6801,4/23/2026 17:41:51,000000000147,Other -> Shelf,1,2026-04-23 17:41:51,TRANSFER,Other,Shelf,Shelf
6802,4/23/2026 17:41:54,000000000161,Other -> Shelf,1,2026-04-23 17:41:54,TRANSFER,Other,Shelf,Shelf
6803,4/23/2026 17:41:58,000000000185,Other -> Shelf,1,2026-04-23 17:41:58,TRANSFER,Other,Shelf,Shelf
6804,4/23/2026 17:42:2,000000000192,Other -> Shelf,1,2026-04-23 17:42:02,TRANSFER,Other,Shelf,Shelf
6805,4/23/2026 17:42:8,000000000208,Other -> Shelf,1,2026-04-23 17:42:08,TRANSFER,Other,Shelf,Shelf
6806,4/23/2026 17:42:12,000000000215,Other -> Shelf,1,2026-04-23 17:42:12,TRANSFER,Other,Shelf,Shelf
6807,4/23/2026 17:42:58,000000000741,Other -> Shelf,2,2026-04-23 17:42:58,TRANSFER,Other,Shelf,Shelf
6808,4/23/2026 17:43:2,000000000758,Other -> Shelf,1,2026-04-23 17:43:02,TRANSFER,Other,Shelf,Shelf
6809,4/23/2026 17:44:24,000000000383,Cage -> Shelf,3,2026-04-23 17:44:24,TRANSFER,Cage,Shelf,Shelf
6810,4/23/2026 17:46:22,000000000000,Cage -> Shelf,6,2026-04-23 17:46:22,TRANSFER,Cage,Shelf,Shelf
6811,4/25/2026 21:23:32,000000000741,Shelf -> Other,1,2026-04-25 21:23:32,TAKEOUT,Shelf,,Shelf
6812,4/25/2026 21:24:2,000000000338,Shelf -> Other,2,2026-04-25 21:24:02,TAKEOUT,Shelf,,Shelf
6813,4/25/2026 21:37:32,000000001014,Shelf -> Other,1,2026-04-25 21:37:32,TAKEOUT,Shelf,,Shelf
6814,4/27/2026 7:55:6,000000000574,Shelf -> Other,1,2026-04-27 07:55:06,TAKEOUT,Shelf,,Shelf
6815,4/27/2026 13:49:55,000000000345,Shelf -> Other,1,2026-04-27 13:49:55,TAKEOUT,Shelf,,Shelf
6816,4/28/2026 4:15:14,000000001144,Shelf -> Other,1,2026-04-28 04:15:14,TAKEOUT,Shelf,,Shelf
6817,4/28/2026 4:15:25,000000001090,Shelf -> Other,1,2026-04-28 04:15:25,TAKEOUT,Shelf,,Shelf
6818,4/29/2026 19:37:25,000000000543,Shelf -> Other,1,2026-04-29 19:37:25,TAKEOUT,Shelf,,Shelf
6819,4/30/2026 9:43:49,000000000840,Shelf -> Other,2,2026-04-30 09:43:49,TAKEOUT,Shelf,,Shelf
6820,4/30/2026 13:8:31,000000001007,Delivery -> Cage,3,2026-04-30 13:08:31,RESTOCK,,Cage,Cage
6821,5/1/2026 4:14:10,000000000574,Shelf -> Other,1,2026-05-01 04:14:10,TAKEOUT,Shelf,,Shelf
6822,5/1/2026 4:15:46,000000000550,Shelf -> Other,1,2026-05-01 04:15:46,TAKEOUT,Shelf,,Shelf
6823,5/1/2026 12:52:47,000000000062,Shelf -> Other,1,2026-05-01 12:52:47,TAKEOUT,Shelf,,Shelf
6824,5/1/2026 21:46:21,000000000963,Shelf -> Other,1,2026-05-01 21:46:21,TAKEOUT,Shelf,,Shelf
6825,5/1/2026 22:20:22,000000000369,Shelf -> Other,1,2026-05-01 22:20:22,TAKEOUT,Shelf,,Shelf
6826,5/1/2026 22:20:41,000000000031,Shelf -> Other,2,2026-05-01 22:20:41,TAKEOUT,Shelf,,Shelf
6827,5/1/2026 22:22:40,000000000338,Shelf -> Other,1,2026-05-01 22:22:40,TAKEOUT,Shelf,,Shelf
6828,5/1/2026 23:41:5,000000000369,Shelf -> Other,1,2026-05-01 23:41:05,TAKEOUT,Shelf,,Shelf
6829,5/2/2026 19:6:44,000000001120,Shelf -> Other,3,2026-05-02 19:06:44,TAKEOUT,Shelf,,Shelf
6830,5/3/2026 16:9:55,000000001069,Shelf -> Other,1,2026-05-03 16:09:55,TAKEOUT,Shelf,,Shelf
6831,5/3/2026 16:10:9,000000001144,Shelf -> Other,4,2026-05-03 16:10:09,TAKEOUT,Shelf,,Shelf
6832,5/4/2026 18:46:52,000000000116,Shelf -> Other,1,2026-05-04 18:46:52,TAKEOUT,Shelf,,Shelf
6833,5/4/2026 20:29:31,000000000062,Shelf -> Other,2,2026-05-04 20:29:31,TAKEOUT,Shelf,,Shelf
6834,5/4/2026 20:29:38,000000000024,Shelf -> Other,2,2026-05-04 20:29:38,TAKEOUT,Shelf,,Shelf
6835,5/4/2026 20:29:45,000000000017,Shelf -> Other,2,2026-05-04 20:29:45,TAKEOUT,Shelf,,Shelf
6836,5/5/2026 0:4:12,000000000338,Shelf -> Other,2,2026-05-05 00:04:12,TAKEOUT,Shelf,,Shelf
6837,5/5/2026 23:8:19,000000000321,Shelf -> Other,7,2026-05-05 23:08:19,TAKEOUT,Shelf,,Shelf
6838,5/6/2026 6:56:23,000000000055,Shelf -> Other,1,2026-05-06 06:56:23,TAKEOUT,Shelf,,Shelf
6839,5/6/2026 6:56:35,000000000840,Shelf -> Other,2,2026-05-06 06:56:35,TAKEOUT,Shelf,,Shelf
6840,5/6/2026 6:58:41,000000000000,Shelf -> Other,1,2026-05-06 06:58:41,TAKEOUT,Shelf,,Shelf
6841,5/6/2026 18:15:40,000000000062,Shelf -> Other,1,2026-05-06 18:15:40,TAKEOUT,Shelf,,Shelf
6842,5/6/2026 18:15:59,000000000024,Shelf -> Other,1,2026-05-06 18:15:59,TAKEOUT,Shelf,,Shelf
6843,5/6/2026 19:7:0,000000000000,Shelf -> Other,1,2026-05-06 19:07:00,TAKEOUT,Shelf,,Shelf
6844,5/6/2026 19:7:19,000000000062,Shelf -> Other,1,2026-05-06 19:07:19,TAKEOUT,Shelf,,Shelf
6845,5/6/2026 20:29:21,000000000048,Cage -> Other,1,2026-05-06 20:29:21,TAKEOUT,Cage,,Cage
6846,5/6/2026 20:29:36,000000000932,RECOUNT - Shelf,0,2026-05-06 20:29:36,COUNT,,Shelf,Shelf
6847,5/7/2026 12:1:54,000000000963,RECOUNT - Shelf,1,2026-05-07 12:01:54,COUNT,,Shelf,Shelf
6848,5/7/2026 12:3:11,000000000963,RECOUNT - Cage,2,2026-05-07 12:03:11,COUNT,,Cage,Cage
6849,5/7/2026 12:8:45,000000001199,RECOUNT - Cage,19,2026-05-07 12:08:45,COUNT,,Cage,Cage
6850,5/7/2026 12:9:1,000000001205,RECOUNT - Shelf,2,2026-05-07 12:09:01,COUNT,,Shelf,Shelf
6851,5/7/2026 12:9:8,000000001212,RECOUNT - Shelf,2,2026-05-07 12:09:08,COUNT,,Shelf,Shelf
6852,5/7/2026 12:14:12,000000001212,RECOUNT - Cage,8,2026-05-07 12:14:12,COUNT,,Cage,Cage
6853,5/7/2026 12:14:37,000000001205,RECOUNT - Cage,12,2026-05-07 12:14:37,COUNT,,Cage,Cage
6854,5/7/2026 12:14:53,000000001182,RECOUNT - Cage,10,2026-05-07 12:14:53,COUNT,,Cage,Cage
6855,5/7/2026 12:17:36,000000000116,Cage -> Shelf,2,2026-05-07 12:17:36,TRANSFER,Cage,Shelf,Shelf
6856,5/7/2026 12:18:41,000000000574,RECOUNT - Shelf,1,2026-05-07 12:18:41,COUNT,,Shelf,Shelf
6857,5/7/2026 12:18:56,000000000567,RECOUNT - Shelf,7,2026-05-07 12:18:56,COUNT,,Shelf,Shelf
6858,5/7/2026 12:19:4,000000000550,RECOUNT - Shelf,10,2026-05-07 12:19:04,COUNT,,Shelf,Shelf
6859,5/7/2026 12:19:32,000000000543,RECOUNT - Shelf,11,2026-05-07 12:19:32,COUNT,,Shelf,Shelf
6860,5/7/2026 12:20:30,000000000840,RECOUNT - Shelf,6,2026-05-07 12:20:30,COUNT,,Shelf,Shelf
6861,5/7/2026 12:24:18,000000000574,Cage -> Shelf,7,2026-05-07 12:24:18,TRANSFER,Cage,Shelf,Shelf
6862,5/7/2026 12:25:0,000000000550,Cage -> Shelf,2,2026-05-07 12:25:00,TRANSFER,Cage,Shelf,Shelf
6863,5/7/2026 12:25:4,000000000567,Cage -> Shelf,1,2026-05-07 12:25:04,TRANSFER,Cage,Shelf,Shelf
6864,5/7/2026 12:25:35,000000001090,RECOUNT - Shelf,4,2026-05-07 12:25:35,COUNT,,Shelf,Shelf
6865,5/7/2026 12:27:44,000000000758,RECOUNT - Shelf,5,2026-05-07 12:27:44,COUNT,,Shelf,Shelf
6866,5/7/2026 12:28:7,000000000741,RECOUNT - Shelf,7,2026-05-07 12:28:07,COUNT,,Shelf,Shelf
6867,5/7/2026 12:29:28,000000000765,RECOUNT - Shelf,2,2026-05-07 12:29:28,COUNT,,Shelf,Shelf
6868,5/7/2026 12:29:51,000000000840,RECOUNT - Shelf,6,2026-05-07 12:29:51,COUNT,,Shelf,Shelf
6869,5/7/2026 12:32:17,000000000840,Cage -> Shelf,6,2026-05-07 12:32:17,TRANSFER,Cage,Shelf,Shelf
6870,5/7/2026 12:33:38,000000000024,RECOUNT - Shelf,40,2026-05-07 12:33:38,COUNT,,Shelf,Shelf
6871,5/7/2026 12:34:19,000000000017,RECOUNT - Shelf,23,2026-05-07 12:34:19,COUNT,,Shelf,Shelf
6872,5/7/2026 12:35:0,000000001113,RECOUNT - Shelf,22,2026-05-07 12:35:00,COUNT,,Shelf,Shelf
6873,5/7/2026 12:35:49,000000000000,RECOUNT - Shelf,17,2026-05-07 12:35:49,COUNT,,Shelf,Shelf
6874,5/7/2026 12:36:51,000000001120,RECOUNT - Shelf,9,2026-05-07 12:36:51,COUNT,,Shelf,Shelf
6875,5/7/2026 12:43:53,000000001113,RECOUNT - Cage,1300,2026-05-07 12:43:53,COUNT,,Cage,Cage
6876,5/7/2026 12:45:5,000000000703,RECOUNT - Cage,6,2026-05-07 12:45:05,COUNT,,Cage,Cage
6877,5/7/2026 12:45:14,000000000994,RECOUNT - Cage,0,2026-05-07 12:45:14,COUNT,,Cage,Cage
6878,5/7/2026 12:45:50,000000000734,RECOUNT - Cage,8,2026-05-07 12:45:50,COUNT,,Cage,Cage
6879,5/7/2026 12:46:13,000000000710,RECOUNT - Cage,9,2026-05-07 12:46:13,COUNT,,Cage,Cage
6880,5/7/2026 12:47:1,000000000970,RECOUNT - Cage,4,2026-05-07 12:47:01,COUNT,,Cage,Cage
6881,5/7/2026 18:21:32,000000000550,RECOUNT - Cage,2,2026-05-07 18:21:32,COUNT,,Cage,Cage
6882,5/7/2026 18:37:1,000000001120,Shelf -> Other,1,2026-05-07 18:37:01,TAKEOUT,Shelf,,Shelf
6883,5/7/2026 19:47:52,000000000550,Shelf -> Other,1,2026-05-07 19:47:52,TAKEOUT,Shelf,,Shelf
6884,5/7/2026 23:32:11,000000000369,Shelf -> Other,1,2026-05-07 23:32:11,TAKEOUT,Shelf,,Shelf
6885,5/7/2026 23:32:33,000000000338,Shelf -> Other,2,2026-05-07 23:32:33,TAKEOUT,Shelf,,Shelf
6886,5/7/2026 23:35:11,000000000437,Shelf -> Other,1,2026-05-07 23:35:11,TAKEOUT,Shelf,,Shelf
6887,5/8/2026 14:7:25,000000000949,Delivery -> Cage,4,2026-05-08 14:07:25,RESTOCK,,Cage,Cage
6888,5/8/2026 14:7:57,000000000437,Cage -> Shelf,1,2026-05-08 14:07:57,TRANSFER,Cage,Shelf,Shelf
6889,5/9/2026 0:43:58,000000000536,Cage -> Shelf,2,2026-05-09 00:43:58,TRANSFER,Cage,Shelf,Shelf
6890,5/9/2026 0:44:9,000000000451,Cage -> Shelf,1,2026-05-09 00:44:09,TRANSFER,Cage,Shelf,Shelf
6891,5/9/2026 0:56:42,000000000383,Cage -> Shelf,1,2026-05-09 00:56:42,TRANSFER,Cage,Shelf,Shelf
6892,5/9/2026 1:29:12,000000000017,Cage -> Shelf,1,2026-05-09 01:29:12,TRANSFER,Cage,Shelf,Shelf
6893,5/9/2026 1:31:18,000000000840,Cage -> Shelf,5,2026-05-09 01:31:18,TRANSFER,Cage,Shelf,Shelf
6894,5/9/2026 1:42:42,000000000536,Shelf -> Cage,2,2026-05-09 01:42:42,TRANSFER,Shelf,Cage,Cage
6895,5/9/2026 1:42:48,000000000451,Shelf -> Cage,1,2026-05-09 01:42:48,TRANSFER,Shelf,Cage,Cage
6896,5/9/2026 1:42:56,000000000383,Shelf -> Cage,1,2026-05-09 01:42:56,TRANSFER,Shelf,Cage,Cage
6897,5/9/2026 1:43:3,000000000017,Shelf -> Cage,1,2026-05-09 01:43:03,TRANSFER,Shelf,Cage,Cage
6898,5/9/2026 1:43:10,000000000840,Shelf -> Cage,5,2026-05-09 01:43:10,TRANSFER,Shelf,Cage,Cage
6899,5/9/2026 1:43:40,000000000536,Shelf -> Other,2,2026-05-09 01:43:40,TAKEOUT,Shelf,,Shelf
6900,5/9/2026 1:43:46,000000000451,Shelf -> Other,1,2026-05-09 01:43:46,TAKEOUT,Shelf,,Shelf
6901,5/9/2026 1:43:51,000000000383,Shelf -> Other,1,2026-05-09 01:43:51,TAKEOUT,Shelf,,Shelf
6902,5/9/2026 1:43:56,000000000017,Shelf -> Other,1,2026-05-09 01:43:56,TAKEOUT,Shelf,,Shelf
6903,5/9/2026 1:44:2,000000000970,Shelf -> Other,1,2026-05-09 01:44:02,TAKEOUT,Shelf,,Shelf
6904,5/9/2026 1:44:12,000000000741,Shelf -> Other,2,2026-05-09 01:44:12,TAKEOUT,Shelf,,Shelf
6905,5/9/2026 22:33:41,000000000840,Shelf -> Other,10,2026-05-09 22:33:41,TAKEOUT,Shelf,,Shelf
6906,5/9/2026 22:33:46,000000000369,Shelf -> Other,1,2026-05-09 22:33:46,TAKEOUT,Shelf,,Shelf
6907,5/9/2026 22:34:7,000000000024,Shelf -> Other,10,2026-05-09 22:34:07,TAKEOUT,Shelf,,Shelf
6908,5/9/2026 22:34:12,000000000741,Shelf -> Other,1,2026-05-09 22:34:12,TAKEOUT,Shelf,,Shelf
6909,5/9/2026 22:34:54,000000001120,Shelf -> Other,2,2026-05-09 22:34:54,TAKEOUT,Shelf,,Shelf
6910,5/9/2026 22:37:40,000000000000,Shelf -> Other,1,2026-05-09 22:37:40,TAKEOUT,Shelf,,Shelf
6911,5/9/2026 22:40:3,000000000697,Shelf -> Other,1,2026-05-09 22:40:03,TAKEOUT,Shelf,,Shelf
6912,5/10/2026 16:11:25,000000000062,Shelf -> Other,1,2026-05-10 16:11:25,TAKEOUT,Shelf,,Shelf
6913,5/10/2026 16:17:31,000000000055,Shelf -> Other,1,2026-05-10 16:17:31,TAKEOUT,Shelf,,Shelf
6914,5/10/2026 19:24:15,000000000345,Shelf -> Other,1,2026-05-10 19:24:15,TAKEOUT,Shelf,,Shelf
6915,5/10/2026 19:24:28,000000000567,Shelf -> Other,1,2026-05-10 19:24:28,TAKEOUT,Shelf,,Shelf
6916,5/10/2026 20:31:54,000000000406,Shelf -> Other,1,2026-05-10 20:31:54,TAKEOUT,Shelf,,Shelf
6917,5/10/2026 20:32:17,000000000390,Shelf -> Other,1,2026-05-10 20:32:17,TAKEOUT,Shelf,,Shelf
6918,5/10/2026 20:32:34,000000000055,Shelf -> Other,2,2026-05-10 20:32:34,TAKEOUT,Shelf,,Shelf
6919,5/10/2026 20:32:50,000000000376,Shelf -> Other,1,2026-05-10 20:32:50,TAKEOUT,Shelf,,Shelf
6920,5/10/2026 20:35:37,000000000451,Shelf -> Other,1,2026-05-10 20:35:37,TAKEOUT,Shelf,,Shelf
6921,5/10/2026 21:37:45,000000000338,Shelf -> Other,1,2026-05-10 21:37:45,TAKEOUT,Shelf,,Shelf
6922,5/10/2026 21:38:54,000000000338,Shelf -> Other,1,2026-05-10 21:38:54,TAKEOUT,Shelf,,Shelf
6923,5/11/2026 16:28:55,000000000338,Shelf -> Other,1,2026-05-11 16:28:55,TAKEOUT,Shelf,,Shelf
6924,5/11/2026 19:25:54,000000001113,Shelf -> Other,4,2026-05-11 19:25:54,TAKEOUT,Shelf,,Shelf
6925,5/11/2026 19:26:16,000000000109,Shelf -> Other,4,2026-05-11 19:26:16,TAKEOUT,Shelf,,Shelf
6926,5/11/2026 19:37:43,000000000376,Shelf -> Other,1,2026-05-11 19:37:43,TAKEOUT,Shelf,,Shelf
6927,5/11/2026 19:37:58,000000000338,Shelf -> Other,1,2026-05-11 19:37:58,TAKEOUT,Shelf,,Shelf
6928,5/11/2026 19:40:19,000000000338,Shelf -> Other,1,2026-05-11 19:40:19,TAKEOUT,Shelf,,Shelf
6929,5/11/2026 19:40:54,000000000338,Other -> Shelf,2,2026-05-11 19:40:54,TRANSFER,Other,Shelf,Shelf
6930,5/11/2026 19:42:53,000000000062,Other -> Shelf,2,2026-05-11 19:42:53,TRANSFER,Other,Shelf,Shelf
6931,5/11/2026 19:43:55,000000000017,Other -> Shelf,1,2026-05-11 19:43:55,TRANSFER,Other,Shelf,Shelf
6932,5/11/2026 19:46:48,000000001090,Other -> Shelf,1,2026-05-11 19:46:48,TRANSFER,Other,Shelf,Shelf
6933,5/11/2026 19:52:7,000000000543,Other -> Shelf,1,2026-05-11 19:52:07,TRANSFER,Other,Shelf,Shelf
6934,5/12/2026 18:2:41,000000000369,Shelf -> Other,1,2026-05-12 18:02:41,TAKEOUT,Shelf,,Shelf
6935,5/13/2026 11:47:20,000000000550,Shelf -> Other,1,2026-05-13 11:47:20,TAKEOUT,Shelf,,Shelf
6936,5/13/2026 18:57:13,000000000338,RECOUNT - Shelf,3,2026-05-13 18:57:13,COUNT,,Shelf,Shelf
6937,5/13/2026 18:58:11,000000000338,Cage -> Shelf,10,2026-05-13 18:58:11,TRANSFER,Cage,Shelf,Shelf
6938,5/13/2026 18:59:15,000000000369,Cage -> Shelf,6,2026-05-13 18:59:15,TRANSFER,Cage,Shelf,Shelf
6939,5/13/2026 19:0:32,000000001120,Cage -> Shelf,8,2026-05-13 19:00:32,TRANSFER,Cage,Shelf,Shelf
6940,5/13/2026 19:1:18,000000000024,Cage -> Shelf,50,2026-05-13 19:01:18,TRANSFER,Cage,Shelf,Shelf
6941,5/13/2026 19:1:48,000000000062,Cage -> Shelf,12,2026-05-13 19:01:48,TRANSFER,Cage,Shelf,Shelf
6942,5/13/2026 19:2:8,000000000055,Cage -> Shelf,12,2026-05-13 19:02:08,TRANSFER,Cage,Shelf,Shelf
6943,5/13/2026 19:2:14,000000001014,Cage -> Shelf,1,2026-05-13 19:02:14,TRANSFER,Cage,Shelf,Shelf
6944,5/13/2026 19:2:18,000000001045,Cage -> Shelf,1,2026-05-13 19:02:18,TRANSFER,Cage,Shelf,Shelf
6945,5/13/2026 19:3:11,000000000789,Cage -> Shelf,1,2026-05-13 19:03:11,TRANSFER,Cage,Shelf,Shelf
6946,5/13/2026 19:3:28,000000000840,RECOUNT - Shelf,5,2026-05-13 19:03:28,COUNT,,Shelf,Shelf
6947,5/13/2026 19:4:4,000000000840,Cage -> Shelf,12,2026-05-13 19:04:04,TRANSFER,Cage,Shelf,Shelf
6948,5/13/2026 19:5:7,000000000451,Cage -> Shelf,2,2026-05-13 19:05:07,TRANSFER,Cage,Shelf,Shelf
6949,5/13/2026 19:5:29,000000000536,Cage -> Shelf,1,2026-05-13 19:05:29,TRANSFER,Cage,Shelf,Shelf
6950,5/13/2026 19:6:19,000000000383,Cage -> Shelf,1,2026-05-13 19:06:19,TRANSFER,Cage,Shelf,Shelf
6951,5/13/2026 19:6:39,000000000390,Cage -> Shelf,1,2026-05-13 19:06:39,TRANSFER,Cage,Shelf,Shelf
6952,5/13/2026 19:6:45,000000000406,Cage -> Shelf,1,2026-05-13 19:06:45,TRANSFER,Cage,Shelf,Shelf
6953,5/13/2026 20:30:2,000000000338,Shelf -> Other,1,2026-05-13 20:30:02,TAKEOUT,Shelf,,Shelf
6954,5/13/2026 20:37:31,000000000048,Cage -> Other,1,2026-05-13 20:37:31,TAKEOUT,Cage,,Cage
6955,5/13/2026 20:39:46,000000000574,Shelf -> Other,1,2026-05-13 20:39:46,TAKEOUT,Shelf,,Shelf
6956,5/14/2026 21:9:6,000000001137,Shelf -> Other,1,2026-05-14 21:09:06,TAKEOUT,Shelf,,Shelf
6957,5/14/2026 21:9:34,000000000840,Shelf -> Other,2,2026-05-14 21:09:34,TAKEOUT,Shelf,,Shelf
6958,5/15/2026 20:41:19,000000001120,Shelf -> Other,1,2026-05-15 20:41:19,TAKEOUT,Shelf,,Shelf
6959,5/15/2026 20:49:40,000000000550,Shelf -> Other,1,2026-05-15 20:49:40,TAKEOUT,Shelf,,Shelf
6960,5/16/2026 4:24:17,000000000000,Shelf -> Other,1,2026-05-16 04:24:17,TAKEOUT,Shelf,,Shelf
6961,5/16/2026 21:49:6,000000000338,Shelf -> Other,1,2026-05-16 21:49:06,TAKEOUT,Shelf,,Shelf
6962,5/16/2026 21:51:7,000000001090,Shelf -> Other,1,2026-05-16 21:51:07,TAKEOUT,Shelf,,Shelf
6963,5/16/2026 21:58:34,000000000024,Shelf -> Other,6,2026-05-16 21:58:34,TAKEOUT,Shelf,,Shelf
6964,5/17/2026 1:36:50,000000000536,Shelf -> Other,1,2026-05-17 01:36:50,TAKEOUT,Shelf,,Shelf
6965,5/17/2026 1:36:56,000000000338,Shelf -> Other,1,2026-05-17 01:36:56,TAKEOUT,Shelf,,Shelf
6966,5/17/2026 1:37:7,000000000383,Shelf -> Other,1,2026-05-17 01:37:07,TAKEOUT,Shelf,,Shelf
6967,5/17/2026 1:37:14,000000000451,Shelf -> Other,1,2026-05-17 01:37:14,TAKEOUT,Shelf,,Shelf
6968,5/17/2026 1:37:21,000000000024,Shelf -> Other,15,2026-05-17 01:37:21,TAKEOUT,Shelf,,Shelf
6969,5/17/2026 1:37:36,000000000062,Shelf -> Other,1,2026-05-17 01:37:36,TAKEOUT,Shelf,,Shelf
6970,5/17/2026 1:38:0,000000000741,Shelf -> Other,1,2026-05-17 01:38:00,TAKEOUT,Shelf,,Shelf
6971,5/17/2026 1:38:17,000000000338,Shelf -> Other,1,2026-05-17 01:38:17,TAKEOUT,Shelf,,Shelf
6972,5/17/2026 1:38:42,000000000345,Shelf -> Other,1,2026-05-17 01:38:42,TAKEOUT,Shelf,,Shelf
6973,5/17/2026 1:38:55,000000000451,Cage -> Shelf,5,2026-05-17 01:38:55,TRANSFER,Cage,Shelf,Shelf
6974,5/17/2026 1:40:4,000000000697,Cage -> Shelf,1,2026-05-17 01:40:04,TRANSFER,Cage,Shelf,Shelf
6975,5/17/2026 1:42:36,000000000062,Cage -> Shelf,1,2026-05-17 01:42:36,TRANSFER,Cage,Shelf,Shelf
6976,5/17/2026 10:20:53,000000000789,Delivery -> Cage,5,2026-05-17 10:20:53,RESTOCK,,Cage,Cage
6977,5/17/2026 10:21:1,000000000741,Delivery -> Cage,5,2026-05-17 10:21:01,RESTOCK,,Cage,Cage
6978,5/17/2026 10:21:30,000000000963,Delivery -> Cage,3,2026-05-17 10:21:30,RESTOCK,,Cage,Cage
6979,5/17/2026 10:21:37,000000000543,Delivery -> Cage,1,2026-05-17 10:21:37,RESTOCK,,Cage,Cage
6980,5/17/2026 10:21:43,000000000550,Delivery -> Cage,8,2026-05-17 10:21:43,RESTOCK,,Cage,Cage
6981,5/17/2026 10:21:51,000000000567,Delivery -> Cage,4,2026-05-17 10:21:51,RESTOCK,,Cage,Cage
6982,5/17/2026 10:21:58,000000000574,Delivery -> Cage,2,2026-05-17 10:21:58,RESTOCK,,Cage,Cage
6983,5/17/2026 10:22:4,000000000437,Delivery -> Cage,1,2026-05-17 10:22:04,RESTOCK,,Cage,Cage
6984,5/17/2026 10:22:12,000000000963,Cage -> Shelf,1,2026-05-17 10:22:12,TRANSFER,Cage,Shelf,Shelf
6985,5/17/2026 10:22:38,000000000550,Cage -> Shelf,5,2026-05-17 10:22:38,TRANSFER,Cage,Shelf,Shelf
6986,5/17/2026 10:27:34,000000001090,Cage -> Shelf,3,2026-05-17 10:27:34,TRANSFER,Cage,Shelf,Shelf
6987,5/17/2026 10:27:59,000000000024,Cage -> Shelf,50,2026-05-17 10:27:59,TRANSFER,Cage,Shelf,Shelf
6988,5/17/2026 11:56:58,000000000840,Shelf -> Other,1,2026-05-17 11:56:58,TAKEOUT,Shelf,,Shelf
6989,5/17/2026 11:57:8,000000001120,Shelf -> Other,1,2026-05-17 11:57:08,TAKEOUT,Shelf,,Shelf
6990,5/17/2026 15:52:56,000000000017,Shelf -> Other,2,2026-05-17 15:52:56,TAKEOUT,Shelf,,Shelf
6991,5/17/2026 15:54:3,000000000024,Shelf -> Other,2,2026-05-17 15:54:03,TAKEOUT,Shelf,,Shelf
6992,5/18/2026 19:27:32,000000000338,Shelf -> Other,1,2026-05-18 19:27:32,TAKEOUT,Shelf,,Shelf
6993,5/18/2026 19:30:55,000000000055,Shelf -> Other,1,2026-05-18 19:30:55,TAKEOUT,Shelf,,Shelf
6994,5/19/2026 2:21:51,000000000024,Shelf -> Other,3,2026-05-19 02:21:51,TAKEOUT,Shelf,,Shelf
6995,5/19/2026 2:25:15,000000000000,Shelf -> Other,1,2026-05-19 02:25:15,TAKEOUT,Shelf,,Shelf
6996,5/19/2026 14:4:54,000000000062,Shelf -> Other,1,2026-05-19 14:04:54,TAKEOUT,Shelf,,Shelf
6997,5/19/2026 14:5:6,000000000024,Shelf -> Other,1,2026-05-19 14:05:06,TAKEOUT,Shelf,,Shelf
6998,5/19/2026 14:6:18,000000000017,Shelf -> Other,1,2026-05-19 14:06:18,TAKEOUT,Shelf,,Shelf
6999,5/19/2026 15:38:44,000000000062,Shelf -> Other,4,2026-05-19 15:38:44,TAKEOUT,Shelf,,Shelf
7000,5/19/2026 15:38:53,000000001120,Shelf -> Other,2,2026-05-19 15:38:53,TAKEOUT,Shelf,,Shelf
7001,5/19/2026 15:39:4,000000000024,Shelf -> Other,6,2026-05-19 15:39:04,TAKEOUT,Shelf,,Shelf
7002,5/20/2026 1:35:52,000000000949,Cage -> Other,3,2026-05-20 01:35:52,TAKEOUT,Cage,,Cage
7003,5/20/2026 1:36:44,000000000949,RECOUNT - Cage,1,2026-05-20 01:36:44,COUNT,,Cage,Cage
7004,5/20/2026 2:4:43,000000000338,Shelf -> Other,1,2026-05-20 02:04:43,TAKEOUT,Shelf,,Shelf
7005,5/20/2026 18:26:50,000000001120,Shelf -> Other,1,2026-05-20 18:26:50,TAKEOUT,Shelf,,Shelf
7006,5/20/2026 18:26:54,000000000000,Shelf -> Other,1,2026-05-20 18:26:54,TAKEOUT,Shelf,,Shelf
7007,5/20/2026 18:26:58,000000000017,Shelf -> Other,1,2026-05-20 18:26:58,TAKEOUT,Shelf,,Shelf
7008,5/20/2026 18:27:8,000000000062,Shelf -> Other,1,2026-05-20 18:27:08,TAKEOUT,Shelf,,Shelf
7009,5/20/2026 18:27:13,000000000024,Shelf -> Other,1,2026-05-20 18:27:13,TAKEOUT,Shelf,,Shelf
7010,5/20/2026 19:41:44,000000001120,Shelf -> Other,2,2026-05-20 19:41:44,TAKEOUT,Shelf,,Shelf
7011,5/21/2026 9:55:51,000000001120,Shelf -> Other,2,2026-05-21 09:55:51,TAKEOUT,Shelf,,Shelf
7012,5/21/2026 9:55:56,000000001137,Shelf -> Other,1,2026-05-21 09:55:56,TAKEOUT,Shelf,,Shelf
7013,5/21/2026 14:3:2,000000001199,Cage -> Other,2,2026-05-21 14:03:02,TAKEOUT,Cage,,Cage
7014,5/21/2026 14:3:13,000000001205,Shelf -> Other,1,2026-05-21 14:03:13,TAKEOUT,Shelf,,Shelf
7015,5/21/2026 14:3:20,000000000338,Shelf -> Other,2,2026-05-21 14:03:20,TAKEOUT,Shelf,,Shelf
7016,5/21/2026 14:5:21,000000000369,Shelf -> Other,1,2026-05-21 14:05:21,TAKEOUT,Shelf,,Shelf
7017,5/21/2026 14:7:26,000000000338,Other -> Shelf,1,2026-05-21 14:07:26,TRANSFER,Other,Shelf,Shelf
7018,5/21/2026 14:25:26,000000001120,Shelf -> Other,1,2026-05-21 14:25:26,TAKEOUT,Shelf,,Shelf
7019,5/21/2026 14:25:33,000000000017,Shelf -> Other,1,2026-05-21 14:25:33,TAKEOUT,Shelf,,Shelf
7020,5/21/2026 15:24:1,000000000116,Cage -> Other,1,2026-05-21 15:24:01,TAKEOUT,Cage,,Cage
7021,5/21/2026 15:27:45,000000000840,Shelf -> Other,4,2026-05-21 15:27:45,TAKEOUT,Shelf,,Shelf
7022,5/21/2026 19:30:35,000000000246,Shelf -> Other,1,2026-05-21 19:30:35,TAKEOUT,Shelf,,Shelf
7023,5/21/2026 19:30:48,000000000246,Shelf -> Other,1,2026-05-21 19:30:48,TAKEOUT,Shelf,,Shelf
7024,5/21/2026 19:30:53,000000000284,Shelf -> Other,1,2026-05-21 19:30:53,TAKEOUT,Shelf,,Shelf
7025,5/21/2026 19:34:6,000000001137,Shelf -> Other,1,2026-05-21 19:34:06,TAKEOUT,Shelf,,Shelf
7026,5/22/2026 17:14:28,000000000369,Shelf -> Other,1,2026-05-22 17:14:28,TAKEOUT,Shelf,,Shelf
7027,5/22/2026 17:18:21,000000000574,Shelf -> Other,1,2026-05-22 17:18:21,TAKEOUT,Shelf,,Shelf
7028,5/22/2026 21:14:52,000000000956,Cage -> Other,3,2026-05-22 21:14:52,TAKEOUT,Cage,,Cage
7029,5/22/2026 21:21:53,000000000109,Shelf -> Other,3,2026-05-22 21:21:53,TAKEOUT,Shelf,,Shelf
7030,5/23/2026 9:50:1,000000000369,Shelf -> Other,1,2026-05-23 09:50:01,TAKEOUT,Shelf,,Shelf
7031,5/23/2026 21:23:50,000000000741,Shelf -> Other,1,2026-05-23 21:23:50,TAKEOUT,Shelf,,Shelf
7032,5/23/2026 21:24:23,000000000574,Shelf -> Other,1,2026-05-23 21:24:23,TAKEOUT,Shelf,,Shelf
7033,5/24/2026 11:14:48,000000001120,Shelf -> Other,1,2026-05-24 11:14:48,TAKEOUT,Shelf,,Shelf
7034,5/24/2026 16:36:2,000000000574,Shelf -> Other,1,2026-05-24 16:36:02,TAKEOUT,Shelf,,Shelf
7035,5/25/2026 3:15:54,000000000024,Shelf -> Other,5,2026-05-25 03:15:54,TAKEOUT,Shelf,,Shelf
7036,5/25/2026 3:16:33,000000000000,Shelf -> Other,1,2026-05-25 03:16:33,TAKEOUT,Shelf,,Shelf
7037,5/25/2026 3:16:58,000000000116,Shelf -> Other,1,2026-05-25 03:16:58,TAKEOUT,Shelf,,Shelf
7038,5/25/2026 3:17:4,000000000109,Shelf -> Other,1,2026-05-25 03:17:04,TAKEOUT,Shelf,,Shelf
7039,5/25/2026 3:17:19,000000001113,Shelf -> Other,1,2026-05-25 03:17:19,TAKEOUT,Shelf,,Shelf
7040,5/25/2026 18:4:14,000000001090,Shelf -> Other,2,2026-05-25 18:04:14,TAKEOUT,Shelf,,Shelf
7041,5/27/2026 2:10:13,000000000338,Shelf -> Other,1,2026-05-27 02:10:13,TAKEOUT,Shelf,,Shelf
7042,5/27/2026 18:51:23,000000001120,Shelf -> Other,2,2026-05-27 18:51:23,TAKEOUT,Shelf,,Shelf
7043,5/27/2026 18:51:54,000000001137,Shelf -> Other,2,2026-05-27 18:51:54,TAKEOUT,Shelf,,Shelf
7044,5/27/2026 18:52:20,000000000000,Shelf -> Other,4,2026-05-27 18:52:20,TAKEOUT,Shelf,,Shelf
7045,5/27/2026 20:33:54,000000001182,Cage -> Other,8,2026-05-27 20:33:54,TAKEOUT,Cage,,Cage
7046,5/27/2026 20:35:39,000000000284,Other -> Shelf,1,2026-05-27 20:35:39,TRANSFER,Other,Shelf,Shelf
7047,5/27/2026 20:35:45,000000000246,Other -> Shelf,1,2026-05-27 20:35:45,TRANSFER,Other,Shelf,Shelf
7048,5/27/2026 20:36:22,000000000369,Other -> Shelf,1,2026-05-27 20:36:22,TRANSFER,Other,Shelf,Shelf
7049,5/27/2026 20:56:0,000000001120,RECOUNT - Shelf,1,2026-05-27 20:56:00,COUNT,,Shelf,Shelf
7050,5/27/2026 20:56:36,000000001120,Cage -> Shelf,15,2026-05-27 20:56:36,TRANSFER,Cage,Shelf,Shelf
7051,5/27/2026 20:57:34,000000001120,RECOUNT - Cage,22,2026-05-27 20:57:34,COUNT,,Cage,Cage
7052,5/27/2026 20:57:52,000000001137,RECOUNT - Shelf,5,2026-05-27 20:57:52,COUNT,,Shelf,Shelf
7053,5/27/2026 20:58:43,000000001137,Cage -> Shelf,5,2026-05-27 20:58:43,TRANSFER,Cage,Shelf,Shelf
7054,5/27/2026 21:0:15,000000000000,Cage -> Shelf,6,2026-05-27 21:00:15,TRANSFER,Cage,Shelf,Shelf
7055,5/27/2026 21:0:29,000000000000,RECOUNT - Shelf,14,2026-05-27 21:00:29,COUNT,,Shelf,Shelf
7056,5/27/2026 21:3:57,000000000338,Cage -> Shelf,10,2026-05-27 21:03:57,TRANSFER,Cage,Shelf,Shelf
7057,5/27/2026 21:4:6,000000000369,Cage -> Shelf,10,2026-05-27 21:04:06,TRANSFER,Cage,Shelf,Shelf
7058,5/27/2026 21:4:57,000000000345,RECOUNT - Shelf,4,2026-05-27 21:04:57,COUNT,,Shelf,Shelf
7059,5/27/2026 21:5:30,000000000345,Cage -> Shelf,6,2026-05-27 21:05:30,TRANSFER,Cage,Shelf,Shelf
7060,5/27/2026 21:43:56,000000000567,Cage -> Shelf,1,2026-05-27 21:43:56,TRANSFER,Cage,Shelf,Shelf
7061,5/28/2026 5:21:28,000000000840,Shelf -> Other,2,2026-05-28 05:21:28,TAKEOUT,Shelf,,Shelf
7062,5/28/2026 7:17:45,000000000338,Shelf -> Other,1,2026-05-28 07:17:45,TAKEOUT,Shelf,,Shelf
7063,5/28/2026 7:29:54,000000000024,Shelf -> Other,1,2026-05-28 07:29:54,TAKEOUT,Shelf,,Shelf
7064,5/28/2026 7:29:59,000000000062,Shelf -> Other,1,2026-05-28 07:29:59,TAKEOUT,Shelf,,Shelf
7065,5/28/2026 7:30:9,000000000017,Shelf -> Other,1,2026-05-28 07:30:09,TAKEOUT,Shelf,,Shelf
7066,5/28/2026 7:30:22,000000000000,Shelf -> Other,1,2026-05-28 07:30:22,TAKEOUT,Shelf,,Shelf
7067,5/29/2026 20:22:36,000000001137,Shelf -> Other,1,2026-05-29 20:22:36,TAKEOUT,Shelf,,Shelf
7068,5/29/2026 20:22:54,000000000024,Shelf -> Other,1,2026-05-29 20:22:54,TAKEOUT,Shelf,,Shelf
7069,5/30/2026 2:20:11,000000000543,Shelf -> Other,1,2026-05-30 02:20:11,TAKEOUT,Shelf,,Shelf
7070,5/30/2026 14:41:31,000000000338,Shelf -> Other,1,2026-05-30 14:41:31,TAKEOUT,Shelf,,Shelf
7071,5/30/2026 22:37:12,000000000550,Shelf -> Other,1,2026-05-30 22:37:12,TAKEOUT,Shelf,,Shelf
7072,5/30/2026 23:4:48,000000001090,Shelf -> Other,2,2026-05-30 23:04:48,TAKEOUT,Shelf,,Shelf
7073,5/30/2026 23:4:58,000000001120,Shelf -> Other,3,2026-05-30 23:04:58,TAKEOUT,Shelf,,Shelf
7074,5/30/2026 23:49:33,000000000338,Shelf -> Other,1,2026-05-30 23:49:33,TAKEOUT,Shelf,,Shelf
7075,5/31/2026 8:20:41,000000000550,Shelf -> Other,1,2026-05-31 08:20:41,TAKEOUT,Shelf,,Shelf
7076,5/31/2026 8:20:49,000000000567,Shelf -> Other,1,2026-05-31 08:20:49,TAKEOUT,Shelf,,Shelf
7077,5/31/2026 8:25:12,000000000338,Shelf -> Other,3,2026-05-31 08:25:12,TAKEOUT,Shelf,,Shelf
7078,5/31/2026 8:25:14,000000000338,Shelf -> Other,3,2026-05-31 08:25:14,TAKEOUT,Shelf,,Shelf
7079,5/31/2026 8:25:49,000000000369,Shelf -> Other,1,2026-05-31 08:25:49,TAKEOUT,Shelf,,Shelf
7080,5/31/2026 13:44:14,000000000000,Shelf -> Other,1,2026-05-31 13:44:14,TAKEOUT,Shelf,,Shelf
7081,5/31/2026 13:44:20,000000000024,Shelf -> Other,2,2026-05-31 13:44:20,TAKEOUT,Shelf,,Shelf
7082,5/31/2026 13:44:27,000000000017,Shelf -> Other,1,2026-05-31 13:44:27,TAKEOUT,Shelf,,Shelf
7083,5/31/2026 13:44:33,000000000062,Shelf -> Other,2,2026-05-31 13:44:33,TAKEOUT,Shelf,,Shelf
7084,5/31/2026 13:45:59,000000000116,Shelf -> Other,1,2026-05-31 13:45:59,TAKEOUT,Shelf,,Shelf
7085,5/31/2026 19:4:33,000000000024,Shelf -> Other,10,2026-05-31 19:04:33,TAKEOUT,Shelf,,Shelf
7086,5/31/2026 19:5:0,000000000055,Shelf -> Other,1,2026-05-31 19:05:00,TAKEOUT,Shelf,,Shelf
7087,5/31/2026 19:5:18,000000000062,Shelf -> Other,2,2026-05-31 19:05:18,TAKEOUT,Shelf,,Shelf
7088,6/1/2026 22:47:30,000000000741,Shelf -> Other,1,2026-06-01 22:47:30,TAKEOUT,Shelf,,Shelf
7089,6/1/2026 22:47:42,000000000017,Shelf -> Other,1,2026-06-01 22:47:42,TAKEOUT,Shelf,,Shelf
7090,6/1/2026 22:52:41,000000000741,Cage -> Shelf,4,2026-06-01 22:52:41,TRANSFER,Cage,Shelf,Shelf
7091,6/1/2026 22:52:56,000000000741,Cage -> Other,1,2026-06-01 22:52:56,TAKEOUT,Cage,,Cage
7092,6/3/2026 18:32:2,000000000550,Shelf -> Other,1,2026-06-03 18:32:02,TAKEOUT,Shelf,,Shelf
7093,6/3/2026 18:32:42,000000000567,Shelf -> Other,1,2026-06-03 18:32:42,TAKEOUT,Shelf,,Shelf
7094,6/3/2026 18:50:46,000000000024,RECOUNT - Shelf,17,2026-06-03 18:50:46,COUNT,,Shelf,Shelf
7095,6/3/2026 18:51:15,000000000024,Cage -> Shelf,50,2026-06-03 18:51:15,TRANSFER,Cage,Shelf,Shelf
7096,6/3/2026 18:53:11,000000000062,RECOUNT - Shelf,26,2026-06-03 18:53:11,COUNT,,Shelf,Shelf
7097,6/3/2026 18:53:32,000000000062,Cage -> Shelf,12,2026-06-03 18:53:32,TRANSFER,Cage,Shelf,Shelf
7098,6/3/2026 18:54:24,000000000840,RECOUNT - Shelf,8,2026-06-03 18:54:24,COUNT,,Shelf,Shelf
7099,6/3/2026 18:55:36,000000000840,Cage -> Shelf,12,2026-06-03 18:55:36,TRANSFER,Cage,Shelf,Shelf
7100,6/3/2026 18:56:11,000000000017,RECOUNT - Shelf,13,2026-06-03 18:56:11,COUNT,,Shelf,Shelf
7101,6/3/2026 18:56:48,000000000017,Cage -> Shelf,12,2026-06-03 18:56:48,TRANSFER,Cage,Shelf,Shelf
7102,6/3/2026 18:57:47,000000001113,Cage -> Shelf,100,2026-06-03 18:57:47,TRANSFER,Cage,Shelf,Shelf
7103,6/3/2026 18:58:33,000000001113,RECOUNT - Shelf,125,2026-06-03 18:58:33,COUNT,,Shelf,Shelf
7104,6/3/2026 18:59:18,000000001120,RECOUNT - Shelf,8,2026-06-03 18:59:18,COUNT,,Shelf,Shelf
7105,6/3/2026 19:1:27,000000001120,Cage -> Shelf,14,2026-06-03 19:01:27,TRANSFER,Cage,Shelf,Shelf
7106,6/3/2026 19:6:8,000000000550,Cage -> Shelf,3,2026-06-03 19:06:08,TRANSFER,Cage,Shelf,Shelf
7107,6/3/2026 19:6:48,000000000567,Cage -> Shelf,4,2026-06-03 19:06:48,TRANSFER,Cage,Shelf,Shelf
7108,6/3/2026 19:6:56,000000000574,Cage -> Shelf,2,2026-06-03 19:06:56,TRANSFER,Cage,Shelf,Shelf
7109,6/4/2026 1:33:18,000000001090,RECOUNT - Shelf,3,2026-06-04 01:33:18,COUNT,,Shelf,Shelf
7110,6/4/2026 1:34:38,000000001090,Cage -> Shelf,5,2026-06-04 01:34:38,TRANSFER,Cage,Shelf,Shelf
7111,6/4/2026 1:34:55,000000001090,Shelf -> Other,2,2026-06-04 01:34:55,TAKEOUT,Shelf,,Shelf
7112,6/4/2026 2:10:22,000000000024,Shelf -> Other,1,2026-06-04 02:10:22,TAKEOUT,Shelf,,Shelf
7113,6/4/2026 5:3:33,000000001120,Shelf -> Other,1,2026-06-04 05:03:33,TAKEOUT,Shelf,,Shelf
7114,6/4/2026 5:3:41,000000000741,Shelf -> Other,1,2026-06-04 05:03:41,TAKEOUT,Shelf,,Shelf
7115,6/4/2026 20:1:22,000000001120,Shelf -> Other,1,2026-06-04 20:01:22,TAKEOUT,Shelf,,Shelf
7116,6/4/2026 20:4:3,000000000369,Shelf -> Other,1,2026-06-04 20:04:03,TAKEOUT,Shelf,,Shelf
7117,6/4/2026 20:4:9,000000000338,Shelf -> Other,4,2026-06-04 20:04:09,TAKEOUT,Shelf,,Shelf
7118,6/4/2026 20:6:27,000000000062,Shelf -> Other,2,2026-06-04 20:06:27,TAKEOUT,Shelf,,Shelf
7119,6/4/2026 20:8:15,000000000550,Shelf -> Other,1,2026-06-04 20:08:15,TAKEOUT,Shelf,,Shelf
7120,6/6/2026 0:7:22,000000000338,Shelf -> Other,1,2026-06-06 00:07:22,TAKEOUT,Shelf,,Shelf
7121,6/6/2026 2:41:46,000000001090,Shelf -> Other,1,2026-06-06 02:41:46,TAKEOUT,Shelf,,Shelf
7122,6/6/2026 2:41:55,000000000024,Shelf -> Other,1,2026-06-06 02:41:55,TAKEOUT,Shelf,,Shelf
7123,6/6/2026 2:50:11,000000001120,Shelf -> Other,3,2026-06-06 02:50:11,TAKEOUT,Shelf,,Shelf
7124,6/6/2026 19:18:16,000000000840,Shelf -> Other,1,2026-06-06 19:18:16,TAKEOUT,Shelf,,Shelf
7125,6/7/2026 11:34:4,000000000369,Shelf -> Other,1,2026-06-07 11:34:04,TAKEOUT,Shelf,,Shelf
7126,6/7/2026 11:41:2,000000000567,Shelf -> Other,1,2026-06-07 11:41:02,TAKEOUT,Shelf,,Shelf
7127,6/7/2026 11:58:52,000000001120,Shelf -> Other,5,2026-06-07 11:58:52,TAKEOUT,Shelf,,Shelf
7128,6/7/2026 11:59:3,000000000024,Shelf -> Other,1,2026-06-07 11:59:03,TAKEOUT,Shelf,,Shelf
7129,6/7/2026 11:59:26,000000000017,Shelf -> Other,1,2026-06-07 11:59:26,TAKEOUT,Shelf,,Shelf
7130,6/7/2026 12:36:23,000000001090,Shelf -> Other,1,2026-06-07 12:36:23,TAKEOUT,Shelf,,Shelf
7131,6/7/2026 16:39:33,000000000062,Shelf -> Other,2,2026-06-07 16:39:33,TAKEOUT,Shelf,,Shelf
7132,6/7/2026 16:40:13,000000001120,Shelf -> Other,2,2026-06-07 16:40:13,TAKEOUT,Shelf,,Shelf
7133,6/7/2026 17:37:42,000000000550,Shelf -> Other,1,2026-06-07 17:37:42,TAKEOUT,Shelf,,Shelf
7134,6/7/2026 20:12:13,000000000369,Shelf -> Other,1,2026-06-07 20:12:13,TAKEOUT,Shelf,,Shelf
7135,6/8/2026 14:18:50,000000000055,Shelf -> Other,4,2026-06-08 14:18:50,TAKEOUT,Shelf,,Shelf
7136,6/8/2026 20:10:11,000000000109,Shelf -> Other,4,2026-06-08 20:10:11,TAKEOUT,Shelf,,Shelf
7137,6/8/2026 20:26:58,000000000789,Shelf -> Other,1,2026-06-08 20:26:58,TAKEOUT,Shelf,,Shelf
7138,6/8/2026 20:37:26,000000000338,Shelf -> Other,1,2026-06-08 20:37:26,TAKEOUT,Shelf,,Shelf
7139,6/8/2026 20:40:39,000000000789,Shelf -> Other,1,2026-06-08 20:40:39,TAKEOUT,Shelf,,Shelf
7140,6/8/2026 20:45:6,000000001120,Shelf -> Other,1,2026-06-08 20:45:06,TAKEOUT,Shelf,,Shelf
7141,6/8/2026 20:47:16,000000000567,Shelf -> Other,1,2026-06-08 20:47:16,TAKEOUT,Shelf,,Shelf
7142,6/9/2026 11:18:10,000000000567,Shelf -> Other,1,2026-06-09 11:18:10,TAKEOUT,Shelf,,Shelf
7143,6/9/2026 11:18:20,000000000376,Shelf -> Other,2,2026-06-09 11:18:20,TAKEOUT,Shelf,,Shelf
7144,6/9/2026 11:18:58,000000001120,Shelf -> Other,1,2026-06-09 11:18:58,TAKEOUT,Shelf,,Shelf
7145,6/9/2026 11:19:15,000000001120,Shelf -> Other,1,2026-06-09 11:19:15,TAKEOUT,Shelf,,Shelf
7146,6/9/2026 11:19:22,000000001137,Shelf -> Other,2,2026-06-09 11:19:22,TAKEOUT,Shelf,,Shelf
7147,6/9/2026 15:42:50,000000000062,Shelf -> Other,1,2026-06-09 15:42:50,TAKEOUT,Shelf,,Shelf
7148,6/9/2026 15:46:44,000000000055,Other -> Shelf,1,2026-06-09 15:46:44,TRANSFER,Other,Shelf,Shelf
7149,6/9/2026 15:47:1,000000000437,Other -> Shelf,1,2026-06-09 15:47:01,TRANSFER,Other,Shelf,Shelf
7150,6/9/2026 15:47:30,000000000376,Other -> Shelf,3,2026-06-09 15:47:30,TRANSFER,Other,Shelf,Shelf
7151,6/9/2026 15:47:45,000000000345,Other -> Shelf,2,2026-06-09 15:47:45,TRANSFER,Other,Shelf,Shelf
7152,6/9/2026 15:48:16,000000000017,Other -> Shelf,4,2026-06-09 15:48:16,TRANSFER,Other,Shelf,Shelf
7153,6/9/2026 15:48:28,000000001137,Other -> Shelf,1,2026-06-09 15:48:28,TRANSFER,Other,Shelf,Shelf
7154,6/9/2026 15:48:43,000000000963,Other -> Shelf,1,2026-06-09 15:48:43,TRANSFER,Other,Shelf,Shelf
7155,6/9/2026 15:49:22,000000000840,Other -> Shelf,1,2026-06-09 15:49:22,TRANSFER,Other,Shelf,Shelf
7156,6/9/2026 15:49:38,000000000024,Other -> Shelf,21,2026-06-09 15:49:38,TRANSFER,Other,Shelf,Shelf
7157,6/9/2026 15:49:54,000000000789,Other -> Shelf,1,2026-06-09 15:49:54,TRANSFER,Other,Shelf,Shelf
7158,6/10/2026 2:42:22,000000000338,Shelf -> Other,1,2026-06-10 02:42:22,TAKEOUT,Shelf,,Shelf
7159,6/10/2026 8:30:44,000000000031,Shelf -> Other,1,2026-06-10 08:30:44,TAKEOUT,Shelf,,Shelf
7160,6/10/2026 8:31:5,000000000062,Shelf -> Other,2,2026-06-10 08:31:05,TAKEOUT,Shelf,,Shelf
7161,6/11/2026 16:1:31,000000000376,Shelf -> Other,2,2026-06-11 16:01:31,TAKEOUT,Shelf,,Shelf
7162,6/11/2026 16:1:43,000000000338,Shelf -> Other,2,2026-06-11 16:01:43,TAKEOUT,Shelf,,Shelf
7163,6/11/2026 19:19:43,000000000369,Shelf -> Other,1,2026-06-11 19:19:43,TAKEOUT,Shelf,,Shelf
7164,6/12/2026 8:10:9,000000000338,RECOUNT - Shelf,0,2026-06-12 08:10:09,COUNT,,Shelf,Shelf
7165,6/12/2026 8:10:21,000000000338,Cage -> Shelf,15,2026-06-12 08:10:21,TRANSFER,Cage,Shelf,Shelf
7166,6/12/2026 15:54:27,000000001120,Shelf -> Other,3,2026-06-12 15:54:27,TAKEOUT,Shelf,,Shelf
7167,6/12/2026 19:10:46,000000000338,Shelf -> Other,1,2026-06-12 19:10:46,TAKEOUT,Shelf,,Shelf
7168,6/12/2026 19:15:30,000000001090,Shelf -> Other,1,2026-06-12 19:15:30,TAKEOUT,Shelf,,Shelf
7169,6/12/2026 23:33:24,000000000338,Shelf -> Other,1,2026-06-12 23:33:24,TAKEOUT,Shelf,,Shelf
7170,6/12/2026 23:34:9,000000000451,Shelf -> Other,1,2026-06-12 23:34:09,TAKEOUT,Shelf,,Shelf
7171,6/12/2026 23:36:8,000000000260,Shelf -> Other,1,2026-06-12 23:36:08,TAKEOUT,Shelf,,Shelf
7172,6/12/2026 23:36:49,000000000536,Shelf -> Other,1,2026-06-12 23:36:49,TAKEOUT,Shelf,,Shelf
7173,6/12/2026 23:39:43,000000000321,Shelf -> Other,1,2026-06-12 23:39:43,TAKEOUT,Shelf,,Shelf
7174,6/13/2026 10:7:47,000000000840,Shelf -> Other,1,2026-06-13 10:07:47,TAKEOUT,Shelf,,Shelf
7175,6/13/2026 10:8:54,000000000741,Shelf -> Other,1,2026-06-13 10:08:54,TAKEOUT,Shelf,,Shelf
7176,6/13/2026 20:4:59,000000001120,RECOUNT - Shelf,4,2026-06-13 20:04:59,COUNT,,Shelf,Shelf
7177,6/13/2026 20:11:34,000000001120,RECOUNT - Cage,8,2026-06-13 20:11:34,COUNT,,Cage,Cage
7178,6/13/2026 20:11:50,000000001120,Delivery -> Cage,48,2026-06-13 20:11:50,RESTOCK,,Cage,Cage
7179,6/13/2026 20:12:16,000000001120,RECOUNT - Cage,43,2026-06-13 20:12:16,COUNT,,Cage,Cage
7180,6/13/2026 20:13:30,000000000338,RECOUNT - Cage,6,2026-06-13 20:13:30,COUNT,,Cage,Cage
7181,6/13/2026 20:13:48,000000000338,RECOUNT - Shelf,13,2026-06-13 20:13:48,COUNT,,Shelf,Shelf
7182,6/13/2026 20:13:59,000000000338,Delivery -> Cage,50,2026-06-13 20:13:59,RESTOCK,,Cage,Cage
7183,6/13/2026 20:15:55,000000000024,Delivery -> Cage,600,2026-06-13 20:15:55,RESTOCK,,Cage,Cage
7184,6/13/2026 20:18:0,000000000024,Cage -> Shelf,50,2026-06-13 20:18:00,TRANSFER,Cage,Shelf,Shelf
7185,6/13/2026 20:19:53,000000000550,Delivery -> Cage,5,2026-06-13 20:19:53,RESTOCK,,Cage,Cage
7186,6/13/2026 20:20:0,000000000567,Delivery -> Cage,5,2026-06-13 20:20:00,RESTOCK,,Cage,Cage
7187,6/13/2026 20:20:5,000000000574,Delivery -> Cage,3,2026-06-13 20:20:05,RESTOCK,,Cage,Cage
7188,6/13/2026 20:20:12,000000000543,Delivery -> Cage,2,2026-06-13 20:20:12,RESTOCK,,Cage,Cage
7189,6/13/2026 20:21:0,000000000550,Cage -> Shelf,2,2026-06-13 20:21:00,TRANSFER,Cage,Shelf,Shelf
7190,6/13/2026 20:22:40,000000000567,Cage -> Shelf,3,2026-06-13 20:22:40,TRANSFER,Cage,Shelf,Shelf
7191,6/13/2026 20:22:45,000000000574,Cage -> Shelf,2,2026-06-13 20:22:45,TRANSFER,Cage,Shelf,Shelf
7192,6/13/2026 20:22:50,000000000543,Cage -> Shelf,1,2026-06-13 20:22:50,TRANSFER,Cage,Shelf,Shelf
7193,6/13/2026 20:24:50,000000000574,RECOUNT - Cage,7,2026-06-13 20:24:50,COUNT,,Cage,Cage
7194,6/13/2026 20:26:27,000000000567,RECOUNT - Cage,16,2026-06-13 20:26:27,COUNT,,Cage,Cage
7195,6/13/2026 20:27:15,000000000550,RECOUNT - Cage,15,2026-06-13 20:27:15,COUNT,,Cage,Cage
7196,6/13/2026 20:27:41,000000000550,RECOUNT - Cage,16,2026-06-13 20:27:41,COUNT,,Cage,Cage
7197,6/13/2026 20:28:26,000000000543,RECOUNT - Cage,13,2026-06-13 20:28:26,COUNT,,Cage,Cage
7198,6/13/2026 20:28:37,000000000543,RECOUNT - Cage,14,2026-06-13 20:28:37,COUNT,,Cage,Cage
7199,6/13/2026 20:28:56,000000001090,RECOUNT - Cage,4,2026-06-13 20:28:56,COUNT,,Cage,Cage
7200,6/13/2026 20:29:5,000000001090,RECOUNT - Shelf,3,2026-06-13 20:29:05,COUNT,,Shelf,Shelf
7201,6/13/2026 20:29:41,000000001120,Cage -> Shelf,11,2026-06-13 20:29:41,TRANSFER,Cage,Shelf,Shelf
7202,6/13/2026 20:33:6,000000000260,Cage -> Shelf,1,2026-06-13 20:33:06,TRANSFER,Cage,Shelf,Shelf
7203,6/13/2026 20:35:24,000000000789,Cage -> Shelf,1,2026-06-13 20:35:24,TRANSFER,Cage,Shelf,Shelf
7204,6/13/2026 20:37:11,000000000451,Cage -> Shelf,1,2026-06-13 20:37:11,TRANSFER,Cage,Shelf,Shelf
7205,6/13/2026 20:41:27,000000000536,Cage -> Shelf,4,2026-06-13 20:41:27,TRANSFER,Cage,Shelf,Shelf
7206,6/13/2026 20:43:12,000000000383,Cage -> Shelf,1,2026-06-13 20:43:12,TRANSFER,Cage,Shelf,Shelf
7207,6/13/2026 20:44:4,000000000741,Cage -> Shelf,3,2026-06-13 20:44:04,TRANSFER,Cage,Shelf,Shelf
7208,6/13/2026 20:46:19,000000000772,Cage -> Shelf,1,2026-06-13 20:46:19,TRANSFER,Cage,Shelf,Shelf
7209,6/13/2026 20:46:24,000000000765,Cage -> Shelf,2,2026-06-13 20:46:24,TRANSFER,Cage,Shelf,Shelf
7210,6/13/2026 22:15:14,000000000574,Shelf -> Other,1,2026-06-13 22:15:14,TAKEOUT,Shelf,,Shelf
7211,6/13/2026 22:15:19,000000000543,Shelf -> Other,1,2026-06-13 22:15:19,TAKEOUT,Shelf,,Shelf
7212,6/13/2026 22:19:26,000000000017,Shelf -> Other,1,2026-06-13 22:19:26,TAKEOUT,Shelf,,Shelf
7213,6/13/2026 22:19:40,000000000017,Shelf -> Other,1,2026-06-13 22:19:40,TAKEOUT,Shelf,,Shelf
7214,6/13/2026 22:27:58,000000000024,Shelf -> Other,10,2026-06-13 22:27:58,TAKEOUT,Shelf,,Shelf
7215,6/13/2026 22:32:5,000000001120,Shelf -> Other,3,2026-06-13 22:32:05,TAKEOUT,Shelf,,Shelf
7216,6/13/2026 22:43:27,000000000741,Shelf -> Other,2,2026-06-13 22:43:27,TAKEOUT,Shelf,,Shelf
7217,6/13/2026 22:44:0,000000000758,Shelf -> Other,1,2026-06-13 22:44:00,TAKEOUT,Shelf,,Shelf
7218,6/13/2026 22:53:37,000000000000,Shelf -> Other,1,2026-06-13 22:53:37,TAKEOUT,Shelf,,Shelf
7219,6/13/2026 22:54:13,000000001090,Shelf -> Other,1,2026-06-13 22:54:13,TAKEOUT,Shelf,,Shelf
7220,6/14/2026 1:15:51,000000000017,Shelf -> Other,1,2026-06-14 01:15:51,TAKEOUT,Shelf,,Shelf
7221,6/14/2026 1:16:0,000000000000,Shelf -> Other,1,2026-06-14 01:16:00,TAKEOUT,Shelf,,Shelf
7222,6/14/2026 9:25:8,000000000369,Shelf -> Other,1,2026-06-14 09:25:08,TAKEOUT,Shelf,,Shelf
7223,6/14/2026 9:36:45,000000000758,Shelf -> Other,1,2026-06-14 09:36:45,TAKEOUT,Shelf,,Shelf
7224,6/14/2026 13:6:19,000000000376,Shelf -> Other,3,2026-06-14 13:06:19,TAKEOUT,Shelf,,Shelf
7225,6/14/2026 13:6:57,000000000345,Shelf -> Other,3,2026-06-14 13:06:57,TAKEOUT,Shelf,,Shelf
7226,6/14/2026 15:18:6,000000000376,Shelf -> Other,1,2026-06-14 15:18:06,TAKEOUT,Shelf,,Shelf
7227,6/14/2026 16:43:15,000000000369,Shelf -> Other,1,2026-06-14 16:43:15,TAKEOUT,Shelf,,Shelf
7228,6/14/2026 16:43:24,000000000338,Shelf -> Other,1,2026-06-14 16:43:24,TAKEOUT,Shelf,,Shelf
7229,6/14/2026 16:44:3,000000000017,Shelf -> Other,1,2026-06-14 16:44:03,TAKEOUT,Shelf,,Shelf
7230,6/14/2026 16:44:12,000000000062,Shelf -> Other,1,2026-06-14 16:44:12,TAKEOUT,Shelf,,Shelf
7231,6/17/2026 11:55:54,000000000345,Shelf -> Other,2,2026-06-17 11:55:54,TAKEOUT,Shelf,,Shelf
7232,6/17/2026 11:56:12,000000000376,Shelf -> Other,2,2026-06-17 11:56:12,TAKEOUT,Shelf,,Shelf
7233,6/17/2026 11:56:25,000000000369,Shelf -> Other,2,2026-06-17 11:56:25,TAKEOUT,Shelf,,Shelf
7234,6/17/2026 11:56:41,000000000338,Shelf -> Other,2,2026-06-17 11:56:41,TAKEOUT,Shelf,,Shelf
7235,6/17/2026 11:56:57,000000001120,Shelf -> Other,2,2026-06-17 11:56:57,TAKEOUT,Shelf,,Shelf
7236,6/17/2026 11:57:5,000000001137,Shelf -> Other,2,2026-06-17 11:57:05,TAKEOUT,Shelf,,Shelf
7237,6/17/2026 11:58:1,000000000062,Shelf -> Other,4,2026-06-17 11:58:01,TAKEOUT,Shelf,,Shelf
7238,6/17/2026 11:58:10,000000000024,Shelf -> Other,4,2026-06-17 11:58:10,TAKEOUT,Shelf,,Shelf
7239,6/17/2026 11:58:45,000000000840,Shelf -> Other,2,2026-06-17 11:58:45,TAKEOUT,Shelf,,Shelf
7240,6/17/2026 11:58:53,000000000055,Shelf -> Other,4,2026-06-17 11:58:53,TAKEOUT,Shelf,,Shelf
7241,6/17/2026 11:59:39,000000000093,Shelf -> Other,1,2026-06-17 11:59:39,TAKEOUT,Shelf,,Shelf
7242,6/17/2026 11:59:42,000000000567,Shelf -> Other,1,2026-06-17 11:59:42,TAKEOUT,Shelf,,Shelf
7243,6/17/2026 12:0:25,000000000390,Shelf -> Other,1,2026-06-17 12:00:25,TAKEOUT,Shelf,,Shelf
7244,6/17/2026 12:1:2,000000000383,Shelf -> Other,1,2026-06-17 12:01:02,TAKEOUT,Shelf,,Shelf
7245,6/18/2026 6:41:58,000000000338,Shelf -> Other,1,2026-06-18 06:41:58,TAKEOUT,Shelf,,Shelf
7246,6/18/2026 12:58:0,000000001137,RECOUNT - Shelf,6,2026-06-18 12:58:00,COUNT,,Shelf,Shelf
7247,6/18/2026 12:59:7,000000001090,RECOUNT - Shelf,2,2026-06-18 12:59:07,COUNT,,Shelf,Shelf
7248,6/18/2026 12:59:15,000000001090,RECOUNT - Cage,4,2026-06-18 12:59:15,COUNT,,Cage,Cage
7249,6/18/2026 12:59:24,000000001090,Cage -> Shelf,4,2026-06-18 12:59:24,TRANSFER,Cage,Shelf,Shelf
7250,6/18/2026 13:0:25,000000000369,Cage -> Shelf,12,2026-06-18 13:00:25,TRANSFER,Cage,Shelf,Shelf
7251,6/18/2026 13:0:58,000000000338,Cage -> Shelf,5,2026-06-18 13:00:58,TRANSFER,Cage,Shelf,Shelf
7252,6/18/2026 13:2:15,000000000345,Cage -> Shelf,6,2026-06-18 13:02:15,TRANSFER,Cage,Shelf,Shelf
7253,6/18/2026 13:3:39,000000000376,Cage -> Shelf,10,2026-06-18 13:03:39,TRANSFER,Cage,Shelf,Shelf
7254,6/18/2026 13:4:26,000000001120,Cage -> Shelf,10,2026-06-18 13:04:26,TRANSFER,Cage,Shelf,Shelf
7255,6/18/2026 13:5:14,000000001137,Cage -> Shelf,5,2026-06-18 13:05:14,TRANSFER,Cage,Shelf,Shelf
7256,6/18/2026 13:7:15,000000000062,Cage -> Shelf,12,2026-06-18 13:07:15,TRANSFER,Cage,Shelf,Shelf
7257,6/18/2026 13:10:7,000000000390,Cage -> Shelf,1,2026-06-18 13:10:07,TRANSFER,Cage,Shelf,Shelf
7258,6/18/2026 13:10:13,000000000383,Cage -> Shelf,1,2026-06-18 13:10:13,TRANSFER,Cage,Shelf,Shelf
7259,6/18/2026 13:10:55,000000000758,Cage -> Shelf,2,2026-06-18 13:10:55,TRANSFER,Cage,Shelf,Shelf
7260,6/18/2026 13:11:1,000000000741,Cage -> Shelf,3,2026-06-18 13:11:01,TRANSFER,Cage,Shelf,Shelf
7261,6/18/2026 13:16:41,000000000741,RECOUNT - Cage,5,2026-06-18 13:16:41,COUNT,,Cage,Cage
7262,6/18/2026 13:16:47,000000000758,RECOUNT - Cage,7,2026-06-18 13:16:47,COUNT,,Cage,Cage
7263,6/18/2026 13:16:52,000000001090,RECOUNT - Cage,0,2026-06-18 13:16:52,COUNT,,Cage,Cage
7264,6/18/2026 13:17:1,000000000369,RECOUNT - Cage,30,2026-06-18 13:17:01,COUNT,,Cage,Cage
7265,6/18/2026 13:17:9,000000000000,RECOUNT - Cage,12,2026-06-18 13:17:09,COUNT,,Cage,Cage
7266,6/18/2026 13:17:17,000000000383,RECOUNT - Cage,6,2026-06-18 13:17:17,COUNT,,Cage,Cage
7267,6/18/2026 13:17:26,000000000062,RECOUNT - Cage,24,2026-06-18 13:17:26,COUNT,,Cage,Cage
7268,6/18/2026 13:21:35,000000000055,Cage -> Shelf,12,2026-06-18 13:21:35,TRANSFER,Cage,Shelf,Shelf
7269,6/18/2026 20:38:9,000000000000,Shelf -> Other,1,2026-06-18 20:38:09,TAKEOUT,Shelf,,Shelf
7270,6/18/2026 21:4:37,000000000109,Shelf -> Other,3,2026-06-18 21:04:37,TAKEOUT,Shelf,,Shelf
7271,6/18/2026 22:1:43,000000000338,Shelf -> Other,1,2026-06-18 22:01:43,TAKEOUT,Shelf,,Shelf
7272,6/18/2026 22:1:49,000000000369,Shelf -> Other,1,2026-06-18 22:01:49,TAKEOUT,Shelf,,Shelf
7273,6/18/2026 22:7:27,000000000550,Shelf -> Other,1,2026-06-18 22:07:27,TAKEOUT,Shelf,,Shelf
7274,6/19/2026 0:25:56,000000000024,Shelf -> Other,1,2026-06-19 00:25:56,TAKEOUT,Shelf,,Shelf
7275,6/19/2026 0:26:18,000000000000,Shelf -> Other,1,2026-06-19 00:26:18,TAKEOUT,Shelf,,Shelf
7276,6/19/2026 1:49:49,000000001090,Shelf -> Other,2,2026-06-19 01:49:49,TAKEOUT,Shelf,,Shelf
7277,6/19/2026 1:50:2,000000001120,Shelf -> Other,1,2026-06-19 01:50:02,TAKEOUT,Shelf,,Shelf
7278,6/19/2026 16:56:44,000000000055,Shelf -> Other,2,2026-06-19 16:56:44,TAKEOUT,Shelf,,Shelf
7279,6/20/2026 3:23:7,000000001007,Cage -> Other,1,2026-06-20 03:23:07,TAKEOUT,Cage,,Cage
7280,6/20/2026 3:24:8,000000000383,Cage -> Other,1,2026-06-20 03:24:08,TAKEOUT,Cage,,Cage
7281,6/20/2026 3:24:21,000000001151,Cage -> Other,1,2026-06-20 03:24:21,TAKEOUT,Cage,,Cage
7282,6/20/2026 3:27:58,000000000536,Cage -> Other,1,2026-06-20 03:27:58,TAKEOUT,Cage,,Cage
7283,6/20/2026 3:28:46,000000000451,Cage -> Other,1,2026-06-20 03:28:46,TAKEOUT,Cage,,Cage
7284,6/20/2026 3:33:16,000000000994,Cage -> Other,1,2026-06-20 03:33:16,TAKEOUT,Cage,,Cage
7285,6/20/2026 23:54:54,000000000338,Shelf -> Other,1,2026-06-20 23:54:54,TAKEOUT,Shelf,,Shelf
7286,6/20/2026 23:55:9,000000000369,Shelf -> Other,1,2026-06-20 23:55:09,TAKEOUT,Shelf,,Shelf
7287,6/21/2026 9:35:15,000000000550,Shelf -> Other,1,2026-06-21 09:35:15,TAKEOUT,Shelf,,Shelf
7288,6/21/2026 18:56:40,000000000000,Shelf -> Other,1,2026-06-21 18:56:40,TAKEOUT,Shelf,,Shelf
7289,6/21/2026 18:56:43,000000000017,Shelf -> Other,1,2026-06-21 18:56:43,TAKEOUT,Shelf,,Shelf
7290,6/21/2026 19:1:43,000000000024,Shelf -> Other,5,2026-06-21 19:01:43,TAKEOUT,Shelf,,Shelf
7291,6/21/2026 19:2:17,000000000000,Shelf -> Other,1,2026-06-21 19:02:17,TAKEOUT,Shelf,,Shelf
7292,6/21/2026 19:2:49,000000001120,Shelf -> Other,4,2026-06-21 19:02:49,TAKEOUT,Shelf,,Shelf
7293,6/22/2026 11:30:36,000000000062,Shelf -> Other,1,2026-06-22 11:30:36,TAKEOUT,Shelf,,Shelf
7294,6/22/2026 11:30:52,000000001120,Shelf -> Other,2,2026-06-22 11:30:52,TAKEOUT,Shelf,,Shelf
7295,6/22/2026 11:31:9,000000000024,Shelf -> Other,1,2026-06-22 11:31:09,TAKEOUT,Shelf,,Shelf
7296,6/22/2026 18:54:48,000000000116,Cage -> Shelf,2,2026-06-22 18:54:48,TRANSFER,Cage,Shelf,Shelf
7297,6/22/2026 18:56:29,000000000116,Shelf -> Other,1,2026-06-22 18:56:29,TAKEOUT,Shelf,,Shelf
7298,6/22/2026 19:48:23,000000001205,Shelf -> Other,1,2026-06-22 19:48:23,TAKEOUT,Shelf,,Shelf
7299,6/22/2026 20:19:30,000000000338,Shelf -> Other,2,2026-06-22 20:19:30,TAKEOUT,Shelf,,Shelf
7300,6/22/2026 21:4:11,000000000000,Other -> Shelf,3,2026-06-22 21:04:11,TRANSFER,Other,Shelf,Shelf
7301,6/24/2026 11:30:3,000000000741,Shelf -> Other,2,2026-06-24 11:30:03,TAKEOUT,Shelf,,Shelf
7302,6/24/2026 11:31:11,000000000536,Shelf -> Other,1,2026-06-24 11:31:11,TAKEOUT,Shelf,,Shelf
7303,6/24/2026 11:31:55,000000000451,Shelf -> Other,1,2026-06-24 11:31:55,TAKEOUT,Shelf,,Shelf
7304,6/24/2026 11:32:0,000000000383,Shelf -> Other,1,2026-06-24 11:32:00,TAKEOUT,Shelf,,Shelf
7305,6/24/2026 11:33:11,000000000369,Shelf -> Other,1,2026-06-24 11:33:11,TAKEOUT,Shelf,,Shelf
7306,6/24/2026 11:33:19,000000000338,Shelf -> Other,2,2026-06-24 11:33:19,TAKEOUT,Shelf,,Shelf
7307,6/24/2026 11:36:50,000000000574,Shelf -> Other,1,2026-06-24 11:36:50,TAKEOUT,Shelf,,Shelf
7308,6/24/2026 11:37:58,000000000765,Shelf -> Other,1,2026-06-24 11:37:58,TAKEOUT,Shelf,,Shelf
7309,6/24/2026 11:49:7,000000000840,Shelf -> Other,1,2026-06-24 11:49:07,TAKEOUT,Shelf,,Shelf
7310,6/24/2026 18:21:33,000000000338,Cage -> Shelf,6,2026-06-24 18:21:33,TRANSFER,Cage,Shelf,Shelf
7311,6/24/2026 18:21:47,000000001205,Cage -> Shelf,2,2026-06-24 18:21:47,TRANSFER,Cage,Shelf,Shelf
7312,6/24/2026 18:21:55,000000000765,Cage -> Shelf,1,2026-06-24 18:21:55,TRANSFER,Cage,Shelf,Shelf
7313,6/24/2026 18:22:3,000000000383,Cage -> Shelf,2,2026-06-24 18:22:03,TRANSFER,Cage,Shelf,Shelf
7314,6/24/2026 18:22:25,000000000505,Cage -> Shelf,1,2026-06-24 18:22:25,TRANSFER,Cage,Shelf,Shelf
7315,6/24/2026 18:22:30,000000000512,Cage -> Shelf,1,2026-06-24 18:22:30,TRANSFER,Cage,Shelf,Shelf
7316,6/24/2026 18:22:40,000000000512,Shelf -> Other,1,2026-06-24 18:22:40,TAKEOUT,Shelf,,Shelf
7317,6/24/2026 18:22:45,000000000505,Shelf -> Other,1,2026-06-24 18:22:45,TAKEOUT,Shelf,,Shelf
7318,6/24/2026 18:23:2,000000000383,RECOUNT - Shelf,3,2026-06-24 18:23:02,COUNT,,Shelf,Shelf
7319,6/24/2026 18:23:11,000000001205,RECOUNT - Shelf,2,2026-06-24 18:23:11,COUNT,,Shelf,Shelf
7320,6/24/2026 18:24:47,000000001120,Cage -> Shelf,5,2026-06-24 18:24:47,TRANSFER,Cage,Shelf,Shelf
7321,6/24/2026 18:32:56,000000000000,Delivery -> Cage,24,2026-06-24 18:32:56,RESTOCK,,Cage,Cage
7322,6/24/2026 18:33:3,000000001090,Delivery -> Cage,20,2026-06-24 18:33:03,RESTOCK,,Cage,Cage
7323,6/24/2026 18:33:15,000000001120,Delivery -> Cage,48,2026-06-24 18:33:15,RESTOCK,,Cage,Cage
7324,6/24/2026 18:33:38,000000000017,Delivery -> Cage,100,2026-06-24 18:33:38,RESTOCK,,Cage,Cage
7325,6/24/2026 18:33:48,000000000383,Delivery -> Cage,10,2026-06-24 18:33:48,RESTOCK,,Cage,Cage
7326,6/24/2026 18:33:56,000000000741,Delivery -> Cage,10,2026-06-24 18:33:56,RESTOCK,,Cage,Cage
7327,6/24/2026 18:56:59,000000000635,Delivery -> Cage,9,2026-06-24 18:56:59,RESTOCK,,Cage,Cage
7328,6/24/2026 18:57:14,000000000628,Delivery -> Cage,6,2026-06-24 18:57:14,RESTOCK,,Cage,Cage
7329,6/24/2026 18:57:30,000000000635,Cage -> Shelf,5,2026-06-24 18:57:30,TRANSFER,Cage,Shelf,Shelf
7330,6/24/2026 21:43:6,000000001090,Shelf -> Other,1,2026-06-24 21:43:06,TAKEOUT,Shelf,,Shelf
7331,6/24/2026 21:43:52,000000000000,Shelf -> Other,1,2026-06-24 21:43:52,TAKEOUT,Shelf,,Shelf
7332,6/24/2026 21:43:58,000000000024,Shelf -> Other,4,2026-06-24 21:43:58,TAKEOUT,Shelf,,Shelf
7333,6/25/2026 15:48:44,000000000840,Shelf -> Other,3,2026-06-25 15:48:44,TAKEOUT,Shelf,,Shelf
7334,6/26/2026 20:51:16,000000000369,Shelf -> Other,1,2026-06-26 20:51:16,TAKEOUT,Shelf,,Shelf
7335,6/27/2026 13:28:20,000000001137,Shelf -> Other,1,2026-06-27 13:28:20,TAKEOUT,Shelf,,Shelf
7336,6/27/2026 13:28:32,000000001120,Shelf -> Other,1,2026-06-27 13:28:32,TAKEOUT,Shelf,,Shelf
7337,6/27/2026 14:26:19,000000000789,Shelf -> Other,1,2026-06-27 14:26:19,TAKEOUT,Shelf,,Shelf
7338,6/27/2026 14:36:5,000000001090,Shelf -> Other,1,2026-06-27 14:36:05,TAKEOUT,Shelf,,Shelf
7339,6/27/2026 14:58:49,000000000741,Shelf -> Other,1,2026-06-27 14:58:49,TAKEOUT,Shelf,,Shelf
7340,6/27/2026 15:3:56,000000000000,Shelf -> Other,1,2026-06-27 15:03:56,TAKEOUT,Shelf,,Shelf
7341,6/27/2026 15:28:26,000000000567,Shelf -> Other,1,2026-06-27 15:28:26,TAKEOUT,Shelf,,Shelf
7342,6/27/2026 15:30:52,000000001090,Shelf -> Other,1,2026-06-27 15:30:52,TAKEOUT,Shelf,,Shelf
7343,6/27/2026 23:25:52,000000001120,Shelf -> Other,5,2026-06-27 23:25:52,TAKEOUT,Shelf,,Shelf
7344,6/27/2026 23:25:59,000000001137,Shelf -> Other,2,2026-06-27 23:25:59,TAKEOUT,Shelf,,Shelf
7345,6/28/2026 6:6:1,000000000369,Shelf -> Other,1,2026-06-28 06:06:01,TAKEOUT,Shelf,,Shelf
7346,6/28/2026 16:55:40,000000000024,Shelf -> Other,4,2026-06-28 16:55:40,TAKEOUT,Shelf,,Shelf
7347,6/30/2026 18:47:51,000000000369,Shelf -> Other,1,2026-06-30 18:47:51,TAKEOUT,Shelf,,Shelf
7348,6/30/2026 21:42:0,000000000338,Shelf -> Other,1,2026-06-30 21:42:00,TAKEOUT,Shelf,,Shelf
7349,7/2/2026 22:18:10,000000000062,Shelf -> Other,1,2026-07-02 22:18:10,TAKEOUT,Shelf,,Shelf
7350,7/2/2026 22:18:17,000000000055,Shelf -> Other,1,2026-07-02 22:18:17,TAKEOUT,Shelf,,Shelf
7351,7/2/2026 23:27:9,000000000550,Shelf -> Other,1,2026-07-02 23:27:09,TAKEOUT,Shelf,,Shelf
7352,7/3/2026 2:52:26,000000000338,Shelf -> Other,2,2026-07-03 02:52:26,TAKEOUT,Shelf,,Shelf
7353,7/3/2026 22:27:59,000000001120,Shelf -> Other,1,2026-07-03 22:27:59,TAKEOUT,Shelf,,Shelf
7354,7/3/2026 23:8:7,000000001090,Shelf -> Other,2,2026-07-03 23:08:07,TAKEOUT,Shelf,,Shelf
7355,7/4/2026 18:5:37,000000000000,Shelf -> Other,1,2026-07-04 18:05:37,TAKEOUT,Shelf,,Shelf
7356,7/4/2026 18:6:10,000000000062,Shelf -> Other,1,2026-07-04 18:06:10,TAKEOUT,Shelf,,Shelf
7357,7/4/2026 21:26:10,000000000000,Shelf -> Other,2,2026-07-04 21:26:10,TAKEOUT,Shelf,,Shelf
7358,7/4/2026 21:26:18,000000000024,Shelf -> Other,4,2026-07-04 21:26:18,TAKEOUT,Shelf,,Shelf
7359,7/4/2026 22:1:13,000000001120,Shelf -> Other,1,2026-07-04 22:01:13,TAKEOUT,Shelf,,Shelf
7360,7/4/2026 22:6:26,000000000000,Shelf -> Other,1,2026-07-04 22:06:26,TAKEOUT,Shelf,,Shelf
7361,7/4/2026 22:6:55,000000000383,Shelf -> Other,1,2026-07-04 22:06:55,TAKEOUT,Shelf,,Shelf
7362,7/4/2026 22:8:7,000000000338,Shelf -> Other,1,2026-07-04 22:08:07,TAKEOUT,Shelf,,Shelf
7363,7/4/2026 22:8:37,000000000369,Shelf -> Other,1,2026-07-04 22:08:37,TAKEOUT,Shelf,,Shelf
7364,7/4/2026 22:11:43,000000000321,Shelf -> Other,5,2026-07-04 22:11:43,TAKEOUT,Shelf,,Shelf
7365,7/4/2026 22:27:2,000000000581,Shelf -> Other,1,2026-07-04 22:27:02,TAKEOUT,Shelf,,Shelf
7366,7/5/2026 1:26:58,000000001120,Shelf -> Other,1,2026-07-05 01:26:58,TAKEOUT,Shelf,,Shelf
7367,7/5/2026 18:0:56,000000000338,Shelf -> Other,2,2026-07-05 18:00:56,TAKEOUT,Shelf,,Shelf
7368,7/5/2026 18:5:35,000000000574,Shelf -> Other,2,2026-07-05 18:05:35,TAKEOUT,Shelf,,Shelf
7369,7/6/2026 17:3:48,000000000109,Shelf -> Other,1,2026-07-06 17:03:48,TAKEOUT,Shelf,,Shelf
7370,7/7/2026 7:47:59,000000000741,Shelf -> Other,1,2026-07-07 07:47:59,TAKEOUT,Shelf,,Shelf
7371,7/7/2026 15:44:3,000000000109,Shelf -> Other,5,2026-07-07 15:44:03,TAKEOUT,Shelf,,Shelf
7372,7/8/2026 13:34:24,000000000369,Shelf -> Other,1,2026-07-08 13:34:24,TAKEOUT,Shelf,,Shelf
7373,7/8/2026 13:46:0,000000001120,RECOUNT - Shelf,5,2026-07-08 13:46:00,COUNT,,Shelf,Shelf
7374,7/8/2026 13:47:24,000000001120,Cage -> Shelf,10,2026-07-08 13:47:24,TRANSFER,Cage,Shelf,Shelf
7375,7/8/2026 13:47:55,000000000499,Other -> Shelf,1,2026-07-08 13:47:55,TRANSFER,Other,Shelf,Shelf
7376,7/8/2026 13:51:50,000000000369,Cage -> Shelf,8,2026-07-08 13:51:50,TRANSFER,Cage,Shelf,Shelf
7377,7/8/2026 13:52:38,000000000338,Cage -> Shelf,6,2026-07-08 13:52:38,TRANSFER,Cage,Shelf,Shelf
7378,7/8/2026 13:53:8,000000001090,Cage -> Shelf,5,2026-07-08 13:53:08,TRANSFER,Cage,Shelf,Shelf
7379,7/8/2026 13:54:0,000000000574,Cage -> Shelf,4,2026-07-08 13:54:00,TRANSFER,Cage,Shelf,Shelf
7380,7/8/2026 13:54:9,000000000567,Cage -> Shelf,2,2026-07-08 13:54:09,TRANSFER,Cage,Shelf,Shelf
7381,7/8/2026 13:54:16,000000000550,Cage -> Shelf,3,2026-07-08 13:54:16,TRANSFER,Cage,Shelf,Shelf
7382,7/8/2026 13:54:23,000000000543,Cage -> Shelf,1,2026-07-08 13:54:23,TRANSFER,Cage,Shelf,Shelf
7383,7/8/2026 13:57:12,000000000000,Cage -> Shelf,7,2026-07-08 13:57:12,TRANSFER,Cage,Shelf,Shelf
7384,7/8/2026 13:58:11,000000000383,Cage -> Shelf,2,2026-07-08 13:58:11,TRANSFER,Cage,Shelf,Shelf
7385,7/8/2026 13:58:44,000000000741,Cage -> Shelf,3,2026-07-08 13:58:44,TRANSFER,Cage,Shelf,Shelf
7386,7/9/2026 6:31:16,000000000369,Shelf -> Other,1,2026-07-09 06:31:16,TAKEOUT,Shelf,,Shelf
7387,7/9/2026 6:31:19,000000000055,Shelf -> Other,1,2026-07-09 06:31:19,TAKEOUT,Shelf,,Shelf
7388,7/9/2026 6:31:51,000000000024,Shelf -> Other,1,2026-07-09 06:31:51,TAKEOUT,Shelf,,Shelf
7389,7/11/2026 7:27:28,000000000369,Shelf -> Other,3,2026-07-11 07:27:28,TAKEOUT,Shelf,,Shelf
7390,7/11/2026 18:33:50,000000000109,Shelf -> Other,1,2026-07-11 18:33:50,TAKEOUT,Shelf,,Shelf
7391,7/11/2026 18:33:55,000000001113,Shelf -> Other,3,2026-07-11 18:33:55,TAKEOUT,Shelf,,Shelf
7392,7/11/2026 20:30:9,000000000024,Shelf -> Other,4,2026-07-11 20:30:09,TAKEOUT,Shelf,,Shelf
7393,7/11/2026 20:47:8,000000001090,Shelf -> Other,2,2026-07-11 20:47:08,TAKEOUT,Shelf,,Shelf
7394,7/11/2026 23:53:42,000000000741,Shelf -> Other,1,2026-07-11 23:53:42,TAKEOUT,Shelf,,Shelf
7395,7/12/2026 3:28:10,000000000024,Shelf -> Other,3,2026-07-12 03:28:10,TAKEOUT,Shelf,,Shelf
7396,7/12/2026 3:28:34,000000000055,Shelf -> Other,1,2026-07-12 03:28:34,TAKEOUT,Shelf,,Shelf
7397,7/12/2026 3:28:46,000000000000,Shelf -> Other,1,2026-07-12 03:28:46,TAKEOUT,Shelf,,Shelf
7398,7/12/2026 19:10:12,000000000024,Shelf -> Other,6,2026-07-12 19:10:12,TAKEOUT,Shelf,,Shelf
7399,7/12/2026 19:10:24,000000000017,Shelf -> Other,1,2026-07-12 19:10:24,TAKEOUT,Shelf,,Shelf
7400,7/12/2026 19:10:31,000000000000,Shelf -> Other,1,2026-07-12 19:10:31,TAKEOUT,Shelf,,Shelf
7401,7/12/2026 20:40:30,000000000550,Shelf -> Other,1,2026-07-12 20:40:30,TAKEOUT,Shelf,,Shelf
7402,7/12/2026 20:42:18,000000001090,Shelf -> Other,2,2026-07-12 20:42:18,TAKEOUT,Shelf,,Shelf
7403,7/12/2026 20:46:28,000000000055,Shelf -> Other,3,2026-07-12 20:46:28,TAKEOUT,Shelf,,Shelf
7404,7/12/2026 20:47:21,000000000062,Shelf -> Other,3,2026-07-12 20:47:21,TAKEOUT,Shelf,,Shelf
7405,7/13/2026 17:37:56,000000000024,Shelf -> Other,1,2026-07-13 17:37:56,TAKEOUT,Shelf,,Shelf
7406,7/13/2026 17:38:2,000000000055,Shelf -> Other,1,2026-07-13 17:38:02,TAKEOUT,Shelf,,Shelf
7407,7/14/2026 13:53:36,000000001120,Shelf -> Other,4,2026-07-14 13:53:36,TAKEOUT,Shelf,,Shelf
7408,7/14/2026 13:54:33,000000000345,Shelf -> Other,1,2026-07-14 13:54:33,TAKEOUT,Shelf,,Shelf
7409,7/14/2026 13:54:39,000000000338,Shelf -> Other,1,2026-07-14 13:54:39,TAKEOUT,Shelf,,Shelf
7410,7/14/2026 19:43:52,000000000574,Shelf -> Other,1,2026-07-14 19:43:52,TAKEOUT,Shelf,,Shelf
7411,7/14/2026 21:51:25,000000001120,Shelf -> Other,3,2026-07-14 21:51:25,TAKEOUT,Shelf,,Shelf
7412,7/14/2026 21:52:0,000000000840,Shelf -> Other,1,2026-07-14 21:52:00,TAKEOUT,Shelf,,Shelf
7413,7/15/2026 17:48:29,000000000024,Delivery -> Cage,26,2026-07-15 17:48:29,RESTOCK,,Cage,Cage
7414,7/15/2026 17:48:41,000000000024,Cage -> Shelf,26,2026-07-15 17:48:41,TRANSFER,Cage,Shelf,Shelf
7415,7/15/2026 17:51:35,000000000840,Cage -> Shelf,7,2026-07-15 17:51:35,TRANSFER,Cage,Shelf,Shelf
7416,7/15/2026 17:52:0,000000000840,RECOUNT - Shelf,16,2026-07-15 17:52:00,COUNT,,Shelf,Shelf
7417,7/15/2026 17:53:1,000000001120,RECOUNT - Shelf,8,2026-07-15 17:53:01,COUNT,,Shelf,Shelf
7418,7/15/2026 17:53:21,000000001120,Cage -> Shelf,7,2026-07-15 17:53:21,TRANSFER,Cage,Shelf,Shelf
7419,7/15/2026 17:55:24,000000000321,Cage -> Shelf,5,2026-07-15 17:55:24,TRANSFER,Cage,Shelf,Shelf
7420,7/15/2026 17:57:32,000000001090,Cage -> Shelf,6,2026-07-15 17:57:32,TRANSFER,Cage,Shelf,Shelf
7421,7/16/2026 19:22:24,000000000017,Shelf -> Other,3,2026-07-16 19:22:24,TAKEOUT,Shelf,,Shelf
7422,7/16/2026 19:22:49,000000000369,Shelf -> Other,1,2026-07-16 19:22:49,TAKEOUT,Shelf,,Shelf
7423,7/16/2026 19:23:54,000000000840,Shelf -> Other,1,2026-07-16 19:23:54,TAKEOUT,Shelf,,Shelf
7424,7/17/2026 20:2:55,000000001090,Shelf -> Other,1,2026-07-17 20:02:55,TAKEOUT,Shelf,,Shelf
7425,7/17/2026 20:3:28,000000000000,Shelf -> Other,1,2026-07-17 20:03:28,TAKEOUT,Shelf,,Shelf
7426,7/17/2026 20:10:52,000000000338,Shelf -> Other,2,2026-07-17 20:10:52,TAKEOUT,Shelf,,Shelf
7427,7/17/2026 23:57:23,000000000567,Shelf -> Other,1,2026-07-17 23:57:23,TAKEOUT,Shelf,,Shelf
7428,7/18/2026 5:2:2,000000000338,Shelf -> Other,1,2026-07-18 05:02:02,TAKEOUT,Shelf,,Shelf
7429,7/18/2026 14:56:21,000000000741,Shelf -> Other,1,2026-07-18 14:56:21,TAKEOUT,Shelf,,Shelf
7430,7/18/2026 14:57:34,000000000017,Shelf -> Other,1,2026-07-18 14:57:34,TAKEOUT,Shelf,,Shelf
7431,7/18/2026 16:39:56,000000000338,Shelf -> Other,1,2026-07-18 16:39:56,TAKEOUT,Shelf,,Shelf
7432,7/18/2026 21:42:54,000000000550,Shelf -> Other,2,2026-07-18 21:42:54,TAKEOUT,Shelf,,Shelf
7433,7/18/2026 21:43:1,000000000574,Shelf -> Other,1,2026-07-18 21:43:01,TAKEOUT,Shelf,,Shelf
7434,7/18/2026 21:43:50,000000000543,Shelf -> Other,1,2026-07-18 21:43:50,TAKEOUT,Shelf,,Shelf
7435,7/18/2026 21:44:23,000000000574,Shelf -> Other,1,2026-07-18 21:44:23,TAKEOUT,Shelf,,Shelf
7436,7/19/2026 10:11:40,000000000338,Shelf -> Other,2,2026-07-19 10:11:40,TAKEOUT,Shelf,,Shelf
7437,7/19/2026 10:13:11,000000001120,Shelf -> Other,2,2026-07-19 10:13:11,TAKEOUT,Shelf,,Shelf
7438,7/19/2026 14:45:35,000000000338,Shelf -> Other,1,2026-07-19 14:45:35,TAKEOUT,Shelf,,Shelf
7439,7/19/2026 14:45:54,000000001090,Shelf -> Other,1,2026-07-19 14:45:54,TAKEOUT,Shelf,,Shelf
7440,7/19/2026 15:8:41,000000000451,Shelf -> Other,1,2026-07-19 15:08:41,TAKEOUT,Shelf,,Shelf
7441,7/19/2026 15:11:7,000000000536,Shelf -> Other,1,2026-07-19 15:11:07,TAKEOUT,Shelf,,Shelf
7442,7/19/2026 15:13:53,000000000369,Shelf -> Other,1,2026-07-19 15:13:53,TAKEOUT,Shelf,,Shelf
7443,7/20/2026 11:22:12,000000000338,Shelf -> Other,2,2026-07-20 11:22:12,TAKEOUT,Shelf,,Shelf
7444,7/20/2026 19:11:16,000000000109,Shelf -> Other,2,2026-07-20 19:11:16,TAKEOUT,Shelf,,Shelf
7445,7/21/2026 16:54:5,000000000345,Shelf -> Other,1,2026-07-21 16:54:05,TAKEOUT,Shelf,,Shelf
7446,7/22/2026 7:41:49,000000000338,Shelf -> Other,1,2026-07-22 07:41:49,TAKEOUT,Shelf,,Shelf
7447,7/22/2026 17:58:25,000000000338,RECOUNT - Shelf,4,2026-07-22 17:58:25,COUNT,,Shelf,Shelf
7448,7/22/2026 17:59:57,000000000338,Cage -> Shelf,11,2026-07-22 17:59:57,TRANSFER,Cage,Shelf,Shelf
7449,7/22/2026 18:1:3,000000000109,Cage -> Shelf,45,2026-07-22 18:01:03,TRANSFER,Cage,Shelf,Shelf
7450,7/22/2026 18:2:21,000000000451,RECOUNT - Shelf,2,2026-07-22 18:02:21,COUNT,,Shelf,Shelf
7451,7/22/2026 18:2:30,000000000451,Cage -> Shelf,2,2026-07-22 18:02:30,TRANSFER,Cage,Shelf,Shelf
7452,7/22/2026 18:2:55,000000000451,Cage -> Shelf,1,2026-07-22 18:02:55,TRANSFER,Cage,Shelf,Shelf
7453,7/22/2026 18:4:3,000000000536,RECOUNT - Shelf,2,2026-07-22 18:04:03,COUNT,,Shelf,Shelf
7454,7/22/2026 18:5:26,000000000536,Cage -> Shelf,2,2026-07-22 18:05:26,TRANSFER,Cage,Shelf,Shelf
7455,7/22/2026 18:6:21,000000000741,RECOUNT - Shelf,2,2026-07-22 18:06:21,COUNT,,Shelf,Shelf
7456,7/22/2026 18:7:7,000000000741,Cage -> Shelf,2,2026-07-22 18:07:07,TRANSFER,Cage,Shelf,Shelf
7457,7/22/2026 19:20:44,000000000741,Shelf -> Other,1,2026-07-22 19:20:44,TAKEOUT,Shelf,,Shelf
7458,7/22/2026 20:2:15,000000000024,Other -> Shelf,23,2026-07-22 20:02:15,TRANSFER,Other,Shelf,Shelf
7459,7/22/2026 20:2:31,000000001120,Other -> Shelf,1,2026-07-22 20:02:31,TRANSFER,Other,Shelf,Shelf
7460,7/22/2026 20:2:43,000000001137,Other -> Shelf,4,2026-07-22 20:02:43,TRANSFER,Other,Shelf,Shelf
7461,7/22/2026 20:2:48,000000000369,Other -> Shelf,1,2026-07-22 20:02:48,TRANSFER,Other,Shelf,Shelf
7462,7/22/2026 20:3:5,000000000758,Other -> Shelf,1,2026-07-22 20:03:05,TRANSFER,Other,Shelf,Shelf
7463,7/22/2026 20:3:25,000000000451,Other -> Shelf,1,2026-07-22 20:03:25,TRANSFER,Other,Shelf,Shelf
7464,7/22/2026 20:3:42,000000000451,Shelf -> Cage,1,2026-07-22 20:03:42,TRANSFER,Shelf,Cage,Cage
7465,7/23/2026 10:44:30,000000000000,Shelf -> Other,2,2026-07-23 10:44:30,TAKEOUT,Shelf,,Shelf
7466,7/23/2026 10:56:37,000000000000,Shelf -> Other,1,2026-07-23 10:56:37,TAKEOUT,Shelf,,Shelf
7467,7/23/2026 10:57:20,000000000369,Shelf -> Other,3,2026-07-23 10:57:20,TAKEOUT,Shelf,,Shelf
7468,7/23/2026 15:9:54,000000000000,Shelf -> Other,1,2026-07-23 15:09:54,TAKEOUT,Shelf,,Shelf
7469,7/23/2026 15:10:1,000000000369,Shelf -> Other,1,2026-07-23 15:10:01,TAKEOUT,Shelf,,Shelf
7470,7/23/2026 15:10:4,000000000017,Shelf -> Other,1,2026-07-23 15:10:04,TAKEOUT,Shelf,,Shelf
7471,7/23/2026 20:20:18,000000000369,Shelf -> Other,1,2026-07-23 20:20:18,TAKEOUT,Shelf,,Shelf
7472,7/23/2026 20:21:36,000000000369,Shelf -> Other,1,2026-07-23 20:21:36,TAKEOUT,Shelf,,Shelf
7473,7/25/2026 8:15:17,000000001090,Shelf -> Other,1,2026-07-25 08:15:17,TAKEOUT,Shelf,,Shelf
7474,7/26/2026 19:22:31,000000000550,Shelf -> Other,1,2026-07-26 19:22:31,TAKEOUT,Shelf,,Shelf
7475,7/26/2026 19:27:21,000000000086,Shelf -> Other,1,2026-07-26 19:27:21,TAKEOUT,Shelf,,Shelf
7476,7/26/2026 19:27:35,000000000116,Shelf -> Other,1,2026-07-26 19:27:35,TAKEOUT,Shelf,,Shelf
7477,7/26/2026 19:44:36,000000000093,Shelf -> Other,1,2026-07-26 19:44:36,TAKEOUT,Shelf,,Shelf
7478,7/26/2026 19:45:44,000000000062,Shelf -> Other,2,2026-07-26 19:45:44,TAKEOUT,Shelf,,Shelf
7479,7/27/2026 3:36:41,000000000338,Shelf -> Other,1,2026-07-27 03:36:41,TAKEOUT,Shelf,,Shelf
7480,7/27/2026 3:37:56,000000000437,Shelf -> Other,1,2026-07-27 03:37:56,TAKEOUT,Shelf,,Shelf
7481,7/28/2026 21:38:32,000000000345,Shelf -> Other,2,2026-07-28 21:38:32,TAKEOUT,Shelf,,Shelf
7482,7/28/2026 21:38:58,000000000840,Shelf -> Other,2,2026-07-28 21:38:58,TAKEOUT,Shelf,,Shelf
7483,7/28/2026 21:39:16,000000000758,Shelf -> Other,1,2026-07-28 21:39:16,TAKEOUT,Shelf,,Shelf
7484,7/29/2026 8:6:26,000000000093,Shelf -> Other,1,2026-07-29 08:06:26,TAKEOUT,Shelf,,Shelf
7485,7/29/2026 13:0:45,000000001120,Shelf -> Other,4,2026-07-29 13:00:45,TAKEOUT,Shelf,,Shelf
7486,7/29/2026 13:1:45,000000001120,Cage -> Shelf,2,2026-07-29 13:01:45,TRANSFER,Cage,Shelf,Shelf
7487,7/29/2026 13:2:19,000000001120,Cage -> Shelf,4,2026-07-29 13:02:19,TRANSFER,Cage,Shelf,Shelf
7488,7/29/2026 19:2:33,000000000017,Shelf -> Other,2,2026-07-29 19:02:33,TAKEOUT,Shelf,,Shelf
7489,7/29/2026 19:9:28,000000000376,Other -> Shelf,3,2026-07-29 19:09:28,TRANSFER,Other,Shelf,Shelf
7490,7/29/2026 19:9:33,000000000345,Other -> Shelf,3,2026-07-29 19:09:33,TRANSFER,Other,Shelf,Shelf
7491,7/29/2026 19:10:1,000000000499,Other -> Shelf,1,2026-07-29 19:10:01,TRANSFER,Other,Shelf,Shelf
7492,7/29/2026 19:10:42,000000001120,Other -> Shelf,3,2026-07-29 19:10:42,TRANSFER,Other,Shelf,Shelf
7493,7/29/2026 19:10:49,000000001137,Other -> Shelf,1,2026-07-29 19:10:49,TRANSFER,Other,Shelf,Shelf
7494,7/29/2026 19:13:30,000000000017,Cage -> Shelf,13,2026-07-29 19:13:30,TRANSFER,Cage,Shelf,Shelf
7495,7/29/2026 19:14:48,000000000383,RECOUNT - Shelf,5,2026-07-29 19:14:48,COUNT,,Shelf,Shelf
7496,7/29/2026 19:14:59,000000000383,Shelf -> Cage,1,2026-07-29 19:14:59,TRANSFER,Shelf,Cage,Cage
7497,7/29/2026 19:16:16,000000000758,RECOUNT - Shelf,4,2026-07-29 19:16:16,COUNT,,Shelf,Shelf
7498,7/29/2026 19:16:29,000000000741,RECOUNT - Shelf,4,2026-07-29 19:16:29,COUNT,,Shelf,Shelf
7499,7/29/2026 19:16:34,000000001090,RECOUNT - Shelf,4,2026-07-29 19:16:34,COUNT,,Shelf,Shelf
7500,7/29/2026 19:16:40,000000000574,RECOUNT - Shelf,5,2026-07-29 19:16:40,COUNT,,Shelf,Shelf
7501,7/29/2026 19:16:48,000000000567,RECOUNT - Shelf,7,2026-07-29 19:16:48,COUNT,,Shelf,Shelf
7502,7/29/2026 19:16:54,000000000550,RECOUNT - Shelf,8,2026-07-29 19:16:54,COUNT,,Shelf,Shelf
7503,7/29/2026 19:17:1,000000000543,RECOUNT - Shelf,7,2026-07-29 19:17:01,COUNT,,Shelf,Shelf
7504,7/29/2026 19:19:0,000000000543,Cage -> Shelf,1,2026-07-29 19:19:00,TRANSFER,Cage,Shelf,Shelf
7505,7/29/2026 19:19:7,000000000550,Cage -> Shelf,4,2026-07-29 19:19:07,TRANSFER,Cage,Shelf,Shelf
7506,7/29/2026 19:19:11,000000000567,Cage -> Shelf,1,2026-07-29 19:19:11,TRANSFER,Cage,Shelf,Shelf
7507,7/29/2026 19:20:0,000000000574,Cage -> Shelf,3,2026-07-29 19:20:00,TRANSFER,Cage,Shelf,Shelf
7508,7/30/2026 12:16:46,000000001090,Shelf -> Other,1,2026-07-30 12:16:46,TAKEOUT,Shelf,,Shelf
7509,7/30/2026 13:6:30,000000001137,Shelf -> Other,2,2026-07-30 13:06:30,TAKEOUT,Shelf,,Shelf
7510,7/30/2026 17:47:50,000000000567,Shelf -> Other,1,2026-07-30 17:47:50,TAKEOUT,Shelf,,Shelf
7511,7/30/2026 19:52:1,000000000345,Shelf -> Other,3,2026-07-30 19:52:01,TAKEOUT,Shelf,,Shelf
7512,7/30/2026 19:52:7,000000000376,Shelf -> Other,2,2026-07-30 19:52:07,TAKEOUT,Shelf,,Shelf
7513,7/31/2026 7:38:36,000000000369,Shelf -> Other,1,2026-07-31 07:38:36,TAKEOUT,Shelf,,Shelf
7514,7/31/2026 7:38:41,000000000338,Shelf -> Other,1,2026-07-31 07:38:41,TAKEOUT,Shelf,,Shelf
7515,7/31/2026 23:28:15,000000001090,Shelf -> Other,1,2026-07-31 23:28:15,TAKEOUT,Shelf,,Shelf
7516,8/1/2026 14:13:38,000000000062,Shelf -> Other,1,2026-08-01 14:13:38,TAKEOUT,Shelf,,Shelf
7517,8/1/2026 14:13:48,000000000741,Shelf -> Other,1,2026-08-01 14:13:48,TAKEOUT,Shelf,,Shelf
7518,8/1/2026 14:14:4,000000001120,Shelf -> Other,1,2026-08-01 14:14:04,TAKEOUT,Shelf,,Shelf
7519,8/1/2026 14:14:14,000000000017,Shelf -> Other,1,2026-08-01 14:14:14,TAKEOUT,Shelf,,Shelf
7520,8/1/2026 14:14:45,000000000789,Shelf -> Other,1,2026-08-01 14:14:45,TAKEOUT,Shelf,,Shelf
7521,8/1/2026 22:31:18,000000001137,Shelf -> Other,1,2026-08-01 22:31:18,TAKEOUT,Shelf,,Shelf
7522,8/2/2026 5:54:9,000000000550,Shelf -> Other,2,2026-08-02 05:54:09,TAKEOUT,Shelf,,Shelf
7523,8/2/2026 5:55:41,000000000574,Shelf -> Other,1,2026-08-02 05:55:41,TAKEOUT,Shelf,,Shelf
7524,8/2/2026 10:0:34,000000000024,Shelf -> Other,2,2026-08-02 10:00:34,TAKEOUT,Shelf,,Shelf
7525,8/2/2026 10:1:4,000000001120,Shelf -> Other,2,2026-08-02 10:01:04,TAKEOUT,Shelf,,Shelf
7526,8/2/2026 10:1:21,000000001144,Shelf -> Other,1,2026-08-02 10:01:21,TAKEOUT,Shelf,,Shelf
7527,8/4/2026 20:34:51,000000000109,Shelf -> Other,5,2026-08-04 20:34:51,TAKEOUT,Shelf,,Shelf
7528,8/5/2026 18:46:47,000000001090,Delivery -> Cage,30,2026-08-05 18:46:47,RESTOCK,,Cage,Cage
7529,8/5/2026 18:46:57,000000000567,Delivery -> Cage,3,2026-08-05 18:46:57,RESTOCK,,Cage,Cage
7530,8/5/2026 18:47:3,000000000550,Delivery -> Cage,3,2026-08-05 18:47:03,RESTOCK,,Cage,Cage
7531,8/5/2026 18:47:10,000000000543,Delivery -> Cage,3,2026-08-05 18:47:10,RESTOCK,,Cage,Cage
7532,8/5/2026 18:47:18,000000000574,Delivery -> Cage,10,2026-08-05 18:47:18,RESTOCK,,Cage,Cage
7533,8/5/2026 18:48:32,000000000550,Cage -> Shelf,2,2026-08-05 18:48:32,TRANSFER,Cage,Shelf,Shelf
7534,8/5/2026 18:48:47,000000001090,Cage -> Shelf,7,2026-08-05 18:48:47,TRANSFER,Cage,Shelf,Shelf
7535,8/5/2026 18:54:8,000000000789,Cage -> Shelf,2,2026-08-05 18:54:08,TRANSFER,Cage,Shelf,Shelf
7536,8/5/2026 18:55:6,000000000116,Cage -> Shelf,1,2026-08-05 18:55:06,TRANSFER,Cage,Shelf,Shelf
7537,8/5/2026 20:41:23,000000000017,Shelf -> Other,1,2026-08-05 20:41:23,TAKEOUT,Shelf,,Shelf
7538,8/5/2026 20:50:47,000000000741,Other -> Shelf,2,2026-08-05 20:50:47,TRANSFER,Other,Shelf,Shelf
7539,8/5/2026 20:50:52,000000000758,Other -> Shelf,2,2026-08-05 20:50:52,TRANSFER,Other,Shelf,Shelf
7540,8/5/2026 20:51:1,000000000376,Other -> Shelf,3,2026-08-05 20:51:01,TRANSFER,Other,Shelf,Shelf
7541,8/5/2026 20:51:9,000000000345,Other -> Shelf,2,2026-08-05 20:51:09,TRANSFER,Other,Shelf,Shelf
7542,8/5/2026 20:58:54,000000000116,Cage -> Shelf,1,2026-08-05 20:58:54,TRANSFER,Cage,Shelf,Shelf
7543,8/6/2026 0:41:16,000000000741,Shelf -> Other,1,2026-08-06 00:41:16,TAKEOUT,Shelf,,Shelf
7544,8/6/2026 12:44:21,000000000741,Shelf -> Other,1,2026-08-06 12:44:21,TAKEOUT,Shelf,,Shelf
7545,8/6/2026 17:34:29,000000001120,Shelf -> Other,1,2026-08-06 17:34:29,TAKEOUT,Shelf,,Shelf
7546,8/6/2026 17:35:2,000000000840,Shelf -> Other,1,2026-08-06 17:35:02,TAKEOUT,Shelf,,Shelf
7547,8/8/2026 21:10:53,000000000024,Shelf -> Other,1,2026-08-08 21:10:53,TAKEOUT,Shelf,,Shelf
7548,8/8/2026 21:11:1,000000000062,Shelf -> Other,1,2026-08-08 21:11:01,TAKEOUT,Shelf,,Shelf
7549,8/8/2026 21:11:15,000000000963,Shelf -> Other,1,2026-08-08 21:11:15,TAKEOUT,Shelf,,Shelf
7550,8/8/2026 22:39:34,000000000543,Shelf -> Other,1,2026-08-08 22:39:34,TAKEOUT,Shelf,,Shelf
7551,8/8/2026 22:39:38,000000000369,Shelf -> Other,2,2026-08-08 22:39:38,TAKEOUT,Shelf,,Shelf
7552,8/8/2026 22:39:46,000000000338,Shelf -> Other,2,2026-08-08 22:39:46,TAKEOUT,Shelf,,Shelf
7553,8/8/2026 22:43:19,000000000758,Shelf -> Other,1,2026-08-08 22:43:19,TAKEOUT,Shelf,,Shelf
7554,8/9/2026 19:15:37,000000000338,Shelf -> Other,1,2026-08-09 19:15:37,TAKEOUT,Shelf,,Shelf
7555,8/10/2026 11:36:10,000000000369,Shelf -> Other,3,2026-08-10 11:36:10,TAKEOUT,Shelf,,Shelf
7556,8/12/2026 10:8:18,000000001113,Shelf -> Other,5,2026-08-12 10:08:18,TAKEOUT,Shelf,,Shelf
7557,8/12/2026 10:30:58,000000000840,Shelf -> Other,2,2026-08-12 10:30:58,TAKEOUT,Shelf,,Shelf
7558,8/12/2026 10:32:4,000000001212,Shelf -> Other,1,2026-08-12 10:32:04,TAKEOUT,Shelf,,Shelf
7559,8/12/2026 10:32:37,000000001205,Shelf -> Other,1,2026-08-12 10:32:37,TAKEOUT,Shelf,,Shelf
7560,8/12/2026 10:34:2,000000000055,Shelf -> Other,1,2026-08-12 10:34:02,TAKEOUT,Shelf,,Shelf
7561,8/12/2026 10:34:35,000000000062,Shelf -> Other,1,2026-08-12 10:34:35,TAKEOUT,Shelf,,Shelf
7562,8/12/2026 16:15:15,000000000116,Delivery -> Cage,12,2026-08-12 16:15:15,RESTOCK,,Cage,Cage
7563,8/13/2026 7:50:13,000000000338,Shelf -> Other,1,2026-08-13 07:50:13,TAKEOUT,Shelf,,Shelf
7564,8/13/2026 7:50:21,000000000567,Shelf -> Other,1,2026-08-13 07:50:21,TAKEOUT,Shelf,,Shelf
7565,8/13/2026 7:50:45,000000000789,Shelf -> Other,1,2026-08-13 07:50:45,TAKEOUT,Shelf,,Shelf
7566,8/13/2026 7:50:54,000000000840,Shelf -> Other,2,2026-08-13 07:50:54,TAKEOUT,Shelf,,Shelf
7567,8/13/2026 11:47:18,000000000017,Shelf -> Other,1,2026-08-13 11:47:18,TAKEOUT,Shelf,,Shelf
7568,8/13/2026 11:49:5,000000000840,Shelf -> Other,1,2026-08-13 11:49:05,TAKEOUT,Shelf,,Shelf
7569,8/13/2026 11:50:18,000000001090,Shelf -> Other,1,2026-08-13 11:50:18,TAKEOUT,Shelf,,Shelf
7570,8/13/2026 12:4:2,000000000338,RECOUNT - Shelf,6,2026-08-13 12:04:02,COUNT,,Shelf,Shelf
7571,8/13/2026 12:4:51,000000000338,Cage -> Shelf,6,2026-08-13 12:04:51,TRANSFER,Cage,Shelf,Shelf
7572,8/13/2026 12:6:17,000000000055,Cage -> Shelf,12,2026-08-13 12:06:17,TRANSFER,Cage,Shelf,Shelf
7573,8/13/2026 12:7:17,000000000840,RECOUNT - Shelf,8,2026-08-13 12:07:17,COUNT,,Shelf,Shelf
7574,8/13/2026 12:8:6,000000000840,Cage -> Shelf,10,2026-08-13 12:08:06,TRANSFER,Cage,Shelf,Shelf
7575,8/13/2026 12:8:22,000000000840,RECOUNT - Cage,31,2026-08-13 12:08:22,COUNT,,Cage,Cage
7576,8/13/2026 12:8:40,000000000789,RECOUNT - Cage,5,2026-08-13 12:08:40,COUNT,,Cage,Cage
7577,8/13/2026 12:8:47,000000000789,RECOUNT - Shelf,2,2026-08-13 12:08:47,COUNT,,Shelf,Shelf
7578,8/13/2026 12:8:56,000000000789,Cage -> Shelf,1,2026-08-13 12:08:56,TRANSFER,Cage,Shelf,Shelf
7579,8/13/2026 12:9:55,000000000062,RECOUNT - Shelf,23,2026-08-13 12:09:55,COUNT,,Shelf,Shelf
7580,8/13/2026 12:10:42,000000000062,RECOUNT - Cage,24,2026-08-13 12:10:42,COUNT,,Cage,Cage
7581,8/13/2026 12:11:13,000000000024,RECOUNT - Cage,600,2026-08-13 12:11:13,COUNT,,Cage,Cage
7582,8/13/2026 12:12:59,000000000024,RECOUNT - Shelf,65,2026-08-13 12:12:59,COUNT,,Shelf,Shelf
7583,8/13/2026 12:13:53,000000000000,RECOUNT - Shelf,10,2026-08-13 12:13:53,COUNT,,Shelf,Shelf
7584,8/13/2026 12:14:41,000000000741,RECOUNT - Shelf,1,2026-08-13 12:14:41,COUNT,,Shelf,Shelf
7585,8/13/2026 12:14:48,000000000758,RECOUNT - Shelf,4,2026-08-13 12:14:48,COUNT,,Shelf,Shelf
7586,8/13/2026 12:15:19,000000000741,Cage -> Shelf,3,2026-08-13 12:15:19,TRANSFER,Cage,Shelf,Shelf
7587,8/13/2026 12:16:24,000000000741,RECOUNT - Cage,7,2026-08-13 12:16:24,COUNT,,Cage,Cage
7588,8/13/2026 12:16:31,000000000758,RECOUNT - Cage,8,2026-08-13 12:16:31,COUNT,,Cage,Cage
7589,8/13/2026 12:17:38,000000000574,RECOUNT - Shelf,5,2026-08-13 12:17:38,COUNT,,Shelf,Shelf
7590,8/13/2026 12:17:43,000000000567,RECOUNT - Shelf,7,2026-08-13 12:17:43,COUNT,,Shelf,Shelf
7591,8/13/2026 12:17:49,000000000550,RECOUNT - Shelf,11,2026-08-13 12:17:49,COUNT,,Shelf,Shelf
7592,8/13/2026 12:17:55,000000000543,RECOUNT - Shelf,8,2026-08-13 12:17:55,COUNT,,Shelf,Shelf
7593,8/13/2026 12:18:2,000000001090,RECOUNT - Shelf,7,2026-08-13 12:18:02,COUNT,,Shelf,Shelf
7594,8/15/2026 11:29:26,000000000369,Shelf -> Other,1,2026-08-15 11:29:26,TAKEOUT,Shelf,,Shelf
7595,8/15/2026 20:10:40,000000000338,Shelf -> Other,1,2026-08-15 20:10:40,TAKEOUT,Shelf,,Shelf
7596,8/15/2026 20:11:55,000000000369,Shelf -> Other,1,2026-08-15 20:11:55,TAKEOUT,Shelf,,Shelf
7597,8/15/2026 20:52:13,000000001120,Shelf -> Other,1,2026-08-15 20:52:13,TAKEOUT,Shelf,,Shelf
7598,8/17/2026 19:38:5,000000001144,Shelf -> Other,3,2026-08-17 19:38:05,TAKEOUT,Shelf,,Shelf
7599,8/17/2026 19:38:9,000000001090,Shelf -> Other,1,2026-08-17 19:38:09,TAKEOUT,Shelf,,Shelf
7600,8/18/2026 3:8:37,000000001120,Shelf -> Other,2,2026-08-18 03:08:37,TAKEOUT,Shelf,,Shelf
7601,8/19/2026 10:48:40,000000000369,Shelf -> Other,1,2026-08-19 10:48:40,TAKEOUT,Shelf,,Shelf
7602,8/19/2026 10:48:47,000000000024,Shelf -> Other,3,2026-08-19 10:48:47,TAKEOUT,Shelf,,Shelf
7603,8/19/2026 10:48:52,000000000062,Shelf -> Other,2,2026-08-19 10:48:52,TAKEOUT,Shelf,,Shelf
7604,8/19/2026 10:49:26,000000000109,Shelf -> Other,4,2026-08-19 10:49:26,TAKEOUT,Shelf,,Shelf
7605,8/19/2026 10:49:41,000000001113,Shelf -> Other,5,2026-08-19 10:49:41,TAKEOUT,Shelf,,Shelf
7606,8/19/2026 15:32:33,000000000741,Shelf -> Other,1,2026-08-19 15:32:33,TAKEOUT,Shelf,,Shelf
7607,8/19/2026 21:33:23,000000000369,Shelf -> Other,1,2026-08-19 21:33:23,TAKEOUT,Shelf,,Shelf
7608,8/19/2026 21:34:58,000000000963,Shelf -> Other,1,2026-08-19 21:34:58,TAKEOUT,Shelf,,Shelf
7609,8/19/2026 21:35:55,000000000345,Shelf -> Other,1,2026-08-19 21:35:55,TAKEOUT,Shelf,,Shelf
7610,8/19/2026 21:37:18,000000000291,Shelf -> Other,1,2026-08-19 21:37:18,TAKEOUT,Shelf,,Shelf
7611,8/19/2026 21:38:13,000000000550,Shelf -> Other,1,2026-08-19 21:38:13,TAKEOUT,Shelf,,Shelf
7612,8/19/2026 21:40:5,000000000291,Other -> Shelf,1,2026-08-19 21:40:05,TRANSFER,Other,Shelf,Shelf
7613,8/19/2026 21:41:17,000000001120,Shelf -> Other,3,2026-08-19 21:41:17,TAKEOUT,Shelf,,Shelf
7614,8/19/2026 21:44:33,000000000369,Cage -> Shelf,10,2026-08-19 21:44:33,TRANSFER,Cage,Shelf,Shelf
7615,8/19/2026 21:45:46,000000001120,RECOUNT - Shelf,11,2026-08-19 21:45:46,COUNT,,Shelf,Shelf
7616,8/19/2026 21:46:8,000000000789,RECOUNT - Shelf,3,2026-08-19 21:46:08,COUNT,,Shelf,Shelf
7617,8/19/2026 21:46:17,000000000543,RECOUNT - Shelf,8,2026-08-19 21:46:17,COUNT,,Shelf,Shelf
7618,8/19/2026 21:46:23,000000000574,RECOUNT - Shelf,4,2026-08-19 21:46:23,COUNT,,Shelf,Shelf
7619,8/19/2026 21:46:28,000000000567,RECOUNT - Shelf,7,2026-08-19 21:46:28,COUNT,,Shelf,Shelf
7620,8/19/2026 21:46:35,000000000550,RECOUNT - Shelf,10,2026-08-19 21:46:35,COUNT,,Shelf,Shelf
7621,8/19/2026 21:46:50,000000000963,RECOUNT - Shelf,1,2026-08-19 21:46:50,COUNT,,Shelf,Shelf
7622,8/19/2026 21:47:45,000000000963,Cage -> Shelf,1,2026-08-19 21:47:45,TRANSFER,Cage,Shelf,Shelf
7623,8/19/2026 21:47:54,000000000963,RECOUNT - Cage,3,2026-08-19 21:47:54,COUNT,,Cage,Cage
7624,8/19/2026 21:48:19,000000001090,RECOUNT - Shelf,5,2026-08-19 21:48:19,COUNT,,Shelf,Shelf
7625,8/20/2026 1:21:46,000000000369,Shelf -> Other,1,2026-08-20 01:21:46,TAKEOUT,Shelf,,Shelf
7626,8/20/2026 1:21:54,000000000369,Shelf -> Other,1,2026-08-20 01:21:54,TAKEOUT,Shelf,,Shelf
7627,8/20/2026 16:51:19,000000000000,Shelf -> Other,1,2026-08-20 16:51:19,TAKEOUT,Shelf,,Shelf
7628,8/20/2026 16:51:34,000000000024,Shelf -> Other,3,2026-08-20 16:51:34,TAKEOUT,Shelf,,Shelf
7629,8/20/2026 16:51:54,000000000062,Shelf -> Other,1,2026-08-20 16:51:54,TAKEOUT,Shelf,,Shelf
7630,8/20/2026 16:59:56,000000000024,Shelf -> Other,1,2026-08-20 16:59:56,TAKEOUT,Shelf,,Shelf
7631,8/21/2026 21:57:24,000000001090,Shelf -> Other,2,2026-08-21 21:57:24,TAKEOUT,Shelf,,Shelf
7632,8/21/2026 21:59:16,000000000024,Shelf -> Other,3,2026-08-21 21:59:16,TAKEOUT,Shelf,,Shelf
7633,8/21/2026 21:59:55,000000001045,Shelf -> Other,1,2026-08-21 21:59:55,TAKEOUT,Shelf,,Shelf
7634,8/21/2026 22:5:15,000000000451,Shelf -> Other,1,2026-08-21 22:05:15,TAKEOUT,Shelf,,Shelf
7635,8/22/2026 19:18:37,000000000000,Shelf -> Other,2,2026-08-22 19:18:37,TAKEOUT,Shelf,,Shelf
7636,8/22/2026 19:19:18,000000000024,Shelf -> Other,3,2026-08-22 19:19:18,TAKEOUT,Shelf,,Shelf
7637,8/22/2026 19:19:36,000000000055,Shelf -> Other,1,2026-08-22 19:19:36,TAKEOUT,Shelf,,Shelf
7638,8/23/2026 23:28:56,000000000567,Shelf -> Other,1,2026-08-23 23:28:56,TAKEOUT,Shelf,,Shelf
7639,8/25/2026 6:6:14,000000001120,Shelf -> Other,1,2026-08-25 06:06:14,TAKEOUT,Shelf,,Shelf
7640,8/25/2026 6:7:0,000000000840,Shelf -> Other,1,2026-08-25 06:07:00,TAKEOUT,Shelf,,Shelf
7641,8/25/2026 6:8:43,000000000567,Shelf -> Other,1,2026-08-25 06:08:43,TAKEOUT,Shelf,,Shelf
7642,8/25/2026 11:41:57,000000000000,Shelf -> Other,1,2026-08-25 11:41:57,TAKEOUT,Shelf,,Shelf
7643,8/25/2026 11:42:12,000000000062,Shelf -> Other,2,2026-08-25 11:42:12,TAKEOUT,Shelf,,Shelf
7644,8/25/2026 11:42:59,000000000017,Shelf -> Other,1,2026-08-25 11:42:59,TAKEOUT,Shelf,,Shelf
7645,8/25/2026 14:13:15,000000000918,Shelf -> Other,1,2026-08-25 14:13:15,TAKEOUT,Shelf,,Shelf
7646,8/25/2026 16:13:25,000000000338,Shelf -> Other,1,2026-08-25 16:13:25,TAKEOUT,Shelf,,Shelf
7647,8/25/2026 17:30:31,000000001137,Shelf -> Other,1,2026-08-25 17:30:31,TAKEOUT,Shelf,,Shelf
7648,8/25/2026 20:33:19,000000001090,Shelf -> Other,1,2026-08-25 20:33:19,TAKEOUT,Shelf,,Shelf
7649,8/25/2026 20:33:58,000000001144,Shelf -> Other,1,2026-08-25 20:33:58,TAKEOUT,Shelf,,Shelf
7650,8/26/2026 19:33:56,000000000024,Shelf -> Other,4,2026-08-26 19:33:56,TAKEOUT,Shelf,,Shelf
7651,8/26/2026 22:52:1,000000000000,RECOUNT - Shelf,7,2026-08-26 22:52:01,COUNT,,Shelf,Shelf
7652,8/26/2026 22:54:55,000000000000,Cage -> Shelf,3,2026-08-26 22:54:55,TRANSFER,Cage,Shelf,Shelf
7653,8/26/2026 22:55:33,000000001014,RECOUNT - Shelf,1,2026-08-26 22:55:33,COUNT,,Shelf,Shelf
7654,8/26/2026 22:55:39,000000001045,RECOUNT - Shelf,1,2026-08-26 22:55:39,COUNT,,Shelf,Shelf
7655,8/26/2026 22:56:2,000000001113,RECOUNT - Shelf,152,2026-08-26 22:56:02,COUNT,,Shelf,Shelf
7656,8/26/2026 22:56:19,000000001113,Shelf -> Cage,100,2026-08-26 22:56:19,TRANSFER,Shelf,Cage,Cage
7657,8/26/2026 22:57:56,000000001045,RECOUNT - Cage,3,2026-08-26 22:57:56,COUNT,,Cage,Cage
7658,8/26/2026 22:58:1,000000001014,RECOUNT - Cage,5,2026-08-26 22:58:01,COUNT,,Cage,Cage
7659,8/26/2026 22:59:9,000000001045,Cage -> Shelf,1,2026-08-26 22:59:09,TRANSFER,Cage,Shelf,Shelf
7660,8/26/2026 22:59:14,000000001014,Cage -> Shelf,1,2026-08-26 22:59:14,TRANSFER,Cage,Shelf,Shelf
7661,8/26/2026 23:1:13,000000000550,Cage -> Shelf,1,2026-08-26 23:01:13,TRANSFER,Cage,Shelf,Shelf
7662,8/26/2026 23:1:51,000000000567,Cage -> Shelf,3,2026-08-26 23:01:51,TRANSFER,Cage,Shelf,Shelf
7663,8/26/2026 23:2:43,000000000574,Cage -> Shelf,4,2026-08-26 23:02:43,TRANSFER,Cage,Shelf,Shelf
7664,8/26/2026 23:3:7,000000001090,RECOUNT - Shelf,2,2026-08-26 23:03:07,COUNT,,Shelf,Shelf
7665,8/26/2026 23:3:47,000000001090,Cage -> Shelf,5,2026-08-26 23:03:47,TRANSFER,Cage,Shelf,Shelf
7666,8/26/2026 23:4:13,000000000451,RECOUNT - Shelf,4,2026-08-26 23:04:13,COUNT,,Shelf,Shelf
7667,8/26/2026 23:4:33,000000000536,RECOUNT - Shelf,4,2026-08-26 23:04:33,COUNT,,Shelf,Shelf
7668,8/26/2026 23:8:49,000000000451,RECOUNT - Cage,10,2026-08-26 23:08:49,COUNT,,Cage,Cage
7669,8/26/2026 23:8:58,000000000536,RECOUNT - Cage,10,2026-08-26 23:08:58,COUNT,,Cage,Cage
7670,8/26/2026 23:11:0,000000000338,RECOUNT - Shelf,10,2026-08-26 23:11:00,COUNT,,Shelf,Shelf
7671,8/26/2026 23:11:9,000000000338,Cage -> Shelf,5,2026-08-26 23:11:09,TRANSFER,Cage,Shelf,Shelf
7672,8/26/2026 23:12:5,000000000338,RECOUNT - Cage,18,2026-08-26 23:12:05,COUNT,,Cage,Cage
7673,8/26/2026 23:12:51,000000000369,RECOUNT - Shelf,25,2026-08-26 23:12:51,COUNT,,Shelf,Shelf
7674,8/26/2026 23:13:34,000000000369,Cage -> Shelf,10,2026-08-26 23:13:34,TRANSFER,Cage,Shelf,Shelf
7675,8/26/2026 23:14:35,000000000369,Cage -> Shelf,2,2026-08-26 23:14:35,TRANSFER,Cage,Shelf,Shelf
7676,8/26/2026 23:14:46,000000000369,RECOUNT - Cage,0,2026-08-26 23:14:46,COUNT,,Cage,Cage
7677,8/26/2026 23:17:5,000000000758,RECOUNT - Shelf,3,2026-08-26 23:17:05,COUNT,,Shelf,Shelf
7678,8/26/2026 23:17:11,000000000741,RECOUNT - Shelf,3,2026-08-26 23:17:11,COUNT,,Shelf,Shelf
7679,8/26/2026 23:17:19,000000000567,RECOUNT - Shelf,8,2026-08-26 23:17:19,COUNT,,Shelf,Shelf
7680,8/26/2026 23:17:25,000000000574,RECOUNT - Shelf,8,2026-08-26 23:17:25,COUNT,,Shelf,Shelf
7681,8/26/2026 23:17:33,000000000550,RECOUNT - Shelf,11,2026-08-26 23:17:33,COUNT,,Shelf,Shelf
7682,8/26/2026 23:17:41,000000000543,RECOUNT - Shelf,8,2026-08-26 23:17:41,COUNT,,Shelf,Shelf
7683,8/27/2026 9:35:54,000000000369,Shelf -> Other,1,2026-08-27 09:35:54,TAKEOUT,Shelf,,Shelf
7684,8/27/2026 21:11:15,000000001045,Shelf -> Other,1,2026-08-27 21:11:15,TAKEOUT,Shelf,,Shelf
7685,8/29/2026 0:24:50,000000000338,Shelf -> Other,1,2026-08-29 00:24:50,TAKEOUT,Shelf,,Shelf
7686,8/29/2026 12:29:19,000000000369,Shelf -> Other,2,2026-08-29 12:29:19,TAKEOUT,Shelf,,Shelf
7687,8/29/2026 12:29:45,000000000369,Shelf -> Other,2,2026-08-29 12:29:45,TAKEOUT,Shelf,,Shelf
7688,8/29/2026 12:57:45,000000000567,Shelf -> Other,1,2026-08-29 12:57:45,TAKEOUT,Shelf,,Shelf
7689,8/30/2026 4:23:12,000000000338,Shelf -> Other,1,2026-08-30 04:23:12,TAKEOUT,Shelf,,Shelf
7690,8/30/2026 4:23:25,000000000550,Shelf -> Other,1,2026-08-30 04:23:25,TAKEOUT,Shelf,,Shelf
7691,8/31/2026 18:5:4,000000000369,Shelf -> Other,4,2026-08-31 18:05:04,TAKEOUT,Shelf,,Shelf
7692,8/31/2026 18:5:13,000000000338,Shelf -> Other,1,2026-08-31 18:05:13,TAKEOUT,Shelf,,Shelf
